Year,SERIES,REF_AREA,COMPOSITE_BREAKDOWN,UNIT_MEASURE,DATA_LAST_UPDATE,OBS_STATUS,UNIT_MULT,BASE_PER,TIME_DETAIL,COMMENT_OBS,SOURCE_DETAIL,Value
2000,EG_IFF_RANDN,231,None,CON_USD,2025-03-14T00:00:00,A,6,2022,2023,"Commitments by recipient country, in million USD at 2022 prices and exchange rates (using donor country deflators). The aggregated figures only include the historical list of developing countries with a few modifications to account for the shifting nature of international public finance.","DAC Statistics database, 2025, The Organisation for Economic Co-operation and Development (OECD) and IRENA Public Finance Database, 2025, The international Renewable Energy Agency (IRENA)",1.56
2001,EG_IFF_RANDN,231,None,CON_USD,2025-03-14T00:00:00,A,6,2022,2023,"Commitments by recipient country, in million USD at 2022 prices and exchange rates (using donor country deflators). The aggregated figures only include the historical list of developing countries with a few modifications to account for the shifting nature of international public finance.","DAC Statistics database, 2025, The Organisation for Economic Co-operation and Development (OECD) and IRENA Public Finance Database, 2025, The international Renewable Energy Agency (IRENA)",0.82
2002,EG_IFF_RANDN,231,None,CON_USD,2025-03-14T00:00:00,A,6,2022,2023,"Commitments by recipient country, in million USD at 2022 prices and exchange rates (using donor country deflators). The aggregated figures only include the historical list of developing countries with a few modifications to account for the shifting nature of international public finance.","DAC Statistics database, 2025, The Organisation for Economic Co-operation and Development (OECD) and IRENA Public Finance Database, 2025, The international Renewable Energy Agency (IRENA)",99.15
2003,EG_IFF_RANDN,231,None,CON_USD,2025-03-14T00:00:00,A,6,2022,2023,"Commitments by recipient country, in million USD at 2022 prices and exchange rates (using donor country deflators). The aggregated figures only include the historical list of developing countries with a few modifications to account for the shifting nature of international public finance.","DAC Statistics database, 2025, The Organisation for Economic Co-operation and Development (OECD) and IRENA Public Finance Database, 2025, The international Renewable Energy Agency (IRENA)",10.45
2004,EG_IFF_RANDN,231,None,CON_USD,2025-03-14T00:00:00,A,6,2022,2023,"Commitments by recipient country, in million USD at 2022 prices and exchange rates (using donor country deflators). The aggregated figures only include the historical list of developing countries with a few modifications to account for the shifting nature of international public finance.","DAC Statistics database, 2025, The Organisation for Economic Co-operation and Development (OECD) and IRENA Public Finance Database, 2025, The international Renewable Energy Agency (IRENA)",0.74
2005,EG_IFF_RANDN,231,None,CON_USD,2025-03-14T00:00:00,A,6,2022,2023,"Commitments by recipient country, in million USD at 2022 prices and exchange rates (using donor country deflators). The aggregated figures only include the historical list of developing countries with a few modifications to account for the shifting nature of international public finance.","DAC Statistics database, 2025, The Organisation for Economic Co-operation and Development (OECD) and IRENA Public Finance Database, 2025, The international Renewable Energy Agency (IRENA)",366.02
2006,EG_IFF_RANDN,231,None,CON_USD,2025-03-14T00:00:00,A,6,2022,2023,"Commitments by recipient country, in million USD at 2022 prices and exchange rates (using donor country deflators). The aggregated figures only include the historical list of developing countries with a few modifications to account for the shifting nature of international public finance.","DAC Statistics database, 2025, The Organisation for Economic Co-operation and Development (OECD) and IRENA Public Finance Database, 2025, The international Renewable Energy Agency (IRENA)",0.46
2007,EG_IFF_RANDN,231,None,CON_USD,2025-03-14T00:00:00,A,6,2022,2023,"Commitments by recipient country, in million USD at 2022 prices and exchange rates (using donor country deflators). The aggregated figures only include the historical list of developing countries with a few modifications to account for the shifting nature of international public finance.","DAC Statistics database, 2025, The Organisation for Economic Co-operation and Development (OECD) and IRENA Public Finance Database, 2025, The international Renewable Energy Agency (IRENA)",223.57
2008,EG_IFF_RANDN,231,None,CON_USD,2025-03-14T00:00:00,A,6,2022,2023,"Commitments by recipient country, in million USD at 2022 prices and exchange rates (using donor country deflators). The aggregated figures only include the historical list of developing countries with a few modifications to account for the shifting nature of international public finance.","DAC Statistics database, 2025, The Organisation for Economic Co-operation and Development (OECD) and IRENA Public Finance Database, 2025, The international Renewable Energy Agency (IRENA)",0.33
2009,EG_IFF_RANDN,231,None,CON_USD,2025-03-14T00:00:00,A,6,2022,2023,"Commitments by recipient country, in million USD at 2022 prices and exchange rates (using donor country deflators). The aggregated figures only include the historical list of developing countries with a few modifications to account for the shifting nature of international public finance.","DAC Statistics database, 2025, The Organisation for Economic Co-operation and Development (OECD) and IRENA Public Finance Database, 2025, The international Renewable Energy Agency (IRENA)",480.32
2010,EG_IFF_RANDN,231,None,CON_USD,2025-03-14T00:00:00,A,6,2022,2023,"Commitments by recipient country, in million USD at 2022 prices and exchange rates (using donor country deflators). The aggregated figures only include the historical list of developing countries with a few modifications to account for the shifting nature of international public finance.","DAC Statistics database, 2025, The Organisation for Economic Co-operation and Development (OECD) and IRENA Public Finance Database, 2025, The international Renewable Energy Agency (IRENA)",233.21
2011,EG_IFF_RANDN,231,None,CON_USD,2025-03-14T00:00:00,A,6,2022,2023,"Commitments by recipient country, in million USD at 2022 prices and exchange rates (using donor country deflators). The aggregated figures only include the historical list of developing countries with a few modifications to account for the shifting nature of international public finance.","DAC Statistics database, 2025, The Organisation for Economic Co-operation and Development (OECD) and IRENA Public Finance Database, 2025, The international Renewable Energy Agency (IRENA)",0.69
2012,EG_IFF_RANDN,231,None,CON_USD,2025-03-14T00:00:00,A,6,2022,2023,"Commitments by recipient country, in million USD at 2022 prices and exchange rates (using donor country deflators). The aggregated figures only include the historical list of developing countries with a few modifications to account for the shifting nature of international public finance.","DAC Statistics database, 2025, The Organisation for Economic Co-operation and Development (OECD) and IRENA Public Finance Database, 2025, The international Renewable Energy Agency (IRENA)",61.01
2013,EG_IFF_RANDN,231,None,CON_USD,2025-03-14T00:00:00,A,6,2022,2023,"Commitments by recipient country, in million USD at 2022 prices and exchange rates (using donor country deflators). The aggregated figures only include the historical list of developing countries with a few modifications to account for the shifting nature of international public finance.","DAC Statistics database, 2025, The Organisation for Economic Co-operation and Development (OECD) and IRENA Public Finance Database, 2025, The international Renewable Energy Agency (IRENA)",527.6
2014,EG_IFF_RANDN,231,None,CON_USD,2025-03-14T00:00:00,A,6,2022,2023,"Commitments by recipient country, in million USD at 2022 prices and exchange rates (using donor country deflators). The aggregated figures only include the historical list of developing countries with a few modifications to account for the shifting nature of international public finance.","DAC Statistics database, 2025, The Organisation for Economic Co-operation and Development (OECD) and IRENA Public Finance Database, 2025, The international Renewable Energy Agency (IRENA)",207.17
2015,EG_IFF_RANDN,231,None,CON_USD,2025-03-14T00:00:00,A,6,2022,2023,"Commitments by recipient country, in million USD at 2022 prices and exchange rates (using donor country deflators). The aggregated figures only include the historical list of developing countries with a few modifications to account for the shifting nature of international public finance.","DAC Statistics database, 2025, The Organisation for Economic Co-operation and Development (OECD) and IRENA Public Finance Database, 2025, The international Renewable Energy Agency (IRENA)",57.01
2016,EG_IFF_RANDN,231,None,CON_USD,2025-03-14T00:00:00,A,6,2022,2023,"Commitments by recipient country, in million USD at 2022 prices and exchange rates (using donor country deflators). The aggregated figures only include the historical list of developing countries with a few modifications to account for the shifting nature of international public finance.","DAC Statistics database, 2025, The Organisation for Economic Co-operation and Development (OECD) and IRENA Public Finance Database, 2025, The international Renewable Energy Agency (IRENA)",345.17
2017,EG_IFF_RANDN,231,None,CON_USD,2025-03-14T00:00:00,A,6,2022,2023,"Commitments by recipient country, in million USD at 2022 prices and exchange rates (using donor country deflators). The aggregated figures only include the historical list of developing countries with a few modifications to account for the shifting nature of international public finance.","DAC Statistics database, 2025, The Organisation for Economic Co-operation and Development (OECD) and IRENA Public Finance Database, 2025, The international Renewable Energy Agency (IRENA)",381.81
2018,EG_IFF_RANDN,231,None,CON_USD,2025-03-14T00:00:00,A,6,2022,2023,"Commitments by recipient country, in million USD at 2022 prices and exchange rates (using donor country deflators). The aggregated figures only include the historical list of developing countries with a few modifications to account for the shifting nature of international public finance.","DAC Statistics database, 2025, The Organisation for Economic Co-operation and Development (OECD) and IRENA Public Finance Database, 2025, The international Renewable Energy Agency (IRENA)",49.16
2019,EG_IFF_RANDN,231,None,CON_USD,2025-03-14T00:00:00,A,6,2022,2023,"Commitments by recipient country, in million USD at 2022 prices and exchange rates (using donor country deflators). The aggregated figures only include the historical list of developing countries with a few modifications to account for the shifting nature of international public finance.","DAC Statistics database, 2025, The Organisation for Economic Co-operation and Development (OECD) and IRENA Public Finance Database, 2025, The international Renewable Energy Agency (IRENA)",60.81
2020,EG_IFF_RANDN,231,None,CON_USD,2025-03-14T00:00:00,A,6,2022,2023,"Commitments by recipient country, in million USD at 2022 prices and exchange rates (using donor country deflators). The aggregated figures only include the historical list of developing countries with a few modifications to account for the shifting nature of international public finance.","DAC Statistics database, 2025, The Organisation for Economic Co-operation and Development (OECD) and IRENA Public Finance Database, 2025, The international Renewable Energy Agency (IRENA)",4.05
2021,EG_IFF_RANDN,231,None,CON_USD,2025-03-14T00:00:00,A,6,2022,2023,"Commitments by recipient country, in million USD at 2022 prices and exchange rates (using donor country deflators). The aggregated figures only include the historical list of developing countries with a few modifications to account for the shifting nature of international public finance.","DAC Statistics database, 2025, The Organisation for Economic Co-operation and Development (OECD) and IRENA Public Finance Database, 2025, The international Renewable Energy Agency (IRENA)",399.81
2022,EG_IFF_RANDN,231,None,CON_USD,2025-03-14T00:00:00,A,6,2022,2023,"Commitments by recipient country, in million USD at 2022 prices and exchange rates (using donor country deflators). The aggregated figures only include the historical list of developing countries with a few modifications to account for the shifting nature of international public finance.","DAC Statistics database, 2025, The Organisation for Economic Co-operation and Development (OECD) and IRENA Public Finance Database, 2025, The international Renewable Energy Agency (IRENA)",1.37
2023,EG_IFF_RANDN,231,None,CON_USD,2025-03-14T00:00:00,A,6,2022,2023,"Commitments by recipient country, in million USD at 2022 prices and exchange rates (using donor country deflators). The aggregated figures only include the historical list of developing countries with a few modifications to account for the shifting nature of international public finance.","DAC Statistics database, 2025, The Organisation for Economic Co-operation and Development (OECD) and IRENA Public Finance Database, 2025, The international Renewable Energy Agency (IRENA)",32.87
2000,EG_IFF_RANDN,231,TRT_BIOENERGY,CON_USD,2025-03-14T00:00:00,A,6,2022,2023,"Commitments by recipient country, in million USD at 2022 prices and exchange rates (using donor country deflators). The aggregated figures only include the historical list of developing countries with a few modifications to account for the shifting nature of international public finance.","DAC Statistics database, 2025, The Organisation for Economic Co-operation and Development (OECD) and IRENA Public Finance Database, 2025, The international Renewable Energy Agency (IRENA)",1.56
2001,EG_IFF_RANDN,231,TRT_BIOENERGY,CON_USD,2025-03-14T00:00:00,A,6,2022,2023,"Commitments by recipient country, in million USD at 2022 prices and exchange rates (using donor country deflators). The aggregated figures only include the historical list of developing countries with a few modifications to account for the shifting nature of international public finance.","DAC Statistics database, 2025, The Organisation for Economic Co-operation and Development (OECD) and IRENA Public Finance Database, 2025, The international Renewable Energy Agency (IRENA)",0.11
2002,EG_IFF_RANDN,231,TRT_BIOENERGY,CON_USD,2025-03-14T00:00:00,A,6,2022,2023,"Commitments by recipient country, in million USD at 2022 prices and exchange rates (using donor country deflators). The aggregated figures only include the historical list of developing countries with a few modifications to account for the shifting nature of international public finance.","DAC Statistics database, 2025, The Organisation for Economic Co-operation and Development (OECD) and IRENA Public Finance Database, 2025, The international Renewable Energy Agency (IRENA)",1.13
2003,EG_IFF_RANDN,231,TRT_BIOENERGY,CON_USD,2025-03-14T00:00:00,A,6,2022,2023,"Commitments by recipient country, in million USD at 2022 prices and exchange rates (using donor country deflators). The aggregated figures only include the historical list of developing countries with a few modifications to account for the shifting nature of international public finance.","DAC Statistics database, 2025, The Organisation for Economic Co-operation and Development (OECD) and IRENA Public Finance Database, 2025, The international Renewable Energy Agency (IRENA)",0.0
2004,EG_IFF_RANDN,231,TRT_BIOENERGY,CON_USD,2025-03-14T00:00:00,A,6,2022,2023,"Commitments by recipient country, in million USD at 2022 prices and exchange rates (using donor country deflators). The aggregated figures only include the historical list of developing countries with a few modifications to account for the shifting nature of international public finance.","DAC Statistics database, 2025, The Organisation for Economic Co-operation and Development (OECD) and IRENA Public Finance Database, 2025, The international Renewable Energy Agency (IRENA)",0.05
2005,EG_IFF_RANDN,231,TRT_BIOENERGY,CON_USD,2025-03-14T00:00:00,A,6,2022,2023,"Commitments by recipient country, in million USD at 2022 prices and exchange rates (using donor country deflators). The aggregated figures only include the historical list of developing countries with a few modifications to account for the shifting nature of international public finance.","DAC Statistics database, 2025, The Organisation for Economic Co-operation and Development (OECD) and IRENA Public Finance Database, 2025, The international Renewable Energy Agency (IRENA)",0.08
2006,EG_IFF_RANDN,231,TRT_BIOENERGY,CON_USD,2025-03-14T00:00:00,A,6,2022,2023,"Commitments by recipient country, in million USD at 2022 prices and exchange rates (using donor country deflators). The aggregated figures only include the historical list of developing countries with a few modifications to account for the shifting nature of international public finance.","DAC Statistics database, 2025, The Organisation for Economic Co-operation and Development (OECD) and IRENA Public Finance Database, 2025, The international Renewable Energy Agency (IRENA)",0.0
2007,EG_IFF_RANDN,231,TRT_BIOENERGY,CON_USD,2025-03-14T00:00:00,A,6,2022,2023,"Commitments by recipient country, in million USD at 2022 prices and exchange rates (using donor country deflators). The aggregated figures only include the historical list of developing countries with a few modifications to account for the shifting nature of international public finance.","DAC Statistics database, 2025, The Organisation for Economic Co-operation and Development (OECD) and IRENA Public Finance Database, 2025, The international Renewable Energy Agency (IRENA)",0.0
2008,EG_IFF_RANDN,231,TRT_BIOENERGY,CON_USD,2025-03-14T00:00:00,A,6,2022,2023,"Commitments by recipient country, in million USD at 2022 prices and exchange rates (using donor country deflators). The aggregated figures only include the historical list of developing countries with a few modifications to account for the shifting nature of international public finance.","DAC Statistics database, 2025, The Organisation for Economic Co-operation and Development (OECD) and IRENA Public Finance Database, 2025, The international Renewable Energy Agency (IRENA)",0.02
2009,EG_IFF_RANDN,231,TRT_BIOENERGY,CON_USD,2025-03-14T00:00:00,A,6,2022,2023,"Commitments by recipient country, in million USD at 2022 prices and exchange rates (using donor country deflators). The aggregated figures only include the historical list of developing countries with a few modifications to account for the shifting nature of international public finance.","DAC Statistics database, 2025, The Organisation for Economic Co-operation and Development (OECD) and IRENA Public Finance Database, 2025, The international Renewable Energy Agency (IRENA)",0.0
2010,EG_IFF_RANDN,231,TRT_BIOENERGY,CON_USD,2025-03-14T00:00:00,A,6,2022,2023,"Commitments by recipient country, in million USD at 2022 prices and exchange rates (using donor country deflators). The aggregated figures only include the historical list of developing countries with a few modifications to account for the shifting nature of international public finance.","DAC Statistics database, 2025, The Organisation for Economic Co-operation and Development (OECD) and IRENA Public Finance Database, 2025, The international Renewable Energy Agency (IRENA)",0.0
2011,EG_IFF_RANDN,231,TRT_BIOENERGY,CON_USD,2025-03-14T00:00:00,A,6,2022,2023,"Commitments by recipient country, in million USD at 2022 prices and exchange rates (using donor country deflators). The aggregated figures only include the historical list of developing countries with a few modifications to account for the shifting nature of international public finance.","DAC Statistics database, 2025, The Organisation for Economic Co-operation and Development (OECD) and IRENA Public Finance Database, 2025, The international Renewable Energy Agency (IRENA)",0.0
2012,EG_IFF_RANDN,231,TRT_BIOENERGY,CON_USD,2025-03-14T00:00:00,A,6,2022,2023,"Commitments by recipient country, in million USD at 2022 prices and exchange rates (using donor country deflators). The aggregated figures only include the historical list of developing countries with a few modifications to account for the shifting nature of international public finance.","DAC Statistics database, 2025, The Organisation for Economic Co-operation and Development (OECD) and IRENA Public Finance Database, 2025, The international Renewable Energy Agency (IRENA)",0.04
2013,EG_IFF_RANDN,231,TRT_BIOENERGY,CON_USD,2025-03-14T00:00:00,A,6,2022,2023,"Commitments by recipient country, in million USD at 2022 prices and exchange rates (using donor country deflators). The aggregated figures only include the historical list of developing countries with a few modifications to account for the shifting nature of international public finance.","DAC Statistics database, 2025, The Organisation for Economic Co-operation and Development (OECD) and IRENA Public Finance Database, 2025, The international Renewable Energy Agency (IRENA)",0.07
2014,EG_IFF_RANDN,231,TRT_BIOENERGY,CON_USD,2025-03-14T00:00:00,A,6,2022,2023,"Commitments by recipient country, in million USD at 2022 prices and exchange rates (using donor country deflators). The aggregated figures only include the historical list of developing countries with a few modifications to account for the shifting nature of international public finance.","DAC Statistics database, 2025, The Organisation for Economic Co-operation and Development (OECD) and IRENA Public Finance Database, 2025, The international Renewable Energy Agency (IRENA)",0.01
2015,EG_IFF_RANDN,231,TRT_BIOENERGY,CON_USD,2025-03-14T00:00:00,A,6,2022,2023,"Commitments by recipient country, in million USD at 2022 prices and exchange rates (using donor country deflators). The aggregated figures only include the historical list of developing countries with a few modifications to account for the shifting nature of international public finance.","DAC Statistics database, 2025, The Organisation for Economic Co-operation and Development (OECD) and IRENA Public Finance Database, 2025, The international Renewable Energy Agency (IRENA)",25.6
2016,EG_IFF_RANDN,231,TRT_BIOENERGY,CON_USD,2025-03-14T00:00:00,A,6,2022,2023,"Commitments by recipient country, in million USD at 2022 prices and exchange rates (using donor country deflators). The aggregated figures only include the historical list of developing countries with a few modifications to account for the shifting nature of international public finance.","DAC Statistics database, 2025, The Organisation for Economic Co-operation and Development (OECD) and IRENA Public Finance Database, 2025, The international Renewable Energy Agency (IRENA)",0.0
2017,EG_IFF_RANDN,231,TRT_BIOENERGY,CON_USD,2025-03-14T00:00:00,A,6,2022,2023,"Commitments by recipient country, in million USD at 2022 prices and exchange rates (using donor country deflators). The aggregated figures only include the historical list of developing countries with a few modifications to account for the shifting nature of international public finance.","DAC Statistics database, 2025, The Organisation for Economic Co-operation and Development (OECD) and IRENA Public Finance Database, 2025, The international Renewable Energy Agency (IRENA)",0.0
2018,EG_IFF_RANDN,231,TRT_BIOENERGY,CON_USD,2025-03-14T00:00:00,A,6,2022,2023,"Commitments by recipient country, in million USD at 2022 prices and exchange rates (using donor country deflators). The aggregated figures only include the historical list of developing countries with a few modifications to account for the shifting nature of international public finance.","DAC Statistics database, 2025, The Organisation for Economic Co-operation and Development (OECD) and IRENA Public Finance Database, 2025, The international Renewable Energy Agency (IRENA)",0.0
2019,EG_IFF_RANDN,231,TRT_BIOENERGY,CON_USD,2025-03-14T00:00:00,A,6,2022,2023,"Commitments by recipient country, in million USD at 2022 prices and exchange rates (using donor country deflators). The aggregated figures only include the historical list of developing countries with a few modifications to account for the shifting nature of international public finance.","DAC Statistics database, 2025, The Organisation for Economic Co-operation and Development (OECD) and IRENA Public Finance Database, 2025, The international Renewable Energy Agency (IRENA)",0.0
2020,EG_IFF_RANDN,231,TRT_BIOENERGY,CON_USD,2025-03-14T00:00:00,A,6,2022,2023,"Commitments by recipient country, in million USD at 2022 prices and exchange rates (using donor country deflators). The aggregated figures only include the historical list of developing countries with a few modifications to account for the shifting nature of international public finance.","DAC Statistics database, 2025, The Organisation for Economic Co-operation and Development (OECD) and IRENA Public Finance Database, 2025, The international Renewable Energy Agency (IRENA)",0.0
2021,EG_IFF_RANDN,231,TRT_BIOENERGY,CON_USD,2025-03-14T00:00:00,A,6,2022,2023,"Commitments by recipient country, in million USD at 2022 prices and exchange rates (using donor country deflators). The aggregated figures only include the historical list of developing countries with a few modifications to account for the shifting nature of international public finance.","DAC Statistics database, 2025, The Organisation for Economic Co-operation and Development (OECD) and IRENA Public Finance Database, 2025, The international Renewable Energy Agency (IRENA)",0.0
2022,EG_IFF_RANDN,231,TRT_BIOENERGY,CON_USD,2025-03-14T00:00:00,A,6,2022,2023,"Commitments by recipient country, in million USD at 2022 prices and exchange rates (using donor country deflators). The aggregated figures only include the historical list of developing countries with a few modifications to account for the shifting nature of international public finance.","DAC Statistics database, 2025, The Organisation for Economic Co-operation and Development (OECD) and IRENA Public Finance Database, 2025, The international Renewable Energy Agency (IRENA)",0.04
2023,EG_IFF_RANDN,231,TRT_BIOENERGY,CON_USD,2025-03-14T00:00:00,A,6,2022,2023,"Commitments by recipient country, in million USD at 2022 prices and exchange rates (using donor country deflators). The aggregated figures only include the historical list of developing countries with a few modifications to account for the shifting nature of international public finance.","DAC Statistics database, 2025, The Organisation for Economic Co-operation and Development (OECD) and IRENA Public Finance Database, 2025, The international Renewable Energy Agency (IRENA)",0.0
2000,EG_IFF_RANDN,231,TRT_GEOTHERMAL,CON_USD,2025-03-14T00:00:00,A,6,2022,2023,"Commitments by recipient country, in million USD at 2022 prices and exchange rates (using donor country deflators). The aggregated figures only include the historical list of developing countries with a few modifications to account for the shifting nature of international public finance.","DAC Statistics database, 2025, The Organisation for Economic Co-operation and Development (OECD) and IRENA Public Finance Database, 2025, The international Renewable Energy Agency (IRENA)",0.0
2001,EG_IFF_RANDN,231,TRT_GEOTHERMAL,CON_USD,2025-03-14T00:00:00,A,6,2022,2023,"Commitments by recipient country, in million USD at 2022 prices and exchange rates (using donor country deflators). The aggregated figures only include the historical list of developing countries with a few modifications to account for the shifting nature of international public finance.","DAC Statistics database, 2025, The Organisation for Economic Co-operation and Development (OECD) and IRENA Public Finance Database, 2025, The international Renewable Energy Agency (IRENA)",0.0
2002,EG_IFF_RANDN,231,TRT_GEOTHERMAL,CON_USD,2025-03-14T00:00:00,A,6,2022,2023,"Commitments by recipient country, in million USD at 2022 prices and exchange rates (using donor country deflators). The aggregated figures only include the historical list of developing countries with a few modifications to account for the shifting nature of international public finance.","DAC Statistics database, 2025, The Organisation for Economic Co-operation and Development (OECD) and IRENA Public Finance Database, 2025, The international Renewable Energy Agency (IRENA)",0.0
2003,EG_IFF_RANDN,231,TRT_GEOTHERMAL,CON_USD,2025-03-14T00:00:00,A,6,2022,2023,"Commitments by recipient country, in million USD at 2022 prices and exchange rates (using donor country deflators). The aggregated figures only include the historical list of developing countries with a few modifications to account for the shifting nature of international public finance.","DAC Statistics database, 2025, The Organisation for Economic Co-operation and Development (OECD) and IRENA Public Finance Database, 2025, The international Renewable Energy Agency (IRENA)",0.0
2004,EG_IFF_RANDN,231,TRT_GEOTHERMAL,CON_USD,2025-03-14T00:00:00,A,6,2022,2023,"Commitments by recipient country, in million USD at 2022 prices and exchange rates (using donor country deflators). The aggregated figures only include the historical list of developing countries with a few modifications to account for the shifting nature of international public finance.","DAC Statistics database, 2025, The Organisation for Economic Co-operation and Development (OECD) and IRENA Public Finance Database, 2025, The international Renewable Energy Agency (IRENA)",0.07
2005,EG_IFF_RANDN,231,TRT_GEOTHERMAL,CON_USD,2025-03-14T00:00:00,A,6,2022,2023,"Commitments by recipient country, in million USD at 2022 prices and exchange rates (using donor country deflators). The aggregated figures only include the historical list of developing countries with a few modifications to account for the shifting nature of international public finance.","DAC Statistics database, 2025, The Organisation for Economic Co-operation and Development (OECD) and IRENA Public Finance Database, 2025, The international Renewable Energy Agency (IRENA)",0.08
2006,EG_IFF_RANDN,231,TRT_GEOTHERMAL,CON_USD,2025-03-14T00:00:00,A,6,2022,2023,"Commitments by recipient country, in million USD at 2022 prices and exchange rates (using donor country deflators). The aggregated figures only include the historical list of developing countries with a few modifications to account for the shifting nature of international public finance.","DAC Statistics database, 2025, The Organisation for Economic Co-operation and Development (OECD) and IRENA Public Finance Database, 2025, The international Renewable Energy Agency (IRENA)",0.0
2007,EG_IFF_RANDN,231,TRT_GEOTHERMAL,CON_USD,2025-03-14T00:00:00,A,6,2022,2023,"Commitments by recipient country, in million USD at 2022 prices and exchange rates (using donor country deflators). The aggregated figures only include the historical list of developing countries with a few modifications to account for the shifting nature of international public finance.","DAC Statistics database, 2025, The Organisation for Economic Co-operation and Development (OECD) and IRENA Public Finance Database, 2025, The international Renewable Energy Agency (IRENA)",0.0
2008,EG_IFF_RANDN,231,TRT_GEOTHERMAL,CON_USD,2025-03-14T00:00:00,A,6,2022,2023,"Commitments by recipient country, in million USD at 2022 prices and exchange rates (using donor country deflators). The aggregated figures only include the historical list of developing countries with a few modifications to account for the shifting nature of international public finance.","DAC Statistics database, 2025, The Organisation for Economic Co-operation and Development (OECD) and IRENA Public Finance Database, 2025, The international Renewable Energy Agency (IRENA)",0.0
2009,EG_IFF_RANDN,231,TRT_GEOTHERMAL,CON_USD,2025-03-14T00:00:00,A,6,2022,2023,"Commitments by recipient country, in million USD at 2022 prices and exchange rates (using donor country deflators). The aggregated figures only include the historical list of developing countries with a few modifications to account for the shifting nature of international public finance.","DAC Statistics database, 2025, The Organisation for Economic Co-operation and Development (OECD) and IRENA Public Finance Database, 2025, The international Renewable Energy Agency (IRENA)",0.0
2010,EG_IFF_RANDN,231,TRT_GEOTHERMAL,CON_USD,2025-03-14T00:00:00,A,6,2022,2023,"Commitments by recipient country, in million USD at 2022 prices and exchange rates (using donor country deflators). The aggregated figures only include the historical list of developing countries with a few modifications to account for the shifting nature of international public finance.","DAC Statistics database, 2025, The Organisation for Economic Co-operation and Development (OECD) and IRENA Public Finance Database, 2025, The international Renewable Energy Agency (IRENA)",0.5
2011,EG_IFF_RANDN,231,TRT_GEOTHERMAL,CON_USD,2025-03-14T00:00:00,A,6,2022,2023,"Commitments by recipient country, in million USD at 2022 prices and exchange rates (using donor country deflators). The aggregated figures only include the historical list of developing countries with a few modifications to account for the shifting nature of international public finance.","DAC Statistics database, 2025, The Organisation for Economic Co-operation and Development (OECD) and IRENA Public Finance Database, 2025, The international Renewable Energy Agency (IRENA)",0.0
2012,EG_IFF_RANDN,231,TRT_GEOTHERMAL,CON_USD,2025-03-14T00:00:00,A,6,2022,2023,"Commitments by recipient country, in million USD at 2022 prices and exchange rates (using donor country deflators). The aggregated figures only include the historical list of developing countries with a few modifications to account for the shifting nature of international public finance.","DAC Statistics database, 2025, The Organisation for Economic Co-operation and Development (OECD) and IRENA Public Finance Database, 2025, The international Renewable Energy Agency (IRENA)",0.0
2013,EG_IFF_RANDN,231,TRT_GEOTHERMAL,CON_USD,2025-03-14T00:00:00,A,6,2022,2023,"Commitments by recipient country, in million USD at 2022 prices and exchange rates (using donor country deflators). The aggregated figures only include the historical list of developing countries with a few modifications to account for the shifting nature of international public finance.","DAC Statistics database, 2025, The Organisation for Economic Co-operation and Development (OECD) and IRENA Public Finance Database, 2025, The international Renewable Energy Agency (IRENA)",0.0
2014,EG_IFF_RANDN,231,TRT_GEOTHERMAL,CON_USD,2025-03-14T00:00:00,A,6,2022,2023,"Commitments by recipient country, in million USD at 2022 prices and exchange rates (using donor country deflators). The aggregated figures only include the historical list of developing countries with a few modifications to account for the shifting nature of international public finance.","DAC Statistics database, 2025, The Organisation for Economic Co-operation and Development (OECD) and IRENA Public Finance Database, 2025, The international Renewable Energy Agency (IRENA)",203.54
2015,EG_IFF_RANDN,231,TRT_GEOTHERMAL,CON_USD,2025-03-14T00:00:00,A,6,2022,2023,"Commitments by recipient country, in million USD at 2022 prices and exchange rates (using donor country deflators). The aggregated figures only include the historical list of developing countries with a few modifications to account for the shifting nature of international public finance.","DAC Statistics database, 2025, The Organisation for Economic Co-operation and Development (OECD) and IRENA Public Finance Database, 2025, The international Renewable Energy Agency (IRENA)",19.26
2016,EG_IFF_RANDN,231,TRT_GEOTHERMAL,CON_USD,2025-03-14T00:00:00,A,6,2022,2023,"Commitments by recipient country, in million USD at 2022 prices and exchange rates (using donor country deflators). The aggregated figures only include the historical list of developing countries with a few modifications to account for the shifting nature of international public finance.","DAC Statistics database, 2025, The Organisation for Economic Co-operation and Development (OECD) and IRENA Public Finance Database, 2025, The international Renewable Energy Agency (IRENA)",0.0
2017,EG_IFF_RANDN,231,TRT_GEOTHERMAL,CON_USD,2025-03-14T00:00:00,A,6,2022,2023,"Commitments by recipient country, in million USD at 2022 prices and exchange rates (using donor country deflators). The aggregated figures only include the historical list of developing countries with a few modifications to account for the shifting nature of international public finance.","DAC Statistics database, 2025, The Organisation for Economic Co-operation and Development (OECD) and IRENA Public Finance Database, 2025, The international Renewable Energy Agency (IRENA)",14.24
2018,EG_IFF_RANDN,231,TRT_GEOTHERMAL,CON_USD,2025-03-14T00:00:00,A,6,2022,2023,"Commitments by recipient country, in million USD at 2022 prices and exchange rates (using donor country deflators). The aggregated figures only include the historical list of developing countries with a few modifications to account for the shifting nature of international public finance.","DAC Statistics database, 2025, The Organisation for Economic Co-operation and Development (OECD) and IRENA Public Finance Database, 2025, The international Renewable Energy Agency (IRENA)",14.42
2019,EG_IFF_RANDN,231,TRT_GEOTHERMAL,CON_USD,2025-03-14T00:00:00,A,6,2022,2023,"Commitments by recipient country, in million USD at 2022 prices and exchange rates (using donor country deflators). The aggregated figures only include the historical list of developing countries with a few modifications to account for the shifting nature of international public finance.","DAC Statistics database, 2025, The Organisation for Economic Co-operation and Development (OECD) and IRENA Public Finance Database, 2025, The international Renewable Energy Agency (IRENA)",0.0
2020,EG_IFF_RANDN,231,TRT_GEOTHERMAL,CON_USD,2025-03-14T00:00:00,A,6,2022,2023,"Commitments by recipient country, in million USD at 2022 prices and exchange rates (using donor country deflators). The aggregated figures only include the historical list of developing countries with a few modifications to account for the shifting nature of international public finance.","DAC Statistics database, 2025, The Organisation for Economic Co-operation and Development (OECD) and IRENA Public Finance Database, 2025, The international Renewable Energy Agency (IRENA)",1.84
2021,EG_IFF_RANDN,231,TRT_GEOTHERMAL,CON_USD,2025-03-14T00:00:00,A,6,2022,2023,"Commitments by recipient country, in million USD at 2022 prices and exchange rates (using donor country deflators). The aggregated figures only include the historical list of developing countries with a few modifications to account for the shifting nature of international public finance.","DAC Statistics database, 2025, The Organisation for Economic Co-operation and Development (OECD) and IRENA Public Finance Database, 2025, The international Renewable Energy Agency (IRENA)",0.34
2022,EG_IFF_RANDN,231,TRT_GEOTHERMAL,CON_USD,2025-03-14T00:00:00,A,6,2022,2023,"Commitments by recipient country, in million USD at 2022 prices and exchange rates (using donor country deflators). The aggregated figures only include the historical list of developing countries with a few modifications to account for the shifting nature of international public finance.","DAC Statistics database, 2025, The Organisation for Economic Co-operation and Development (OECD) and IRENA Public Finance Database, 2025, The international Renewable Energy Agency (IRENA)",0.02
2023,EG_IFF_RANDN,231,TRT_GEOTHERMAL,CON_USD,2025-03-14T00:00:00,A,6,2022,2023,"Commitments by recipient country, in million USD at 2022 prices and exchange rates (using donor country deflators). The aggregated figures only include the historical list of developing countries with a few modifications to account for the shifting nature of international public finance.","DAC Statistics database, 2025, The Organisation for Economic Co-operation and Development (OECD) and IRENA Public Finance Database, 2025, The international Renewable Energy Agency (IRENA)",0.08
2000,EG_IFF_RANDN,231,TRT_HYDROPOWER,CON_USD,2025-03-14T00:00:00,A,6,2022,2023,"Commitments by recipient country, in million USD at 2022 prices and exchange rates (using donor country deflators). The aggregated figures only include the historical list of developing countries with a few modifications to account for the shifting nature of international public finance.","DAC Statistics database, 2025, The Organisation for Economic Co-operation and Development (OECD) and IRENA Public Finance Database, 2025, The international Renewable Energy Agency (IRENA)",0.0
2001,EG_IFF_RANDN,231,TRT_HYDROPOWER,CON_USD,2025-03-14T00:00:00,A,6,2022,2023,"Commitments by recipient country, in million USD at 2022 prices and exchange rates (using donor country deflators). The aggregated figures only include the historical list of developing countries with a few modifications to account for the shifting nature of international public finance.","DAC Statistics database, 2025, The Organisation for Economic Co-operation and Development (OECD) and IRENA Public Finance Database, 2025, The international Renewable Energy Agency (IRENA)",0.72
2002,EG_IFF_RANDN,231,TRT_HYDROPOWER,CON_USD,2025-03-14T00:00:00,A,6,2022,2023,"Commitments by recipient country, in million USD at 2022 prices and exchange rates (using donor country deflators). The aggregated figures only include the historical list of developing countries with a few modifications to account for the shifting nature of international public finance.","DAC Statistics database, 2025, The Organisation for Economic Co-operation and Development (OECD) and IRENA Public Finance Database, 2025, The international Renewable Energy Agency (IRENA)",0.0
2003,EG_IFF_RANDN,231,TRT_HYDROPOWER,CON_USD,2025-03-14T00:00:00,A,6,2022,2023,"Commitments by recipient country, in million USD at 2022 prices and exchange rates (using donor country deflators). The aggregated figures only include the historical list of developing countries with a few modifications to account for the shifting nature of international public finance.","DAC Statistics database, 2025, The Organisation for Economic Co-operation and Development (OECD) and IRENA Public Finance Database, 2025, The international Renewable Energy Agency (IRENA)",10.45
2004,EG_IFF_RANDN,231,TRT_HYDROPOWER,CON_USD,2025-03-14T00:00:00,A,6,2022,2023,"Commitments by recipient country, in million USD at 2022 prices and exchange rates (using donor country deflators). The aggregated figures only include the historical list of developing countries with a few modifications to account for the shifting nature of international public finance.","DAC Statistics database, 2025, The Organisation for Economic Co-operation and Development (OECD) and IRENA Public Finance Database, 2025, The international Renewable Energy Agency (IRENA)",0.42
2005,EG_IFF_RANDN,231,TRT_HYDROPOWER,CON_USD,2025-03-14T00:00:00,A,6,2022,2023,"Commitments by recipient country, in million USD at 2022 prices and exchange rates (using donor country deflators). The aggregated figures only include the historical list of developing countries with a few modifications to account for the shifting nature of international public finance.","DAC Statistics database, 2025, The Organisation for Economic Co-operation and Development (OECD) and IRENA Public Finance Database, 2025, The international Renewable Energy Agency (IRENA)",365.75
2006,EG_IFF_RANDN,231,TRT_HYDROPOWER,CON_USD,2025-03-14T00:00:00,A,6,2022,2023,"Commitments by recipient country, in million USD at 2022 prices and exchange rates (using donor country deflators). The aggregated figures only include the historical list of developing countries with a few modifications to account for the shifting nature of international public finance.","DAC Statistics database, 2025, The Organisation for Economic Co-operation and Development (OECD) and IRENA Public Finance Database, 2025, The international Renewable Energy Agency (IRENA)",0.07
2007,EG_IFF_RANDN,231,TRT_HYDROPOWER,CON_USD,2025-03-14T00:00:00,A,6,2022,2023,"Commitments by recipient country, in million USD at 2022 prices and exchange rates (using donor country deflators). The aggregated figures only include the historical list of developing countries with a few modifications to account for the shifting nature of international public finance.","DAC Statistics database, 2025, The Organisation for Economic Co-operation and Development (OECD) and IRENA Public Finance Database, 2025, The international Renewable Energy Agency (IRENA)",204.19
2008,EG_IFF_RANDN,231,TRT_HYDROPOWER,CON_USD,2025-03-14T00:00:00,A,6,2022,2023,"Commitments by recipient country, in million USD at 2022 prices and exchange rates (using donor country deflators). The aggregated figures only include the historical list of developing countries with a few modifications to account for the shifting nature of international public finance.","DAC Statistics database, 2025, The Organisation for Economic Co-operation and Development (OECD) and IRENA Public Finance Database, 2025, The international Renewable Energy Agency (IRENA)",0.31
2009,EG_IFF_RANDN,231,TRT_HYDROPOWER,CON_USD,2025-03-14T00:00:00,A,6,2022,2023,"Commitments by recipient country, in million USD at 2022 prices and exchange rates (using donor country deflators). The aggregated figures only include the historical list of developing countries with a few modifications to account for the shifting nature of international public finance.","DAC Statistics database, 2025, The Organisation for Economic Co-operation and Development (OECD) and IRENA Public Finance Database, 2025, The international Renewable Energy Agency (IRENA)",396.93
2010,EG_IFF_RANDN,231,TRT_HYDROPOWER,CON_USD,2025-03-14T00:00:00,A,6,2022,2023,"Commitments by recipient country, in million USD at 2022 prices and exchange rates (using donor country deflators). The aggregated figures only include the historical list of developing countries with a few modifications to account for the shifting nature of international public finance.","DAC Statistics database, 2025, The Organisation for Economic Co-operation and Development (OECD) and IRENA Public Finance Database, 2025, The international Renewable Energy Agency (IRENA)",0.31
2011,EG_IFF_RANDN,231,TRT_HYDROPOWER,CON_USD,2025-03-14T00:00:00,A,6,2022,2023,"Commitments by recipient country, in million USD at 2022 prices and exchange rates (using donor country deflators). The aggregated figures only include the historical list of developing countries with a few modifications to account for the shifting nature of international public finance.","DAC Statistics database, 2025, The Organisation for Economic Co-operation and Development (OECD) and IRENA Public Finance Database, 2025, The international Renewable Energy Agency (IRENA)",0.0
2012,EG_IFF_RANDN,231,TRT_HYDROPOWER,CON_USD,2025-03-14T00:00:00,A,6,2022,2023,"Commitments by recipient country, in million USD at 2022 prices and exchange rates (using donor country deflators). The aggregated figures only include the historical list of developing countries with a few modifications to account for the shifting nature of international public finance.","DAC Statistics database, 2025, The Organisation for Economic Co-operation and Development (OECD) and IRENA Public Finance Database, 2025, The international Renewable Energy Agency (IRENA)",0.0
2013,EG_IFF_RANDN,231,TRT_HYDROPOWER,CON_USD,2025-03-14T00:00:00,A,6,2022,2023,"Commitments by recipient country, in million USD at 2022 prices and exchange rates (using donor country deflators). The aggregated figures only include the historical list of developing countries with a few modifications to account for the shifting nature of international public finance.","DAC Statistics database, 2025, The Organisation for Economic Co-operation and Development (OECD) and IRENA Public Finance Database, 2025, The international Renewable Energy Agency (IRENA)",206.04
2014,EG_IFF_RANDN,231,TRT_HYDROPOWER,CON_USD,2025-03-14T00:00:00,A,6,2022,2023,"Commitments by recipient country, in million USD at 2022 prices and exchange rates (using donor country deflators). The aggregated figures only include the historical list of developing countries with a few modifications to account for the shifting nature of international public finance.","DAC Statistics database, 2025, The Organisation for Economic Co-operation and Development (OECD) and IRENA Public Finance Database, 2025, The international Renewable Energy Agency (IRENA)",0.0
2015,EG_IFF_RANDN,231,TRT_HYDROPOWER,CON_USD,2025-03-14T00:00:00,A,6,2022,2023,"Commitments by recipient country, in million USD at 2022 prices and exchange rates (using donor country deflators). The aggregated figures only include the historical list of developing countries with a few modifications to account for the shifting nature of international public finance.","DAC Statistics database, 2025, The Organisation for Economic Co-operation and Development (OECD) and IRENA Public Finance Database, 2025, The international Renewable Energy Agency (IRENA)",10.87
2016,EG_IFF_RANDN,231,TRT_HYDROPOWER,CON_USD,2025-03-14T00:00:00,A,6,2022,2023,"Commitments by recipient country, in million USD at 2022 prices and exchange rates (using donor country deflators). The aggregated figures only include the historical list of developing countries with a few modifications to account for the shifting nature of international public finance.","DAC Statistics database, 2025, The Organisation for Economic Co-operation and Development (OECD) and IRENA Public Finance Database, 2025, The international Renewable Energy Agency (IRENA)",287.8
2017,EG_IFF_RANDN,231,TRT_HYDROPOWER,CON_USD,2025-03-14T00:00:00,A,6,2022,2023,"Commitments by recipient country, in million USD at 2022 prices and exchange rates (using donor country deflators). The aggregated figures only include the historical list of developing countries with a few modifications to account for the shifting nature of international public finance.","DAC Statistics database, 2025, The Organisation for Economic Co-operation and Development (OECD) and IRENA Public Finance Database, 2025, The international Renewable Energy Agency (IRENA)",0.01
2018,EG_IFF_RANDN,231,TRT_HYDROPOWER,CON_USD,2025-03-14T00:00:00,A,6,2022,2023,"Commitments by recipient country, in million USD at 2022 prices and exchange rates (using donor country deflators). The aggregated figures only include the historical list of developing countries with a few modifications to account for the shifting nature of international public finance.","DAC Statistics database, 2025, The Organisation for Economic Co-operation and Development (OECD) and IRENA Public Finance Database, 2025, The international Renewable Energy Agency (IRENA)",0.0
2019,EG_IFF_RANDN,231,TRT_HYDROPOWER,CON_USD,2025-03-14T00:00:00,A,6,2022,2023,"Commitments by recipient country, in million USD at 2022 prices and exchange rates (using donor country deflators). The aggregated figures only include the historical list of developing countries with a few modifications to account for the shifting nature of international public finance.","DAC Statistics database, 2025, The Organisation for Economic Co-operation and Development (OECD) and IRENA Public Finance Database, 2025, The international Renewable Energy Agency (IRENA)",0.0
2020,EG_IFF_RANDN,231,TRT_HYDROPOWER,CON_USD,2025-03-14T00:00:00,A,6,2022,2023,"Commitments by recipient country, in million USD at 2022 prices and exchange rates (using donor country deflators). The aggregated figures only include the historical list of developing countries with a few modifications to account for the shifting nature of international public finance.","DAC Statistics database, 2025, The Organisation for Economic Co-operation and Development (OECD) and IRENA Public Finance Database, 2025, The international Renewable Energy Agency (IRENA)",1.3
2021,EG_IFF_RANDN,231,TRT_HYDROPOWER,CON_USD,2025-03-14T00:00:00,A,6,2022,2023,"Commitments by recipient country, in million USD at 2022 prices and exchange rates (using donor country deflators). The aggregated figures only include the historical list of developing countries with a few modifications to account for the shifting nature of international public finance.","DAC Statistics database, 2025, The Organisation for Economic Co-operation and Development (OECD) and IRENA Public Finance Database, 2025, The international Renewable Energy Agency (IRENA)",0.0
2022,EG_IFF_RANDN,231,TRT_HYDROPOWER,CON_USD,2025-03-14T00:00:00,A,6,2022,2023,"Commitments by recipient country, in million USD at 2022 prices and exchange rates (using donor country deflators). The aggregated figures only include the historical list of developing countries with a few modifications to account for the shifting nature of international public finance.","DAC Statistics database, 2025, The Organisation for Economic Co-operation and Development (OECD) and IRENA Public Finance Database, 2025, The international Renewable Energy Agency (IRENA)",0.0
2023,EG_IFF_RANDN,231,TRT_HYDROPOWER,CON_USD,2025-03-14T00:00:00,A,6,2022,2023,"Commitments by recipient country, in million USD at 2022 prices and exchange rates (using donor country deflators). The aggregated figures only include the historical list of developing countries with a few modifications to account for the shifting nature of international public finance.","DAC Statistics database, 2025, The Organisation for Economic Co-operation and Development (OECD) and IRENA Public Finance Database, 2025, The international Renewable Energy Agency (IRENA)",0.0
2000,EG_IFF_RANDN,231,TRT_MARINE,CON_USD,2025-03-14T00:00:00,A,6,2022,2023,"Commitments by recipient country, in million USD at 2022 prices and exchange rates (using donor country deflators). The aggregated figures only include the historical list of developing countries with a few modifications to account for the shifting nature of international public finance.","DAC Statistics database, 2025, The Organisation for Economic Co-operation and Development (OECD) and IRENA Public Finance Database, 2025, The international Renewable Energy Agency (IRENA)",0.0
2001,EG_IFF_RANDN,231,TRT_MARINE,CON_USD,2025-03-14T00:00:00,A,6,2022,2023,"Commitments by recipient country, in million USD at 2022 prices and exchange rates (using donor country deflators). The aggregated figures only include the historical list of developing countries with a few modifications to account for the shifting nature of international public finance.","DAC Statistics database, 2025, The Organisation for Economic Co-operation and Development (OECD) and IRENA Public Finance Database, 2025, The international Renewable Energy Agency (IRENA)",0.0
2002,EG_IFF_RANDN,231,TRT_MARINE,CON_USD,2025-03-14T00:00:00,A,6,2022,2023,"Commitments by recipient country, in million USD at 2022 prices and exchange rates (using donor country deflators). The aggregated figures only include the historical list of developing countries with a few modifications to account for the shifting nature of international public finance.","DAC Statistics database, 2025, The Organisation for Economic Co-operation and Development (OECD) and IRENA Public Finance Database, 2025, The international Renewable Energy Agency (IRENA)",0.0
2003,EG_IFF_RANDN,231,TRT_MARINE,CON_USD,2025-03-14T00:00:00,A,6,2022,2023,"Commitments by recipient country, in million USD at 2022 prices and exchange rates (using donor country deflators). The aggregated figures only include the historical list of developing countries with a few modifications to account for the shifting nature of international public finance.","DAC Statistics database, 2025, The Organisation for Economic Co-operation and Development (OECD) and IRENA Public Finance Database, 2025, The international Renewable Energy Agency (IRENA)",0.0
2004,EG_IFF_RANDN,231,TRT_MARINE,CON_USD,2025-03-14T00:00:00,A,6,2022,2023,"Commitments by recipient country, in million USD at 2022 prices and exchange rates (using donor country deflators). The aggregated figures only include the historical list of developing countries with a few modifications to account for the shifting nature of international public finance.","DAC Statistics database, 2025, The Organisation for Economic Co-operation and Development (OECD) and IRENA Public Finance Database, 2025, The international Renewable Energy Agency (IRENA)",0.0
2005,EG_IFF_RANDN,231,TRT_MARINE,CON_USD,2025-03-14T00:00:00,A,6,2022,2023,"Commitments by recipient country, in million USD at 2022 prices and exchange rates (using donor country deflators). The aggregated figures only include the historical list of developing countries with a few modifications to account for the shifting nature of international public finance.","DAC Statistics database, 2025, The Organisation for Economic Co-operation and Development (OECD) and IRENA Public Finance Database, 2025, The international Renewable Energy Agency (IRENA)",0.0
2006,EG_IFF_RANDN,231,TRT_MARINE,CON_USD,2025-03-14T00:00:00,A,6,2022,2023,"Commitments by recipient country, in million USD at 2022 prices and exchange rates (using donor country deflators). The aggregated figures only include the historical list of developing countries with a few modifications to account for the shifting nature of international public finance.","DAC Statistics database, 2025, The Organisation for Economic Co-operation and Development (OECD) and IRENA Public Finance Database, 2025, The international Renewable Energy Agency (IRENA)",0.0
2007,EG_IFF_RANDN,231,TRT_MARINE,CON_USD,2025-03-14T00:00:00,A,6,2022,2023,"Commitments by recipient country, in million USD at 2022 prices and exchange rates (using donor country deflators). The aggregated figures only include the historical list of developing countries with a few modifications to account for the shifting nature of international public finance.","DAC Statistics database, 2025, The Organisation for Economic Co-operation and Development (OECD) and IRENA Public Finance Database, 2025, The international Renewable Energy Agency (IRENA)",0.0
2008,EG_IFF_RANDN,231,TRT_MARINE,CON_USD,2025-03-14T00:00:00,A,6,2022,2023,"Commitments by recipient country, in million USD at 2022 prices and exchange rates (using donor country deflators). The aggregated figures only include the historical list of developing countries with a few modifications to account for the shifting nature of international public finance.","DAC Statistics database, 2025, The Organisation for Economic Co-operation and Development (OECD) and IRENA Public Finance Database, 2025, The international Renewable Energy Agency (IRENA)",0.0
2009,EG_IFF_RANDN,231,TRT_MARINE,CON_USD,2025-03-14T00:00:00,A,6,2022,2023,"Commitments by recipient country, in million USD at 2022 prices and exchange rates (using donor country deflators). The aggregated figures only include the historical list of developing countries with a few modifications to account for the shifting nature of international public finance.","DAC Statistics database, 2025, The Organisation for Economic Co-operation and Development (OECD) and IRENA Public Finance Database, 2025, The international Renewable Energy Agency (IRENA)",0.0
2010,EG_IFF_RANDN,231,TRT_MARINE,CON_USD,2025-03-14T00:00:00,A,6,2022,2023,"Commitments by recipient country, in million USD at 2022 prices and exchange rates (using donor country deflators). The aggregated figures only include the historical list of developing countries with a few modifications to account for the shifting nature of international public finance.","DAC Statistics database, 2025, The Organisation for Economic Co-operation and Development (OECD) and IRENA Public Finance Database, 2025, The international Renewable Energy Agency (IRENA)",0.0
2011,EG_IFF_RANDN,231,TRT_MARINE,CON_USD,2025-03-14T00:00:00,A,6,2022,2023,"Commitments by recipient country, in million USD at 2022 prices and exchange rates (using donor country deflators). The aggregated figures only include the historical list of developing countries with a few modifications to account for the shifting nature of international public finance.","DAC Statistics database, 2025, The Organisation for Economic Co-operation and Development (OECD) and IRENA Public Finance Database, 2025, The international Renewable Energy Agency (IRENA)",0.0
2012,EG_IFF_RANDN,231,TRT_MARINE,CON_USD,2025-03-14T00:00:00,A,6,2022,2023,"Commitments by recipient country, in million USD at 2022 prices and exchange rates (using donor country deflators). The aggregated figures only include the historical list of developing countries with a few modifications to account for the shifting nature of international public finance.","DAC Statistics database, 2025, The Organisation for Economic Co-operation and Development (OECD) and IRENA Public Finance Database, 2025, The international Renewable Energy Agency (IRENA)",0.0
2013,EG_IFF_RANDN,231,TRT_MARINE,CON_USD,2025-03-14T00:00:00,A,6,2022,2023,"Commitments by recipient country, in million USD at 2022 prices and exchange rates (using donor country deflators). The aggregated figures only include the historical list of developing countries with a few modifications to account for the shifting nature of international public finance.","DAC Statistics database, 2025, The Organisation for Economic Co-operation and Development (OECD) and IRENA Public Finance Database, 2025, The international Renewable Energy Agency (IRENA)",0.0
2014,EG_IFF_RANDN,231,TRT_MARINE,CON_USD,2025-03-14T00:00:00,A,6,2022,2023,"Commitments by recipient country, in million USD at 2022 prices and exchange rates (using donor country deflators). The aggregated figures only include the historical list of developing countries with a few modifications to account for the shifting nature of international public finance.","DAC Statistics database, 2025, The Organisation for Economic Co-operation and Development (OECD) and IRENA Public Finance Database, 2025, The international Renewable Energy Agency (IRENA)",0.0
2015,EG_IFF_RANDN,231,TRT_MARINE,CON_USD,2025-03-14T00:00:00,A,6,2022,2023,"Commitments by recipient country, in million USD at 2022 prices and exchange rates (using donor country deflators). The aggregated figures only include the historical list of developing countries with a few modifications to account for the shifting nature of international public finance.","DAC Statistics database, 2025, The Organisation for Economic Co-operation and Development (OECD) and IRENA Public Finance Database, 2025, The international Renewable Energy Agency (IRENA)",0.0
2016,EG_IFF_RANDN,231,TRT_MARINE,CON_USD,2025-03-14T00:00:00,A,6,2022,2023,"Commitments by recipient country, in million USD at 2022 prices and exchange rates (using donor country deflators). The aggregated figures only include the historical list of developing countries with a few modifications to account for the shifting nature of international public finance.","DAC Statistics database, 2025, The Organisation for Economic Co-operation and Development (OECD) and IRENA Public Finance Database, 2025, The international Renewable Energy Agency (IRENA)",0.0
2017,EG_IFF_RANDN,231,TRT_MARINE,CON_USD,2025-03-14T00:00:00,A,6,2022,2023,"Commitments by recipient country, in million USD at 2022 prices and exchange rates (using donor country deflators). The aggregated figures only include the historical list of developing countries with a few modifications to account for the shifting nature of international public finance.","DAC Statistics database, 2025, The Organisation for Economic Co-operation and Development (OECD) and IRENA Public Finance Database, 2025, The international Renewable Energy Agency (IRENA)",0.0
2018,EG_IFF_RANDN,231,TRT_MARINE,CON_USD,2025-03-14T00:00:00,A,6,2022,2023,"Commitments by recipient country, in million USD at 2022 prices and exchange rates (using donor country deflators). The aggregated figures only include the historical list of developing countries with a few modifications to account for the shifting nature of international public finance.","DAC Statistics database, 2025, The Organisation for Economic Co-operation and Development (OECD) and IRENA Public Finance Database, 2025, The international Renewable Energy Agency (IRENA)",0.0
2019,EG_IFF_RANDN,231,TRT_MARINE,CON_USD,2025-03-14T00:00:00,A,6,2022,2023,"Commitments by recipient country, in million USD at 2022 prices and exchange rates (using donor country deflators). The aggregated figures only include the historical list of developing countries with a few modifications to account for the shifting nature of international public finance.","DAC Statistics database, 2025, The Organisation for Economic Co-operation and Development (OECD) and IRENA Public Finance Database, 2025, The international Renewable Energy Agency (IRENA)",0.0
2020,EG_IFF_RANDN,231,TRT_MARINE,CON_USD,2025-03-14T00:00:00,A,6,2022,2023,"Commitments by recipient country, in million USD at 2022 prices and exchange rates (using donor country deflators). The aggregated figures only include the historical list of developing countries with a few modifications to account for the shifting nature of international public finance.","DAC Statistics database, 2025, The Organisation for Economic Co-operation and Development (OECD) and IRENA Public Finance Database, 2025, The international Renewable Energy Agency (IRENA)",0.0
2021,EG_IFF_RANDN,231,TRT_MARINE,CON_USD,2025-03-14T00:00:00,A,6,2022,2023,"Commitments by recipient country, in million USD at 2022 prices and exchange rates (using donor country deflators). The aggregated figures only include the historical list of developing countries with a few modifications to account for the shifting nature of international public finance.","DAC Statistics database, 2025, The Organisation for Economic Co-operation and Development (OECD) and IRENA Public Finance Database, 2025, The international Renewable Energy Agency (IRENA)",0.0
2022,EG_IFF_RANDN,231,TRT_MARINE,CON_USD,2025-03-14T00:00:00,A,6,2022,2023,"Commitments by recipient country, in million USD at 2022 prices and exchange rates (using donor country deflators). The aggregated figures only include the historical list of developing countries with a few modifications to account for the shifting nature of international public finance.","DAC Statistics database, 2025, The Organisation for Economic Co-operation and Development (OECD) and IRENA Public Finance Database, 2025, The international Renewable Energy Agency (IRENA)",0.0
2023,EG_IFF_RANDN,231,TRT_MARINE,CON_USD,2025-03-14T00:00:00,A,6,2022,2023,"Commitments by recipient country, in million USD at 2022 prices and exchange rates (using donor country deflators). The aggregated figures only include the historical list of developing countries with a few modifications to account for the shifting nature of international public finance.","DAC Statistics database, 2025, The Organisation for Economic Co-operation and Development (OECD) and IRENA Public Finance Database, 2025, The international Renewable Energy Agency (IRENA)",0.0
2000,EG_IFF_RANDN,231,TRT_MULTIPLE,CON_USD,2025-03-14T00:00:00,A,6,2022,2023,"Commitments by recipient country, in million USD at 2022 prices and exchange rates (using donor country deflators). The aggregated figures only include the historical list of developing countries with a few modifications to account for the shifting nature of international public finance.","DAC Statistics database, 2025, The Organisation for Economic Co-operation and Development (OECD) and IRENA Public Finance Database, 2025, The international Renewable Energy Agency (IRENA)",0.0
2001,EG_IFF_RANDN,231,TRT_MULTIPLE,CON_USD,2025-03-14T00:00:00,A,6,2022,2023,"Commitments by recipient country, in million USD at 2022 prices and exchange rates (using donor country deflators). The aggregated figures only include the historical list of developing countries with a few modifications to account for the shifting nature of international public finance.","DAC Statistics database, 2025, The Organisation for Economic Co-operation and Development (OECD) and IRENA Public Finance Database, 2025, The international Renewable Energy Agency (IRENA)",0.0
2002,EG_IFF_RANDN,231,TRT_MULTIPLE,CON_USD,2025-03-14T00:00:00,A,6,2022,2023,"Commitments by recipient country, in million USD at 2022 prices and exchange rates (using donor country deflators). The aggregated figures only include the historical list of developing countries with a few modifications to account for the shifting nature of international public finance.","DAC Statistics database, 2025, The Organisation for Economic Co-operation and Development (OECD) and IRENA Public Finance Database, 2025, The international Renewable Energy Agency (IRENA)",98.02
2003,EG_IFF_RANDN,231,TRT_MULTIPLE,CON_USD,2025-03-14T00:00:00,A,6,2022,2023,"Commitments by recipient country, in million USD at 2022 prices and exchange rates (using donor country deflators). The aggregated figures only include the historical list of developing countries with a few modifications to account for the shifting nature of international public finance.","DAC Statistics database, 2025, The Organisation for Economic Co-operation and Development (OECD) and IRENA Public Finance Database, 2025, The international Renewable Energy Agency (IRENA)",0.0
2004,EG_IFF_RANDN,231,TRT_MULTIPLE,CON_USD,2025-03-14T00:00:00,A,6,2022,2023,"Commitments by recipient country, in million USD at 2022 prices and exchange rates (using donor country deflators). The aggregated figures only include the historical list of developing countries with a few modifications to account for the shifting nature of international public finance.","DAC Statistics database, 2025, The Organisation for Economic Co-operation and Development (OECD) and IRENA Public Finance Database, 2025, The international Renewable Energy Agency (IRENA)",0.0
2005,EG_IFF_RANDN,231,TRT_MULTIPLE,CON_USD,2025-03-14T00:00:00,A,6,2022,2023,"Commitments by recipient country, in million USD at 2022 prices and exchange rates (using donor country deflators). The aggregated figures only include the historical list of developing countries with a few modifications to account for the shifting nature of international public finance.","DAC Statistics database, 2025, The Organisation for Economic Co-operation and Development (OECD) and IRENA Public Finance Database, 2025, The international Renewable Energy Agency (IRENA)",0.0
2006,EG_IFF_RANDN,231,TRT_MULTIPLE,CON_USD,2025-03-14T00:00:00,A,6,2022,2023,"Commitments by recipient country, in million USD at 2022 prices and exchange rates (using donor country deflators). The aggregated figures only include the historical list of developing countries with a few modifications to account for the shifting nature of international public finance.","DAC Statistics database, 2025, The Organisation for Economic Co-operation and Development (OECD) and IRENA Public Finance Database, 2025, The international Renewable Energy Agency (IRENA)",0.39
2007,EG_IFF_RANDN,231,TRT_MULTIPLE,CON_USD,2025-03-14T00:00:00,A,6,2022,2023,"Commitments by recipient country, in million USD at 2022 prices and exchange rates (using donor country deflators). The aggregated figures only include the historical list of developing countries with a few modifications to account for the shifting nature of international public finance.","DAC Statistics database, 2025, The Organisation for Economic Co-operation and Development (OECD) and IRENA Public Finance Database, 2025, The international Renewable Energy Agency (IRENA)",19.38
2008,EG_IFF_RANDN,231,TRT_MULTIPLE,CON_USD,2025-03-14T00:00:00,A,6,2022,2023,"Commitments by recipient country, in million USD at 2022 prices and exchange rates (using donor country deflators). The aggregated figures only include the historical list of developing countries with a few modifications to account for the shifting nature of international public finance.","DAC Statistics database, 2025, The Organisation for Economic Co-operation and Development (OECD) and IRENA Public Finance Database, 2025, The international Renewable Energy Agency (IRENA)",0.0
2009,EG_IFF_RANDN,231,TRT_MULTIPLE,CON_USD,2025-03-14T00:00:00,A,6,2022,2023,"Commitments by recipient country, in million USD at 2022 prices and exchange rates (using donor country deflators). The aggregated figures only include the historical list of developing countries with a few modifications to account for the shifting nature of international public finance.","DAC Statistics database, 2025, The Organisation for Economic Co-operation and Development (OECD) and IRENA Public Finance Database, 2025, The international Renewable Energy Agency (IRENA)",27.81
2010,EG_IFF_RANDN,231,TRT_MULTIPLE,CON_USD,2025-03-14T00:00:00,A,6,2022,2023,"Commitments by recipient country, in million USD at 2022 prices and exchange rates (using donor country deflators). The aggregated figures only include the historical list of developing countries with a few modifications to account for the shifting nature of international public finance.","DAC Statistics database, 2025, The Organisation for Economic Co-operation and Development (OECD) and IRENA Public Finance Database, 2025, The international Renewable Energy Agency (IRENA)",93.85
2011,EG_IFF_RANDN,231,TRT_MULTIPLE,CON_USD,2025-03-14T00:00:00,A,6,2022,2023,"Commitments by recipient country, in million USD at 2022 prices and exchange rates (using donor country deflators). The aggregated figures only include the historical list of developing countries with a few modifications to account for the shifting nature of international public finance.","DAC Statistics database, 2025, The Organisation for Economic Co-operation and Development (OECD) and IRENA Public Finance Database, 2025, The international Renewable Energy Agency (IRENA)",0.02
2012,EG_IFF_RANDN,231,TRT_MULTIPLE,CON_USD,2025-03-14T00:00:00,A,6,2022,2023,"Commitments by recipient country, in million USD at 2022 prices and exchange rates (using donor country deflators). The aggregated figures only include the historical list of developing countries with a few modifications to account for the shifting nature of international public finance.","DAC Statistics database, 2025, The Organisation for Economic Co-operation and Development (OECD) and IRENA Public Finance Database, 2025, The international Renewable Energy Agency (IRENA)",60.97
2013,EG_IFF_RANDN,231,TRT_MULTIPLE,CON_USD,2025-03-14T00:00:00,A,6,2022,2023,"Commitments by recipient country, in million USD at 2022 prices and exchange rates (using donor country deflators). The aggregated figures only include the historical list of developing countries with a few modifications to account for the shifting nature of international public finance.","DAC Statistics database, 2025, The Organisation for Economic Co-operation and Development (OECD) and IRENA Public Finance Database, 2025, The international Renewable Energy Agency (IRENA)",0.55
2014,EG_IFF_RANDN,231,TRT_MULTIPLE,CON_USD,2025-03-14T00:00:00,A,6,2022,2023,"Commitments by recipient country, in million USD at 2022 prices and exchange rates (using donor country deflators). The aggregated figures only include the historical list of developing countries with a few modifications to account for the shifting nature of international public finance.","DAC Statistics database, 2025, The Organisation for Economic Co-operation and Development (OECD) and IRENA Public Finance Database, 2025, The international Renewable Energy Agency (IRENA)",3.15
2015,EG_IFF_RANDN,231,TRT_MULTIPLE,CON_USD,2025-03-14T00:00:00,A,6,2022,2023,"Commitments by recipient country, in million USD at 2022 prices and exchange rates (using donor country deflators). The aggregated figures only include the historical list of developing countries with a few modifications to account for the shifting nature of international public finance.","DAC Statistics database, 2025, The Organisation for Economic Co-operation and Development (OECD) and IRENA Public Finance Database, 2025, The international Renewable Energy Agency (IRENA)",1.24
2016,EG_IFF_RANDN,231,TRT_MULTIPLE,CON_USD,2025-03-14T00:00:00,A,6,2022,2023,"Commitments by recipient country, in million USD at 2022 prices and exchange rates (using donor country deflators). The aggregated figures only include the historical list of developing countries with a few modifications to account for the shifting nature of international public finance.","DAC Statistics database, 2025, The Organisation for Economic Co-operation and Development (OECD) and IRENA Public Finance Database, 2025, The international Renewable Energy Agency (IRENA)",51.99
2017,EG_IFF_RANDN,231,TRT_MULTIPLE,CON_USD,2025-03-14T00:00:00,A,6,2022,2023,"Commitments by recipient country, in million USD at 2022 prices and exchange rates (using donor country deflators). The aggregated figures only include the historical list of developing countries with a few modifications to account for the shifting nature of international public finance.","DAC Statistics database, 2025, The Organisation for Economic Co-operation and Development (OECD) and IRENA Public Finance Database, 2025, The international Renewable Energy Agency (IRENA)",118.42
2018,EG_IFF_RANDN,231,TRT_MULTIPLE,CON_USD,2025-03-14T00:00:00,A,6,2022,2023,"Commitments by recipient country, in million USD at 2022 prices and exchange rates (using donor country deflators). The aggregated figures only include the historical list of developing countries with a few modifications to account for the shifting nature of international public finance.","DAC Statistics database, 2025, The Organisation for Economic Co-operation and Development (OECD) and IRENA Public Finance Database, 2025, The international Renewable Energy Agency (IRENA)",21.58
2019,EG_IFF_RANDN,231,TRT_MULTIPLE,CON_USD,2025-03-14T00:00:00,A,6,2022,2023,"Commitments by recipient country, in million USD at 2022 prices and exchange rates (using donor country deflators). The aggregated figures only include the historical list of developing countries with a few modifications to account for the shifting nature of international public finance.","DAC Statistics database, 2025, The Organisation for Economic Co-operation and Development (OECD) and IRENA Public Finance Database, 2025, The international Renewable Energy Agency (IRENA)",2.31
2020,EG_IFF_RANDN,231,TRT_MULTIPLE,CON_USD,2025-03-14T00:00:00,A,6,2022,2023,"Commitments by recipient country, in million USD at 2022 prices and exchange rates (using donor country deflators). The aggregated figures only include the historical list of developing countries with a few modifications to account for the shifting nature of international public finance.","DAC Statistics database, 2025, The Organisation for Economic Co-operation and Development (OECD) and IRENA Public Finance Database, 2025, The international Renewable Energy Agency (IRENA)",0.85
2021,EG_IFF_RANDN,231,TRT_MULTIPLE,CON_USD,2025-03-14T00:00:00,A,6,2022,2023,"Commitments by recipient country, in million USD at 2022 prices and exchange rates (using donor country deflators). The aggregated figures only include the historical list of developing countries with a few modifications to account for the shifting nature of international public finance.","DAC Statistics database, 2025, The Organisation for Economic Co-operation and Development (OECD) and IRENA Public Finance Database, 2025, The international Renewable Energy Agency (IRENA)",0.5
2022,EG_IFF_RANDN,231,TRT_MULTIPLE,CON_USD,2025-03-14T00:00:00,A,6,2022,2023,"Commitments by recipient country, in million USD at 2022 prices and exchange rates (using donor country deflators). The aggregated figures only include the historical list of developing countries with a few modifications to account for the shifting nature of international public finance.","DAC Statistics database, 2025, The Organisation for Economic Co-operation and Development (OECD) and IRENA Public Finance Database, 2025, The international Renewable Energy Agency (IRENA)",0.6
2023,EG_IFF_RANDN,231,TRT_MULTIPLE,CON_USD,2025-03-14T00:00:00,A,6,2022,2023,"Commitments by recipient country, in million USD at 2022 prices and exchange rates (using donor country deflators). The aggregated figures only include the historical list of developing countries with a few modifications to account for the shifting nature of international public finance.","DAC Statistics database, 2025, The Organisation for Economic Co-operation and Development (OECD) and IRENA Public Finance Database, 2025, The international Renewable Energy Agency (IRENA)",10.75
2000,EG_IFF_RANDN,231,TRT_SOLAR,CON_USD,2025-03-14T00:00:00,A,6,2022,2023,"Commitments by recipient country, in million USD at 2022 prices and exchange rates (using donor country deflators). The aggregated figures only include the historical list of developing countries with a few modifications to account for the shifting nature of international public finance.","DAC Statistics database, 2025, The Organisation for Economic Co-operation and Development (OECD) and IRENA Public Finance Database, 2025, The international Renewable Energy Agency (IRENA)",0.0
2001,EG_IFF_RANDN,231,TRT_SOLAR,CON_USD,2025-03-14T00:00:00,A,6,2022,2023,"Commitments by recipient country, in million USD at 2022 prices and exchange rates (using donor country deflators). The aggregated figures only include the historical list of developing countries with a few modifications to account for the shifting nature of international public finance.","DAC Statistics database, 2025, The Organisation for Economic Co-operation and Development (OECD) and IRENA Public Finance Database, 2025, The international Renewable Energy Agency (IRENA)",0.0
2002,EG_IFF_RANDN,231,TRT_SOLAR,CON_USD,2025-03-14T00:00:00,A,6,2022,2023,"Commitments by recipient country, in million USD at 2022 prices and exchange rates (using donor country deflators). The aggregated figures only include the historical list of developing countries with a few modifications to account for the shifting nature of international public finance.","DAC Statistics database, 2025, The Organisation for Economic Co-operation and Development (OECD) and IRENA Public Finance Database, 2025, The international Renewable Energy Agency (IRENA)",0.0
2003,EG_IFF_RANDN,231,TRT_SOLAR,CON_USD,2025-03-14T00:00:00,A,6,2022,2023,"Commitments by recipient country, in million USD at 2022 prices and exchange rates (using donor country deflators). The aggregated figures only include the historical list of developing countries with a few modifications to account for the shifting nature of international public finance.","DAC Statistics database, 2025, The Organisation for Economic Co-operation and Development (OECD) and IRENA Public Finance Database, 2025, The international Renewable Energy Agency (IRENA)",0.0
2004,EG_IFF_RANDN,231,TRT_SOLAR,CON_USD,2025-03-14T00:00:00,A,6,2022,2023,"Commitments by recipient country, in million USD at 2022 prices and exchange rates (using donor country deflators). The aggregated figures only include the historical list of developing countries with a few modifications to account for the shifting nature of international public finance.","DAC Statistics database, 2025, The Organisation for Economic Co-operation and Development (OECD) and IRENA Public Finance Database, 2025, The international Renewable Energy Agency (IRENA)",0.0
2005,EG_IFF_RANDN,231,TRT_SOLAR,CON_USD,2025-03-14T00:00:00,A,6,2022,2023,"Commitments by recipient country, in million USD at 2022 prices and exchange rates (using donor country deflators). The aggregated figures only include the historical list of developing countries with a few modifications to account for the shifting nature of international public finance.","DAC Statistics database, 2025, The Organisation for Economic Co-operation and Development (OECD) and IRENA Public Finance Database, 2025, The international Renewable Energy Agency (IRENA)",0.0
2006,EG_IFF_RANDN,231,TRT_SOLAR,CON_USD,2025-03-14T00:00:00,A,6,2022,2023,"Commitments by recipient country, in million USD at 2022 prices and exchange rates (using donor country deflators). The aggregated figures only include the historical list of developing countries with a few modifications to account for the shifting nature of international public finance.","DAC Statistics database, 2025, The Organisation for Economic Co-operation and Development (OECD) and IRENA Public Finance Database, 2025, The international Renewable Energy Agency (IRENA)",0.0
2007,EG_IFF_RANDN,231,TRT_SOLAR,CON_USD,2025-03-14T00:00:00,A,6,2022,2023,"Commitments by recipient country, in million USD at 2022 prices and exchange rates (using donor country deflators). The aggregated figures only include the historical list of developing countries with a few modifications to account for the shifting nature of international public finance.","DAC Statistics database, 2025, The Organisation for Economic Co-operation and Development (OECD) and IRENA Public Finance Database, 2025, The international Renewable Energy Agency (IRENA)",0.0
2008,EG_IFF_RANDN,231,TRT_SOLAR,CON_USD,2025-03-14T00:00:00,A,6,2022,2023,"Commitments by recipient country, in million USD at 2022 prices and exchange rates (using donor country deflators). The aggregated figures only include the historical list of developing countries with a few modifications to account for the shifting nature of international public finance.","DAC Statistics database, 2025, The Organisation for Economic Co-operation and Development (OECD) and IRENA Public Finance Database, 2025, The international Renewable Energy Agency (IRENA)",0.0
2009,EG_IFF_RANDN,231,TRT_SOLAR,CON_USD,2025-03-14T00:00:00,A,6,2022,2023,"Commitments by recipient country, in million USD at 2022 prices and exchange rates (using donor country deflators). The aggregated figures only include the historical list of developing countries with a few modifications to account for the shifting nature of international public finance.","DAC Statistics database, 2025, The Organisation for Economic Co-operation and Development (OECD) and IRENA Public Finance Database, 2025, The international Renewable Energy Agency (IRENA)",0.0
2010,EG_IFF_RANDN,231,TRT_SOLAR,CON_USD,2025-03-14T00:00:00,A,6,2022,2023,"Commitments by recipient country, in million USD at 2022 prices and exchange rates (using donor country deflators). The aggregated figures only include the historical list of developing countries with a few modifications to account for the shifting nature of international public finance.","DAC Statistics database, 2025, The Organisation for Economic Co-operation and Development (OECD) and IRENA Public Finance Database, 2025, The international Renewable Energy Agency (IRENA)",3.19
2011,EG_IFF_RANDN,231,TRT_SOLAR,CON_USD,2025-03-14T00:00:00,A,6,2022,2023,"Commitments by recipient country, in million USD at 2022 prices and exchange rates (using donor country deflators). The aggregated figures only include the historical list of developing countries with a few modifications to account for the shifting nature of international public finance.","DAC Statistics database, 2025, The Organisation for Economic Co-operation and Development (OECD) and IRENA Public Finance Database, 2025, The international Renewable Energy Agency (IRENA)",0.67
2012,EG_IFF_RANDN,231,TRT_SOLAR,CON_USD,2025-03-14T00:00:00,A,6,2022,2023,"Commitments by recipient country, in million USD at 2022 prices and exchange rates (using donor country deflators). The aggregated figures only include the historical list of developing countries with a few modifications to account for the shifting nature of international public finance.","DAC Statistics database, 2025, The Organisation for Economic Co-operation and Development (OECD) and IRENA Public Finance Database, 2025, The international Renewable Energy Agency (IRENA)",0.0
2013,EG_IFF_RANDN,231,TRT_SOLAR,CON_USD,2025-03-14T00:00:00,A,6,2022,2023,"Commitments by recipient country, in million USD at 2022 prices and exchange rates (using donor country deflators). The aggregated figures only include the historical list of developing countries with a few modifications to account for the shifting nature of international public finance.","DAC Statistics database, 2025, The Organisation for Economic Co-operation and Development (OECD) and IRENA Public Finance Database, 2025, The international Renewable Energy Agency (IRENA)",0.0
2014,EG_IFF_RANDN,231,TRT_SOLAR,CON_USD,2025-03-14T00:00:00,A,6,2022,2023,"Commitments by recipient country, in million USD at 2022 prices and exchange rates (using donor country deflators). The aggregated figures only include the historical list of developing countries with a few modifications to account for the shifting nature of international public finance.","DAC Statistics database, 2025, The Organisation for Economic Co-operation and Development (OECD) and IRENA Public Finance Database, 2025, The international Renewable Energy Agency (IRENA)",0.46
2015,EG_IFF_RANDN,231,TRT_SOLAR,CON_USD,2025-03-14T00:00:00,A,6,2022,2023,"Commitments by recipient country, in million USD at 2022 prices and exchange rates (using donor country deflators). The aggregated figures only include the historical list of developing countries with a few modifications to account for the shifting nature of international public finance.","DAC Statistics database, 2025, The Organisation for Economic Co-operation and Development (OECD) and IRENA Public Finance Database, 2025, The international Renewable Energy Agency (IRENA)",0.05
2016,EG_IFF_RANDN,231,TRT_SOLAR,CON_USD,2025-03-14T00:00:00,A,6,2022,2023,"Commitments by recipient country, in million USD at 2022 prices and exchange rates (using donor country deflators). The aggregated figures only include the historical list of developing countries with a few modifications to account for the shifting nature of international public finance.","DAC Statistics database, 2025, The Organisation for Economic Co-operation and Development (OECD) and IRENA Public Finance Database, 2025, The international Renewable Energy Agency (IRENA)",0.72
2017,EG_IFF_RANDN,231,TRT_SOLAR,CON_USD,2025-03-14T00:00:00,A,6,2022,2023,"Commitments by recipient country, in million USD at 2022 prices and exchange rates (using donor country deflators). The aggregated figures only include the historical list of developing countries with a few modifications to account for the shifting nature of international public finance.","DAC Statistics database, 2025, The Organisation for Economic Co-operation and Development (OECD) and IRENA Public Finance Database, 2025, The international Renewable Energy Agency (IRENA)",0.34
2018,EG_IFF_RANDN,231,TRT_SOLAR,CON_USD,2025-03-14T00:00:00,A,6,2022,2023,"Commitments by recipient country, in million USD at 2022 prices and exchange rates (using donor country deflators). The aggregated figures only include the historical list of developing countries with a few modifications to account for the shifting nature of international public finance.","DAC Statistics database, 2025, The Organisation for Economic Co-operation and Development (OECD) and IRENA Public Finance Database, 2025, The international Renewable Energy Agency (IRENA)",11.76
2019,EG_IFF_RANDN,231,TRT_SOLAR,CON_USD,2025-03-14T00:00:00,A,6,2022,2023,"Commitments by recipient country, in million USD at 2022 prices and exchange rates (using donor country deflators). The aggregated figures only include the historical list of developing countries with a few modifications to account for the shifting nature of international public finance.","DAC Statistics database, 2025, The Organisation for Economic Co-operation and Development (OECD) and IRENA Public Finance Database, 2025, The international Renewable Energy Agency (IRENA)",2.09
2020,EG_IFF_RANDN,231,TRT_SOLAR,CON_USD,2025-03-14T00:00:00,A,6,2022,2023,"Commitments by recipient country, in million USD at 2022 prices and exchange rates (using donor country deflators). The aggregated figures only include the historical list of developing countries with a few modifications to account for the shifting nature of international public finance.","DAC Statistics database, 2025, The Organisation for Economic Co-operation and Development (OECD) and IRENA Public Finance Database, 2025, The international Renewable Energy Agency (IRENA)",0.06
2021,EG_IFF_RANDN,231,TRT_SOLAR,CON_USD,2025-03-14T00:00:00,A,6,2022,2023,"Commitments by recipient country, in million USD at 2022 prices and exchange rates (using donor country deflators). The aggregated figures only include the historical list of developing countries with a few modifications to account for the shifting nature of international public finance.","DAC Statistics database, 2025, The Organisation for Economic Co-operation and Development (OECD) and IRENA Public Finance Database, 2025, The international Renewable Energy Agency (IRENA)",376.21
2022,EG_IFF_RANDN,231,TRT_SOLAR,CON_USD,2025-03-14T00:00:00,A,6,2022,2023,"Commitments by recipient country, in million USD at 2022 prices and exchange rates (using donor country deflators). The aggregated figures only include the historical list of developing countries with a few modifications to account for the shifting nature of international public finance.","DAC Statistics database, 2025, The Organisation for Economic Co-operation and Development (OECD) and IRENA Public Finance Database, 2025, The international Renewable Energy Agency (IRENA)",0.63
2023,EG_IFF_RANDN,231,TRT_SOLAR,CON_USD,2025-03-14T00:00:00,A,6,2022,2023,"Commitments by recipient country, in million USD at 2022 prices and exchange rates (using donor country deflators). The aggregated figures only include the historical list of developing countries with a few modifications to account for the shifting nature of international public finance.","DAC Statistics database, 2025, The Organisation for Economic Co-operation and Development (OECD) and IRENA Public Finance Database, 2025, The international Renewable Energy Agency (IRENA)",1.52
2000,EG_IFF_RANDN,231,TRT_WIND,CON_USD,2025-03-14T00:00:00,A,6,2022,2023,"Commitments by recipient country, in million USD at 2022 prices and exchange rates (using donor country deflators). The aggregated figures only include the historical list of developing countries with a few modifications to account for the shifting nature of international public finance.","DAC Statistics database, 2025, The Organisation for Economic Co-operation and Development (OECD) and IRENA Public Finance Database, 2025, The international Renewable Energy Agency (IRENA)",0.0
2001,EG_IFF_RANDN,231,TRT_WIND,CON_USD,2025-03-14T00:00:00,A,6,2022,2023,"Commitments by recipient country, in million USD at 2022 prices and exchange rates (using donor country deflators). The aggregated figures only include the historical list of developing countries with a few modifications to account for the shifting nature of international public finance.","DAC Statistics database, 2025, The Organisation for Economic Co-operation and Development (OECD) and IRENA Public Finance Database, 2025, The international Renewable Energy Agency (IRENA)",0.0
2002,EG_IFF_RANDN,231,TRT_WIND,CON_USD,2025-03-14T00:00:00,A,6,2022,2023,"Commitments by recipient country, in million USD at 2022 prices and exchange rates (using donor country deflators). The aggregated figures only include the historical list of developing countries with a few modifications to account for the shifting nature of international public finance.","DAC Statistics database, 2025, The Organisation for Economic Co-operation and Development (OECD) and IRENA Public Finance Database, 2025, The international Renewable Energy Agency (IRENA)",0.0
2003,EG_IFF_RANDN,231,TRT_WIND,CON_USD,2025-03-14T00:00:00,A,6,2022,2023,"Commitments by recipient country, in million USD at 2022 prices and exchange rates (using donor country deflators). The aggregated figures only include the historical list of developing countries with a few modifications to account for the shifting nature of international public finance.","DAC Statistics database, 2025, The Organisation for Economic Co-operation and Development (OECD) and IRENA Public Finance Database, 2025, The international Renewable Energy Agency (IRENA)",0.0
2004,EG_IFF_RANDN,231,TRT_WIND,CON_USD,2025-03-14T00:00:00,A,6,2022,2023,"Commitments by recipient country, in million USD at 2022 prices and exchange rates (using donor country deflators). The aggregated figures only include the historical list of developing countries with a few modifications to account for the shifting nature of international public finance.","DAC Statistics database, 2025, The Organisation for Economic Co-operation and Development (OECD) and IRENA Public Finance Database, 2025, The international Renewable Energy Agency (IRENA)",0.21
2005,EG_IFF_RANDN,231,TRT_WIND,CON_USD,2025-03-14T00:00:00,A,6,2022,2023,"Commitments by recipient country, in million USD at 2022 prices and exchange rates (using donor country deflators). The aggregated figures only include the historical list of developing countries with a few modifications to account for the shifting nature of international public finance.","DAC Statistics database, 2025, The Organisation for Economic Co-operation and Development (OECD) and IRENA Public Finance Database, 2025, The international Renewable Energy Agency (IRENA)",0.11
2006,EG_IFF_RANDN,231,TRT_WIND,CON_USD,2025-03-14T00:00:00,A,6,2022,2023,"Commitments by recipient country, in million USD at 2022 prices and exchange rates (using donor country deflators). The aggregated figures only include the historical list of developing countries with a few modifications to account for the shifting nature of international public finance.","DAC Statistics database, 2025, The Organisation for Economic Co-operation and Development (OECD) and IRENA Public Finance Database, 2025, The international Renewable Energy Agency (IRENA)",0.0
2007,EG_IFF_RANDN,231,TRT_WIND,CON_USD,2025-03-14T00:00:00,A,6,2022,2023,"Commitments by recipient country, in million USD at 2022 prices and exchange rates (using donor country deflators). The aggregated figures only include the historical list of developing countries with a few modifications to account for the shifting nature of international public finance.","DAC Statistics database, 2025, The Organisation for Economic Co-operation and Development (OECD) and IRENA Public Finance Database, 2025, The international Renewable Energy Agency (IRENA)",0.0
2008,EG_IFF_RANDN,231,TRT_WIND,CON_USD,2025-03-14T00:00:00,A,6,2022,2023,"Commitments by recipient country, in million USD at 2022 prices and exchange rates (using donor country deflators). The aggregated figures only include the historical list of developing countries with a few modifications to account for the shifting nature of international public finance.","DAC Statistics database, 2025, The Organisation for Economic Co-operation and Development (OECD) and IRENA Public Finance Database, 2025, The international Renewable Energy Agency (IRENA)",0.0
2009,EG_IFF_RANDN,231,TRT_WIND,CON_USD,2025-03-14T00:00:00,A,6,2022,2023,"Commitments by recipient country, in million USD at 2022 prices and exchange rates (using donor country deflators). The aggregated figures only include the historical list of developing countries with a few modifications to account for the shifting nature of international public finance.","DAC Statistics database, 2025, The Organisation for Economic Co-operation and Development (OECD) and IRENA Public Finance Database, 2025, The international Renewable Energy Agency (IRENA)",55.58
2010,EG_IFF_RANDN,231,TRT_WIND,CON_USD,2025-03-14T00:00:00,A,6,2022,2023,"Commitments by recipient country, in million USD at 2022 prices and exchange rates (using donor country deflators). The aggregated figures only include the historical list of developing countries with a few modifications to account for the shifting nature of international public finance.","DAC Statistics database, 2025, The Organisation for Economic Co-operation and Development (OECD) and IRENA Public Finance Database, 2025, The international Renewable Energy Agency (IRENA)",135.36
2011,EG_IFF_RANDN,231,TRT_WIND,CON_USD,2025-03-14T00:00:00,A,6,2022,2023,"Commitments by recipient country, in million USD at 2022 prices and exchange rates (using donor country deflators). The aggregated figures only include the historical list of developing countries with a few modifications to account for the shifting nature of international public finance.","DAC Statistics database, 2025, The Organisation for Economic Co-operation and Development (OECD) and IRENA Public Finance Database, 2025, The international Renewable Energy Agency (IRENA)",0.0
2012,EG_IFF_RANDN,231,TRT_WIND,CON_USD,2025-03-14T00:00:00,A,6,2022,2023,"Commitments by recipient country, in million USD at 2022 prices and exchange rates (using donor country deflators). The aggregated figures only include the historical list of developing countries with a few modifications to account for the shifting nature of international public finance.","DAC Statistics database, 2025, The Organisation for Economic Co-operation and Development (OECD) and IRENA Public Finance Database, 2025, The international Renewable Energy Agency (IRENA)",0.0
2013,EG_IFF_RANDN,231,TRT_WIND,CON_USD,2025-03-14T00:00:00,A,6,2022,2023,"Commitments by recipient country, in million USD at 2022 prices and exchange rates (using donor country deflators). The aggregated figures only include the historical list of developing countries with a few modifications to account for the shifting nature of international public finance.","DAC Statistics database, 2025, The Organisation for Economic Co-operation and Development (OECD) and IRENA Public Finance Database, 2025, The international Renewable Energy Agency (IRENA)",320.93
2014,EG_IFF_RANDN,231,TRT_WIND,CON_USD,2025-03-14T00:00:00,A,6,2022,2023,"Commitments by recipient country, in million USD at 2022 prices and exchange rates (using donor country deflators). The aggregated figures only include the historical list of developing countries with a few modifications to account for the shifting nature of international public finance.","DAC Statistics database, 2025, The Organisation for Economic Co-operation and Development (OECD) and IRENA Public Finance Database, 2025, The international Renewable Energy Agency (IRENA)",0.0
2015,EG_IFF_RANDN,231,TRT_WIND,CON_USD,2025-03-14T00:00:00,A,6,2022,2023,"Commitments by recipient country, in million USD at 2022 prices and exchange rates (using donor country deflators). The aggregated figures only include the historical list of developing countries with a few modifications to account for the shifting nature of international public finance.","DAC Statistics database, 2025, The Organisation for Economic Co-operation and Development (OECD) and IRENA Public Finance Database, 2025, The international Renewable Energy Agency (IRENA)",0.0
2016,EG_IFF_RANDN,231,TRT_WIND,CON_USD,2025-03-14T00:00:00,A,6,2022,2023,"Commitments by recipient country, in million USD at 2022 prices and exchange rates (using donor country deflators). The aggregated figures only include the historical list of developing countries with a few modifications to account for the shifting nature of international public finance.","DAC Statistics database, 2025, The Organisation for Economic Co-operation and Development (OECD) and IRENA Public Finance Database, 2025, The international Renewable Energy Agency (IRENA)",4.66
2017,EG_IFF_RANDN,231,TRT_WIND,CON_USD,2025-03-14T00:00:00,A,6,2022,2023,"Commitments by recipient country, in million USD at 2022 prices and exchange rates (using donor country deflators). The aggregated figures only include the historical list of developing countries with a few modifications to account for the shifting nature of international public finance.","DAC Statistics database, 2025, The Organisation for Economic Co-operation and Development (OECD) and IRENA Public Finance Database, 2025, The international Renewable Energy Agency (IRENA)",248.79
2018,EG_IFF_RANDN,231,TRT_WIND,CON_USD,2025-03-14T00:00:00,A,6,2022,2023,"Commitments by recipient country, in million USD at 2022 prices and exchange rates (using donor country deflators). The aggregated figures only include the historical list of developing countries with a few modifications to account for the shifting nature of international public finance.","DAC Statistics database, 2025, The Organisation for Economic Co-operation and Development (OECD) and IRENA Public Finance Database, 2025, The international Renewable Energy Agency (IRENA)",1.4
2019,EG_IFF_RANDN,231,TRT_WIND,CON_USD,2025-03-14T00:00:00,A,6,2022,2023,"Commitments by recipient country, in million USD at 2022 prices and exchange rates (using donor country deflators). The aggregated figures only include the historical list of developing countries with a few modifications to account for the shifting nature of international public finance.","DAC Statistics database, 2025, The Organisation for Economic Co-operation and Development (OECD) and IRENA Public Finance Database, 2025, The international Renewable Energy Agency (IRENA)",56.4
2020,EG_IFF_RANDN,231,TRT_WIND,CON_USD,2025-03-14T00:00:00,A,6,2022,2023,"Commitments by recipient country, in million USD at 2022 prices and exchange rates (using donor country deflators). The aggregated figures only include the historical list of developing countries with a few modifications to account for the shifting nature of international public finance.","DAC Statistics database, 2025, The Organisation for Economic Co-operation and Development (OECD) and IRENA Public Finance Database, 2025, The international Renewable Energy Agency (IRENA)",0.0
2021,EG_IFF_RANDN,231,TRT_WIND,CON_USD,2025-03-14T00:00:00,A,6,2022,2023,"Commitments by recipient country, in million USD at 2022 prices and exchange rates (using donor country deflators). The aggregated figures only include the historical list of developing countries with a few modifications to account for the shifting nature of international public finance.","DAC Statistics database, 2025, The Organisation for Economic Co-operation and Development (OECD) and IRENA Public Finance Database, 2025, The international Renewable Energy Agency (IRENA)",22.76
2022,EG_IFF_RANDN,231,TRT_WIND,CON_USD,2025-03-14T00:00:00,A,6,2022,2023,"Commitments by recipient country, in million USD at 2022 prices and exchange rates (using donor country deflators). The aggregated figures only include the historical list of developing countries with a few modifications to account for the shifting nature of international public finance.","DAC Statistics database, 2025, The Organisation for Economic Co-operation and Development (OECD) and IRENA Public Finance Database, 2025, The international Renewable Energy Agency (IRENA)",0.08
2023,EG_IFF_RANDN,231,TRT_WIND,CON_USD,2025-03-14T00:00:00,A,6,2022,2023,"Commitments by recipient country, in million USD at 2022 prices and exchange rates (using donor country deflators). The aggregated figures only include the historical list of developing countries with a few modifications to account for the shifting nature of international public finance.","DAC Statistics database, 2025, The Organisation for Economic Co-operation and Development (OECD) and IRENA Public Finance Database, 2025, The international Renewable Energy Agency (IRENA)",20.52
