Year,SERIES,REF_AREA,SEX,URBANISATION,INCOME_WEALTH_QUANTILE,EDUCATION_LEV,UNIT_MEASURE,DATA_LAST_UPDATE,OBS_STATUS,UNIT_MULT,TIME_DETAIL,SOURCE_DETAIL,COMMENT_OBS,Value
2000,SE_TOT_CPLR,231,None,None,None,ISCED11_1,PT,2025-03-05T00:00:00,A,0,2019,Ethiopian Socioeconomic Survey (ESS) 2018-19. The survey collected data on school attendance and educational attainment for age 4 and above. Data extracted on 25 February 2025.,,17.93961
2005,SE_TOT_CPLR,231,None,None,None,ISCED11_1,PT,2025-03-05T00:00:00,A,0,2019,Ethiopian Socioeconomic Survey (ESS) 2018-19. The survey collected data on school attendance and educational attainment for age 4 and above. Data extracted on 25 February 2025.,,28.21768
2007,SE_TOT_CPLR,231,None,None,None,ISCED11_1,PT,2025-03-05T00:00:00,A,0,2019,Ethiopian Socioeconomic Survey (ESS) 2018-19. The survey collected data on school attendance and educational attainment for age 4 and above. Data extracted on 25 February 2025.,,26.56874
2011,SE_TOT_CPLR,231,None,None,None,ISCED11_1,PT,2025-03-05T00:00:00,A,0,2019,Ethiopian Socioeconomic Survey (ESS) 2018-19. The survey collected data on school attendance and educational attainment for age 4 and above. Data extracted on 25 February 2025.,,39.57277
2016,SE_TOT_CPLR,231,None,None,None,ISCED11_1,PT,2025-03-05T00:00:00,A,0,2019,Ethiopian Socioeconomic Survey (ESS) 2018-19. The survey collected data on school attendance and educational attainment for age 4 and above. Data extracted on 25 February 2025.,,49.312
2019,SE_TOT_CPLR,231,None,None,None,ISCED11_1,PT,2025-03-05T00:00:00,A,0,2019,Ethiopian Socioeconomic Survey (ESS) 2018-19. The survey collected data on school attendance and educational attainment for age 4 and above. Data extracted on 25 February 2025.,,55.64854
2000,SE_TOT_CPLR,231,None,None,None,ISCED11_2,PT,2025-03-05T00:00:00,A,0,2019,Ethiopian Socioeconomic Survey (ESS) 2018-19. The survey collected data on school attendance and educational attainment for age 4 and above. Data extracted on 25 February 2025.,,6.56303
2005,SE_TOT_CPLR,231,None,None,None,ISCED11_2,PT,2025-03-05T00:00:00,A,0,2019,Ethiopian Socioeconomic Survey (ESS) 2018-19. The survey collected data on school attendance and educational attainment for age 4 and above. Data extracted on 25 February 2025.,,9.40022
2007,SE_TOT_CPLR,231,None,None,None,ISCED11_2,PT,2025-03-05T00:00:00,A,0,2019,Ethiopian Socioeconomic Survey (ESS) 2018-19. The survey collected data on school attendance and educational attainment for age 4 and above. Data extracted on 25 February 2025.,,10.29303
2011,SE_TOT_CPLR,231,None,None,None,ISCED11_2,PT,2025-03-05T00:00:00,A,0,2019,Ethiopian Socioeconomic Survey (ESS) 2018-19. The survey collected data on school attendance and educational attainment for age 4 and above. Data extracted on 25 February 2025.,,16.44158
2016,SE_TOT_CPLR,231,None,None,None,ISCED11_2,PT,2025-03-05T00:00:00,A,0,2019,Ethiopian Socioeconomic Survey (ESS) 2018-19. The survey collected data on school attendance and educational attainment for age 4 and above. Data extracted on 25 February 2025.,,21.53879
2019,SE_TOT_CPLR,231,None,None,None,ISCED11_2,PT,2025-03-05T00:00:00,A,0,2019,Ethiopian Socioeconomic Survey (ESS) 2018-19. The survey collected data on school attendance and educational attainment for age 4 and above. Data extracted on 25 February 2025.,,28.45463
2000,SE_TOT_CPLR,231,None,None,None,ISCED11_3,PT,2025-03-05T00:00:00,A,0,2019,Ethiopian Socioeconomic Survey (ESS) 2018-19. The survey collected data on school attendance and educational attainment for age 4 and above. Data extracted on 25 February 2025.,,4.87441
2005,SE_TOT_CPLR,231,None,None,None,ISCED11_3,PT,2025-03-05T00:00:00,A,0,2019,Ethiopian Socioeconomic Survey (ESS) 2018-19. The survey collected data on school attendance and educational attainment for age 4 and above. Data extracted on 25 February 2025.,,8.6198
2007,SE_TOT_CPLR,231,None,None,None,ISCED11_3,PT,2025-03-05T00:00:00,A,0,2019,Ethiopian Socioeconomic Survey (ESS) 2018-19. The survey collected data on school attendance and educational attainment for age 4 and above. Data extracted on 25 February 2025.,,7.10116
2011,SE_TOT_CPLR,231,None,None,None,ISCED11_3,PT,2025-03-05T00:00:00,A,0,2019,Ethiopian Socioeconomic Survey (ESS) 2018-19. The survey collected data on school attendance and educational attainment for age 4 and above. Data extracted on 25 February 2025.,,12.15006
2016,SE_TOT_CPLR,231,None,None,None,ISCED11_3,PT,2025-03-05T00:00:00,A,0,2019,Ethiopian Socioeconomic Survey (ESS) 2018-19. The survey collected data on school attendance and educational attainment for age 4 and above. Data extracted on 25 February 2025.,,11.58551
2019,SE_TOT_CPLR,231,None,None,None,ISCED11_3,PT,2025-03-05T00:00:00,A,0,2019,Ethiopian Socioeconomic Survey (ESS) 2018-19. The survey collected data on school attendance and educational attainment for age 4 and above. Data extracted on 25 February 2025.,,15.54328
2000,SE_TOT_CPLR,231,None,None,Q1,ISCED11_1,PT,2025-03-05T00:00:00,A,0,2016,Ethiopia DHS 2016. The survey collected data on school attendance for age 5-24 and educational attainment for age 5 and above. Data extracted on 25 February 2025.,This data point is NOT APPLICABLE for the submitting nation.,0.0
2005,SE_TOT_CPLR,231,None,None,Q1,ISCED11_1,PT,2025-03-05T00:00:00,A,0,2016,Ethiopia DHS 2016. The survey collected data on school attendance for age 5-24 and educational attainment for age 5 and above. Data extracted on 25 February 2025.,This data point is NOT APPLICABLE for the submitting nation.,8.66241
2011,SE_TOT_CPLR,231,None,None,Q1,ISCED11_1,PT,2025-03-05T00:00:00,A,0,2016,Ethiopia DHS 2016. The survey collected data on school attendance for age 5-24 and educational attainment for age 5 and above. Data extracted on 25 February 2025.,This data point is NOT APPLICABLE for the submitting nation.,18.95529
2016,SE_TOT_CPLR,231,None,None,Q1,ISCED11_1,PT,2025-03-05T00:00:00,A,0,2016,Ethiopia DHS 2016. The survey collected data on school attendance for age 5-24 and educational attainment for age 5 and above. Data extracted on 25 February 2025.,This data point is NOT APPLICABLE for the submitting nation.,27.53656
2000,SE_TOT_CPLR,231,None,None,Q1,ISCED11_2,PT,2025-03-05T00:00:00,A,0,2016,Ethiopia DHS 2016. The survey collected data on school attendance for age 5-24 and educational attainment for age 5 and above. Data extracted on 25 February 2025.,This data point is NOT APPLICABLE for the submitting nation.,0.0
2005,SE_TOT_CPLR,231,None,None,Q1,ISCED11_2,PT,2025-03-05T00:00:00,A,0,2016,Ethiopia DHS 2016. The survey collected data on school attendance for age 5-24 and educational attainment for age 5 and above. Data extracted on 25 February 2025.,This data point is NOT APPLICABLE for the submitting nation.,0.2492
2011,SE_TOT_CPLR,231,None,None,Q1,ISCED11_2,PT,2025-03-05T00:00:00,A,0,2016,Ethiopia DHS 2016. The survey collected data on school attendance for age 5-24 and educational attainment for age 5 and above. Data extracted on 25 February 2025.,This data point is NOT APPLICABLE for the submitting nation.,1.57016
2016,SE_TOT_CPLR,231,None,None,Q1,ISCED11_2,PT,2025-03-05T00:00:00,A,0,2016,Ethiopia DHS 2016. The survey collected data on school attendance for age 5-24 and educational attainment for age 5 and above. Data extracted on 25 February 2025.,This data point is NOT APPLICABLE for the submitting nation.,4.63695
2000,SE_TOT_CPLR,231,None,None,Q1,ISCED11_3,PT,2025-03-05T00:00:00,A,0,2016,Ethiopia DHS 2016. The survey collected data on school attendance for age 5-24 and educational attainment for age 5 and above. Data extracted on 25 February 2025.,This data point is NOT APPLICABLE for the submitting nation.,0.0
2005,SE_TOT_CPLR,231,None,None,Q1,ISCED11_3,PT,2025-03-05T00:00:00,A,0,2016,Ethiopia DHS 2016. The survey collected data on school attendance for age 5-24 and educational attainment for age 5 and above. Data extracted on 25 February 2025.,This data point is NOT APPLICABLE for the submitting nation.,0.01274
2011,SE_TOT_CPLR,231,None,None,Q1,ISCED11_3,PT,2025-03-05T00:00:00,A,0,2016,Ethiopia DHS 2016. The survey collected data on school attendance for age 5-24 and educational attainment for age 5 and above. Data extracted on 25 February 2025.,This data point is NOT APPLICABLE for the submitting nation.,0.42736
2016,SE_TOT_CPLR,231,None,None,Q1,ISCED11_3,PT,2025-03-05T00:00:00,A,0,2016,Ethiopia DHS 2016. The survey collected data on school attendance for age 5-24 and educational attainment for age 5 and above. Data extracted on 25 February 2025.,This data point is NOT APPLICABLE for the submitting nation.,1.64035
2000,SE_TOT_CPLR,231,None,None,Q2,ISCED11_1,PT,2025-03-05T00:00:00,A,0,2016,Ethiopia DHS 2016. The survey collected data on school attendance for age 5-24 and educational attainment for age 5 and above. Data extracted on 25 February 2025.,This data point is NOT APPLICABLE for the submitting nation.,0.0
2005,SE_TOT_CPLR,231,None,None,Q2,ISCED11_1,PT,2025-03-05T00:00:00,A,0,2016,Ethiopia DHS 2016. The survey collected data on school attendance for age 5-24 and educational attainment for age 5 and above. Data extracted on 25 February 2025.,This data point is NOT APPLICABLE for the submitting nation.,12.6228
2011,SE_TOT_CPLR,231,None,None,Q2,ISCED11_1,PT,2025-03-05T00:00:00,A,0,2016,Ethiopia DHS 2016. The survey collected data on school attendance for age 5-24 and educational attainment for age 5 and above. Data extracted on 25 February 2025.,This data point is NOT APPLICABLE for the submitting nation.,23.49201
2016,SE_TOT_CPLR,231,None,None,Q2,ISCED11_1,PT,2025-03-05T00:00:00,A,0,2016,Ethiopia DHS 2016. The survey collected data on school attendance for age 5-24 and educational attainment for age 5 and above. Data extracted on 25 February 2025.,This data point is NOT APPLICABLE for the submitting nation.,31.47574
2000,SE_TOT_CPLR,231,None,None,Q2,ISCED11_2,PT,2025-03-05T00:00:00,A,0,2016,Ethiopia DHS 2016. The survey collected data on school attendance for age 5-24 and educational attainment for age 5 and above. Data extracted on 25 February 2025.,This data point is NOT APPLICABLE for the submitting nation.,0.0
2005,SE_TOT_CPLR,231,None,None,Q2,ISCED11_2,PT,2025-03-05T00:00:00,A,0,2016,Ethiopia DHS 2016. The survey collected data on school attendance for age 5-24 and educational attainment for age 5 and above. Data extracted on 25 February 2025.,This data point is NOT APPLICABLE for the submitting nation.,0.66289
2011,SE_TOT_CPLR,231,None,None,Q2,ISCED11_2,PT,2025-03-05T00:00:00,A,0,2016,Ethiopia DHS 2016. The survey collected data on school attendance for age 5-24 and educational attainment for age 5 and above. Data extracted on 25 February 2025.,This data point is NOT APPLICABLE for the submitting nation.,3.66946
2016,SE_TOT_CPLR,231,None,None,Q2,ISCED11_2,PT,2025-03-05T00:00:00,A,0,2016,Ethiopia DHS 2016. The survey collected data on school attendance for age 5-24 and educational attainment for age 5 and above. Data extracted on 25 February 2025.,This data point is NOT APPLICABLE for the submitting nation.,7.04087
2000,SE_TOT_CPLR,231,None,None,Q2,ISCED11_3,PT,2025-03-05T00:00:00,A,0,2016,Ethiopia DHS 2016. The survey collected data on school attendance for age 5-24 and educational attainment for age 5 and above. Data extracted on 25 February 2025.,This data point is NOT APPLICABLE for the submitting nation.,0.0
2005,SE_TOT_CPLR,231,None,None,Q2,ISCED11_3,PT,2025-03-05T00:00:00,A,0,2016,Ethiopia DHS 2016. The survey collected data on school attendance for age 5-24 and educational attainment for age 5 and above. Data extracted on 25 February 2025.,This data point is NOT APPLICABLE for the submitting nation.,0.16231
2011,SE_TOT_CPLR,231,None,None,Q2,ISCED11_3,PT,2025-03-05T00:00:00,A,0,2016,Ethiopia DHS 2016. The survey collected data on school attendance for age 5-24 and educational attainment for age 5 and above. Data extracted on 25 February 2025.,This data point is NOT APPLICABLE for the submitting nation.,1.0523
2016,SE_TOT_CPLR,231,None,None,Q2,ISCED11_3,PT,2025-03-05T00:00:00,A,0,2016,Ethiopia DHS 2016. The survey collected data on school attendance for age 5-24 and educational attainment for age 5 and above. Data extracted on 25 February 2025.,This data point is NOT APPLICABLE for the submitting nation.,1.98906
2000,SE_TOT_CPLR,231,None,None,Q3,ISCED11_1,PT,2025-03-05T00:00:00,A,0,2016,Ethiopia DHS 2016. The survey collected data on school attendance for age 5-24 and educational attainment for age 5 and above. Data extracted on 25 February 2025.,This data point is NOT APPLICABLE for the submitting nation.,0.0
2005,SE_TOT_CPLR,231,None,None,Q3,ISCED11_1,PT,2025-03-05T00:00:00,A,0,2016,Ethiopia DHS 2016. The survey collected data on school attendance for age 5-24 and educational attainment for age 5 and above. Data extracted on 25 February 2025.,This data point is NOT APPLICABLE for the submitting nation.,15.90299
2011,SE_TOT_CPLR,231,None,None,Q3,ISCED11_1,PT,2025-03-05T00:00:00,A,0,2016,Ethiopia DHS 2016. The survey collected data on school attendance for age 5-24 and educational attainment for age 5 and above. Data extracted on 25 February 2025.,This data point is NOT APPLICABLE for the submitting nation.,34.74504
2016,SE_TOT_CPLR,231,None,None,Q3,ISCED11_1,PT,2025-03-05T00:00:00,A,0,2016,Ethiopia DHS 2016. The survey collected data on school attendance for age 5-24 and educational attainment for age 5 and above. Data extracted on 25 February 2025.,This data point is NOT APPLICABLE for the submitting nation.,42.7393
2000,SE_TOT_CPLR,231,None,None,Q3,ISCED11_2,PT,2025-03-05T00:00:00,A,0,2016,Ethiopia DHS 2016. The survey collected data on school attendance for age 5-24 and educational attainment for age 5 and above. Data extracted on 25 February 2025.,This data point is NOT APPLICABLE for the submitting nation.,0.0
2005,SE_TOT_CPLR,231,None,None,Q3,ISCED11_2,PT,2025-03-05T00:00:00,A,0,2016,Ethiopia DHS 2016. The survey collected data on school attendance for age 5-24 and educational attainment for age 5 and above. Data extracted on 25 February 2025.,This data point is NOT APPLICABLE for the submitting nation.,1.24767
2011,SE_TOT_CPLR,231,None,None,Q3,ISCED11_2,PT,2025-03-05T00:00:00,A,0,2016,Ethiopia DHS 2016. The survey collected data on school attendance for age 5-24 and educational attainment for age 5 and above. Data extracted on 25 February 2025.,This data point is NOT APPLICABLE for the submitting nation.,5.56274
2016,SE_TOT_CPLR,231,None,None,Q3,ISCED11_2,PT,2025-03-05T00:00:00,A,0,2016,Ethiopia DHS 2016. The survey collected data on school attendance for age 5-24 and educational attainment for age 5 and above. Data extracted on 25 February 2025.,This data point is NOT APPLICABLE for the submitting nation.,11.93393
2000,SE_TOT_CPLR,231,None,None,Q3,ISCED11_3,PT,2025-03-05T00:00:00,A,0,2016,Ethiopia DHS 2016. The survey collected data on school attendance for age 5-24 and educational attainment for age 5 and above. Data extracted on 25 February 2025.,This data point is NOT APPLICABLE for the submitting nation.,0.0
2005,SE_TOT_CPLR,231,None,None,Q3,ISCED11_3,PT,2025-03-05T00:00:00,A,0,2016,Ethiopia DHS 2016. The survey collected data on school attendance for age 5-24 and educational attainment for age 5 and above. Data extracted on 25 February 2025.,This data point is NOT APPLICABLE for the submitting nation.,1.4792
2011,SE_TOT_CPLR,231,None,None,Q3,ISCED11_3,PT,2025-03-05T00:00:00,A,0,2016,Ethiopia DHS 2016. The survey collected data on school attendance for age 5-24 and educational attainment for age 5 and above. Data extracted on 25 February 2025.,This data point is NOT APPLICABLE for the submitting nation.,1.9922
2016,SE_TOT_CPLR,231,None,None,Q3,ISCED11_3,PT,2025-03-05T00:00:00,A,0,2016,Ethiopia DHS 2016. The survey collected data on school attendance for age 5-24 and educational attainment for age 5 and above. Data extracted on 25 February 2025.,This data point is NOT APPLICABLE for the submitting nation.,4.0903
2000,SE_TOT_CPLR,231,None,None,Q4,ISCED11_1,PT,2025-03-05T00:00:00,A,0,2016,Ethiopia DHS 2016. The survey collected data on school attendance for age 5-24 and educational attainment for age 5 and above. Data extracted on 25 February 2025.,This data point is NOT APPLICABLE for the submitting nation.,0.0
2005,SE_TOT_CPLR,231,None,None,Q4,ISCED11_1,PT,2025-03-05T00:00:00,A,0,2016,Ethiopia DHS 2016. The survey collected data on school attendance for age 5-24 and educational attainment for age 5 and above. Data extracted on 25 February 2025.,This data point is NOT APPLICABLE for the submitting nation.,26.81228
2011,SE_TOT_CPLR,231,None,None,Q4,ISCED11_1,PT,2025-03-05T00:00:00,A,0,2016,Ethiopia DHS 2016. The survey collected data on school attendance for age 5-24 and educational attainment for age 5 and above. Data extracted on 25 February 2025.,This data point is NOT APPLICABLE for the submitting nation.,40.35622
2016,SE_TOT_CPLR,231,None,None,Q4,ISCED11_1,PT,2025-03-05T00:00:00,A,0,2016,Ethiopia DHS 2016. The survey collected data on school attendance for age 5-24 and educational attainment for age 5 and above. Data extracted on 25 February 2025.,This data point is NOT APPLICABLE for the submitting nation.,49.95576
2000,SE_TOT_CPLR,231,None,None,Q4,ISCED11_2,PT,2025-03-05T00:00:00,A,0,2016,Ethiopia DHS 2016. The survey collected data on school attendance for age 5-24 and educational attainment for age 5 and above. Data extracted on 25 February 2025.,This data point is NOT APPLICABLE for the submitting nation.,0.0
2005,SE_TOT_CPLR,231,None,None,Q4,ISCED11_2,PT,2025-03-05T00:00:00,A,0,2016,Ethiopia DHS 2016. The survey collected data on school attendance for age 5-24 and educational attainment for age 5 and above. Data extracted on 25 February 2025.,This data point is NOT APPLICABLE for the submitting nation.,2.46738
2011,SE_TOT_CPLR,231,None,None,Q4,ISCED11_2,PT,2025-03-05T00:00:00,A,0,2016,Ethiopia DHS 2016. The survey collected data on school attendance for age 5-24 and educational attainment for age 5 and above. Data extracted on 25 February 2025.,This data point is NOT APPLICABLE for the submitting nation.,11.41567
2016,SE_TOT_CPLR,231,None,None,Q4,ISCED11_2,PT,2025-03-05T00:00:00,A,0,2016,Ethiopia DHS 2016. The survey collected data on school attendance for age 5-24 and educational attainment for age 5 and above. Data extracted on 25 February 2025.,This data point is NOT APPLICABLE for the submitting nation.,17.00457
2000,SE_TOT_CPLR,231,None,None,Q4,ISCED11_3,PT,2025-03-05T00:00:00,A,0,2016,Ethiopia DHS 2016. The survey collected data on school attendance for age 5-24 and educational attainment for age 5 and above. Data extracted on 25 February 2025.,This data point is NOT APPLICABLE for the submitting nation.,0.0
2005,SE_TOT_CPLR,231,None,None,Q4,ISCED11_3,PT,2025-03-05T00:00:00,A,0,2016,Ethiopia DHS 2016. The survey collected data on school attendance for age 5-24 and educational attainment for age 5 and above. Data extracted on 25 February 2025.,This data point is NOT APPLICABLE for the submitting nation.,0.63926
2011,SE_TOT_CPLR,231,None,None,Q4,ISCED11_3,PT,2025-03-05T00:00:00,A,0,2016,Ethiopia DHS 2016. The survey collected data on school attendance for age 5-24 and educational attainment for age 5 and above. Data extracted on 25 February 2025.,This data point is NOT APPLICABLE for the submitting nation.,5.41148
2016,SE_TOT_CPLR,231,None,None,Q4,ISCED11_3,PT,2025-03-05T00:00:00,A,0,2016,Ethiopia DHS 2016. The survey collected data on school attendance for age 5-24 and educational attainment for age 5 and above. Data extracted on 25 February 2025.,This data point is NOT APPLICABLE for the submitting nation.,6.92878
2000,SE_TOT_CPLR,231,None,None,Q5,ISCED11_1,PT,2025-03-05T00:00:00,A,0,2016,Ethiopia DHS 2016. The survey collected data on school attendance for age 5-24 and educational attainment for age 5 and above. Data extracted on 25 February 2025.,This data point is NOT APPLICABLE for the submitting nation.,0.0
2005,SE_TOT_CPLR,231,None,None,Q5,ISCED11_1,PT,2025-03-05T00:00:00,A,0,2016,Ethiopia DHS 2016. The survey collected data on school attendance for age 5-24 and educational attainment for age 5 and above. Data extracted on 25 February 2025.,This data point is NOT APPLICABLE for the submitting nation.,58.60991
2011,SE_TOT_CPLR,231,None,None,Q5,ISCED11_1,PT,2025-03-05T00:00:00,A,0,2016,Ethiopia DHS 2016. The survey collected data on school attendance for age 5-24 and educational attainment for age 5 and above. Data extracted on 25 February 2025.,This data point is NOT APPLICABLE for the submitting nation.,71.64056
2016,SE_TOT_CPLR,231,None,None,Q5,ISCED11_1,PT,2025-03-05T00:00:00,A,0,2016,Ethiopia DHS 2016. The survey collected data on school attendance for age 5-24 and educational attainment for age 5 and above. Data extracted on 25 February 2025.,This data point is NOT APPLICABLE for the submitting nation.,77.15413
2000,SE_TOT_CPLR,231,None,None,Q5,ISCED11_2,PT,2025-03-05T00:00:00,A,0,2016,Ethiopia DHS 2016. The survey collected data on school attendance for age 5-24 and educational attainment for age 5 and above. Data extracted on 25 February 2025.,This data point is NOT APPLICABLE for the submitting nation.,0.0
2005,SE_TOT_CPLR,231,None,None,Q5,ISCED11_2,PT,2025-03-05T00:00:00,A,0,2016,Ethiopia DHS 2016. The survey collected data on school attendance for age 5-24 and educational attainment for age 5 and above. Data extracted on 25 February 2025.,This data point is NOT APPLICABLE for the submitting nation.,31.96916
2011,SE_TOT_CPLR,231,None,None,Q5,ISCED11_2,PT,2025-03-05T00:00:00,A,0,2016,Ethiopia DHS 2016. The survey collected data on school attendance for age 5-24 and educational attainment for age 5 and above. Data extracted on 25 February 2025.,This data point is NOT APPLICABLE for the submitting nation.,44.23011
2016,SE_TOT_CPLR,231,None,None,Q5,ISCED11_2,PT,2025-03-05T00:00:00,A,0,2016,Ethiopia DHS 2016. The survey collected data on school attendance for age 5-24 and educational attainment for age 5 and above. Data extracted on 25 February 2025.,This data point is NOT APPLICABLE for the submitting nation.,54.68752
2000,SE_TOT_CPLR,231,None,None,Q5,ISCED11_3,PT,2025-03-05T00:00:00,A,0,2016,Ethiopia DHS 2016. The survey collected data on school attendance for age 5-24 and educational attainment for age 5 and above. Data extracted on 25 February 2025.,This data point is NOT APPLICABLE for the submitting nation.,0.0
2005,SE_TOT_CPLR,231,None,None,Q5,ISCED11_3,PT,2025-03-05T00:00:00,A,0,2016,Ethiopia DHS 2016. The survey collected data on school attendance for age 5-24 and educational attainment for age 5 and above. Data extracted on 25 February 2025.,This data point is NOT APPLICABLE for the submitting nation.,27.93622
2011,SE_TOT_CPLR,231,None,None,Q5,ISCED11_3,PT,2025-03-05T00:00:00,A,0,2016,Ethiopia DHS 2016. The survey collected data on school attendance for age 5-24 and educational attainment for age 5 and above. Data extracted on 25 February 2025.,This data point is NOT APPLICABLE for the submitting nation.,34.11806
2016,SE_TOT_CPLR,231,None,None,Q5,ISCED11_3,PT,2025-03-05T00:00:00,A,0,2016,Ethiopia DHS 2016. The survey collected data on school attendance for age 5-24 and educational attainment for age 5 and above. Data extracted on 25 February 2025.,This data point is NOT APPLICABLE for the submitting nation.,31.84807
2000,SE_TOT_CPLR,231,None,R,None,ISCED11_1,PT,2025-03-05T00:00:00,A,0,2019,Ethiopian Socioeconomic Survey (ESS) 2018-19. The survey collected data on school attendance and educational attainment for age 4 and above. Data extracted on 25 February 2025.,,6.27041
2005,SE_TOT_CPLR,231,None,R,None,ISCED11_1,PT,2025-03-05T00:00:00,A,0,2019,Ethiopian Socioeconomic Survey (ESS) 2018-19. The survey collected data on school attendance and educational attainment for age 4 and above. Data extracted on 25 February 2025.,,19.06296
2007,SE_TOT_CPLR,231,None,R,None,ISCED11_1,PT,2025-03-05T00:00:00,A,0,2019,Ethiopian Socioeconomic Survey (ESS) 2018-19. The survey collected data on school attendance and educational attainment for age 4 and above. Data extracted on 25 February 2025.,,16.6355
2011,SE_TOT_CPLR,231,None,R,None,ISCED11_1,PT,2025-03-05T00:00:00,A,0,2019,Ethiopian Socioeconomic Survey (ESS) 2018-19. The survey collected data on school attendance and educational attainment for age 4 and above. Data extracted on 25 February 2025.,,30.29867
2016,SE_TOT_CPLR,231,None,R,None,ISCED11_1,PT,2025-03-05T00:00:00,A,0,2019,Ethiopian Socioeconomic Survey (ESS) 2018-19. The survey collected data on school attendance and educational attainment for age 4 and above. Data extracted on 25 February 2025.,,40.81104
2019,SE_TOT_CPLR,231,None,R,None,ISCED11_1,PT,2025-03-05T00:00:00,A,0,2019,Ethiopian Socioeconomic Survey (ESS) 2018-19. The survey collected data on school attendance and educational attainment for age 4 and above. Data extracted on 25 February 2025.,,45.60757
2000,SE_TOT_CPLR,231,None,R,None,ISCED11_2,PT,2025-03-05T00:00:00,A,0,2019,Ethiopian Socioeconomic Survey (ESS) 2018-19. The survey collected data on school attendance and educational attainment for age 4 and above. Data extracted on 25 February 2025.,,1.61363
2005,SE_TOT_CPLR,231,None,R,None,ISCED11_2,PT,2025-03-05T00:00:00,A,0,2019,Ethiopian Socioeconomic Survey (ESS) 2018-19. The survey collected data on school attendance and educational attainment for age 4 and above. Data extracted on 25 February 2025.,,2.46284
2007,SE_TOT_CPLR,231,None,R,None,ISCED11_2,PT,2025-03-05T00:00:00,A,0,2019,Ethiopian Socioeconomic Survey (ESS) 2018-19. The survey collected data on school attendance and educational attainment for age 4 and above. Data extracted on 25 February 2025.,,3.23937
2011,SE_TOT_CPLR,231,None,R,None,ISCED11_2,PT,2025-03-05T00:00:00,A,0,2019,Ethiopian Socioeconomic Survey (ESS) 2018-19. The survey collected data on school attendance and educational attainment for age 4 and above. Data extracted on 25 February 2025.,,6.80727
2016,SE_TOT_CPLR,231,None,R,None,ISCED11_2,PT,2025-03-05T00:00:00,A,0,2019,Ethiopian Socioeconomic Survey (ESS) 2018-19. The survey collected data on school attendance and educational attainment for age 4 and above. Data extracted on 25 February 2025.,,11.8312
2019,SE_TOT_CPLR,231,None,R,None,ISCED11_2,PT,2025-03-05T00:00:00,A,0,2019,Ethiopian Socioeconomic Survey (ESS) 2018-19. The survey collected data on school attendance and educational attainment for age 4 and above. Data extracted on 25 February 2025.,,15.08952
2000,SE_TOT_CPLR,231,None,R,None,ISCED11_3,PT,2025-03-05T00:00:00,A,0,2019,Ethiopian Socioeconomic Survey (ESS) 2018-19. The survey collected data on school attendance and educational attainment for age 4 and above. Data extracted on 25 February 2025.,,1.47092
2005,SE_TOT_CPLR,231,None,R,None,ISCED11_3,PT,2025-03-05T00:00:00,A,0,2019,Ethiopian Socioeconomic Survey (ESS) 2018-19. The survey collected data on school attendance and educational attainment for age 4 and above. Data extracted on 25 February 2025.,,1.45952
2007,SE_TOT_CPLR,231,None,R,None,ISCED11_3,PT,2025-03-05T00:00:00,A,0,2019,Ethiopian Socioeconomic Survey (ESS) 2018-19. The survey collected data on school attendance and educational attainment for age 4 and above. Data extracted on 25 February 2025.,,2.29486
2011,SE_TOT_CPLR,231,None,R,None,ISCED11_3,PT,2025-03-05T00:00:00,A,0,2019,Ethiopian Socioeconomic Survey (ESS) 2018-19. The survey collected data on school attendance and educational attainment for age 4 and above. Data extracted on 25 February 2025.,,4.70004
2016,SE_TOT_CPLR,231,None,R,None,ISCED11_3,PT,2025-03-05T00:00:00,A,0,2019,Ethiopian Socioeconomic Survey (ESS) 2018-19. The survey collected data on school attendance and educational attainment for age 4 and above. Data extracted on 25 February 2025.,,4.81202
2019,SE_TOT_CPLR,231,None,R,None,ISCED11_3,PT,2025-03-05T00:00:00,A,0,2019,Ethiopian Socioeconomic Survey (ESS) 2018-19. The survey collected data on school attendance and educational attainment for age 4 and above. Data extracted on 25 February 2025.,,3.95268
2000,SE_TOT_CPLR,231,None,R,Q1,ISCED11_1,PT,2025-03-05T00:00:00,A,0,2016,Ethiopia DHS 2016. The survey collected data on school attendance for age 5-24 and educational attainment for age 5 and above. Data extracted on 25 February 2025.,This data point is NOT APPLICABLE for the submitting nation.,0.0
2005,SE_TOT_CPLR,231,None,R,Q1,ISCED11_1,PT,2025-03-05T00:00:00,A,0,2016,Ethiopia DHS 2016. The survey collected data on school attendance for age 5-24 and educational attainment for age 5 and above. Data extracted on 25 February 2025.,This data point is NOT APPLICABLE for the submitting nation.,8.66221
2011,SE_TOT_CPLR,231,None,R,Q1,ISCED11_1,PT,2025-03-05T00:00:00,A,0,2016,Ethiopia DHS 2016. The survey collected data on school attendance for age 5-24 and educational attainment for age 5 and above. Data extracted on 25 February 2025.,This data point is NOT APPLICABLE for the submitting nation.,17.73151
2016,SE_TOT_CPLR,231,None,R,Q1,ISCED11_1,PT,2025-03-05T00:00:00,A,0,2016,Ethiopia DHS 2016. The survey collected data on school attendance for age 5-24 and educational attainment for age 5 and above. Data extracted on 25 February 2025.,This data point is NOT APPLICABLE for the submitting nation.,24.65364
2000,SE_TOT_CPLR,231,None,R,Q1,ISCED11_2,PT,2025-03-05T00:00:00,A,0,2016,Ethiopia DHS 2016. The survey collected data on school attendance for age 5-24 and educational attainment for age 5 and above. Data extracted on 25 February 2025.,This data point is NOT APPLICABLE for the submitting nation.,0.0
2005,SE_TOT_CPLR,231,None,R,Q1,ISCED11_2,PT,2025-03-05T00:00:00,A,0,2016,Ethiopia DHS 2016. The survey collected data on school attendance for age 5-24 and educational attainment for age 5 and above. Data extracted on 25 February 2025.,This data point is NOT APPLICABLE for the submitting nation.,0.23344
2011,SE_TOT_CPLR,231,None,R,Q1,ISCED11_2,PT,2025-03-05T00:00:00,A,0,2016,Ethiopia DHS 2016. The survey collected data on school attendance for age 5-24 and educational attainment for age 5 and above. Data extracted on 25 February 2025.,This data point is NOT APPLICABLE for the submitting nation.,1.55851
2016,SE_TOT_CPLR,231,None,R,Q1,ISCED11_2,PT,2025-03-05T00:00:00,A,0,2016,Ethiopia DHS 2016. The survey collected data on school attendance for age 5-24 and educational attainment for age 5 and above. Data extracted on 25 February 2025.,This data point is NOT APPLICABLE for the submitting nation.,4.23431
2000,SE_TOT_CPLR,231,None,R,Q1,ISCED11_3,PT,2025-03-05T00:00:00,A,0,2016,Ethiopia DHS 2016. The survey collected data on school attendance for age 5-24 and educational attainment for age 5 and above. Data extracted on 25 February 2025.,This data point is NOT APPLICABLE for the submitting nation.,0.0
2005,SE_TOT_CPLR,231,None,R,Q1,ISCED11_3,PT,2025-03-05T00:00:00,A,0,2016,Ethiopia DHS 2016. The survey collected data on school attendance for age 5-24 and educational attainment for age 5 and above. Data extracted on 25 February 2025.,This data point is NOT APPLICABLE for the submitting nation.,0.01275
2011,SE_TOT_CPLR,231,None,R,Q1,ISCED11_3,PT,2025-03-05T00:00:00,A,0,2016,Ethiopia DHS 2016. The survey collected data on school attendance for age 5-24 and educational attainment for age 5 and above. Data extracted on 25 February 2025.,This data point is NOT APPLICABLE for the submitting nation.,0.38277
2016,SE_TOT_CPLR,231,None,R,Q1,ISCED11_3,PT,2025-03-05T00:00:00,A,0,2016,Ethiopia DHS 2016. The survey collected data on school attendance for age 5-24 and educational attainment for age 5 and above. Data extracted on 25 February 2025.,This data point is NOT APPLICABLE for the submitting nation.,1.59041
2000,SE_TOT_CPLR,231,None,R,Q2,ISCED11_1,PT,2025-03-05T00:00:00,A,0,2016,Ethiopia DHS 2016. The survey collected data on school attendance for age 5-24 and educational attainment for age 5 and above. Data extracted on 25 February 2025.,This data point is NOT APPLICABLE for the submitting nation.,0.0
2005,SE_TOT_CPLR,231,None,R,Q2,ISCED11_1,PT,2025-03-05T00:00:00,A,0,2016,Ethiopia DHS 2016. The survey collected data on school attendance for age 5-24 and educational attainment for age 5 and above. Data extracted on 25 February 2025.,This data point is NOT APPLICABLE for the submitting nation.,12.31148
2011,SE_TOT_CPLR,231,None,R,Q2,ISCED11_1,PT,2025-03-05T00:00:00,A,0,2016,Ethiopia DHS 2016. The survey collected data on school attendance for age 5-24 and educational attainment for age 5 and above. Data extracted on 25 February 2025.,This data point is NOT APPLICABLE for the submitting nation.,23.55543
2016,SE_TOT_CPLR,231,None,R,Q2,ISCED11_1,PT,2025-03-05T00:00:00,A,0,2016,Ethiopia DHS 2016. The survey collected data on school attendance for age 5-24 and educational attainment for age 5 and above. Data extracted on 25 February 2025.,This data point is NOT APPLICABLE for the submitting nation.,31.7145
2000,SE_TOT_CPLR,231,None,R,Q2,ISCED11_2,PT,2025-03-05T00:00:00,A,0,2016,Ethiopia DHS 2016. The survey collected data on school attendance for age 5-24 and educational attainment for age 5 and above. Data extracted on 25 February 2025.,This data point is NOT APPLICABLE for the submitting nation.,0.0
2005,SE_TOT_CPLR,231,None,R,Q2,ISCED11_2,PT,2025-03-05T00:00:00,A,0,2016,Ethiopia DHS 2016. The survey collected data on school attendance for age 5-24 and educational attainment for age 5 and above. Data extracted on 25 February 2025.,This data point is NOT APPLICABLE for the submitting nation.,0.65421
2011,SE_TOT_CPLR,231,None,R,Q2,ISCED11_2,PT,2025-03-05T00:00:00,A,0,2016,Ethiopia DHS 2016. The survey collected data on school attendance for age 5-24 and educational attainment for age 5 and above. Data extracted on 25 February 2025.,This data point is NOT APPLICABLE for the submitting nation.,3.3227
2016,SE_TOT_CPLR,231,None,R,Q2,ISCED11_2,PT,2025-03-05T00:00:00,A,0,2016,Ethiopia DHS 2016. The survey collected data on school attendance for age 5-24 and educational attainment for age 5 and above. Data extracted on 25 February 2025.,This data point is NOT APPLICABLE for the submitting nation.,6.7335
2000,SE_TOT_CPLR,231,None,R,Q2,ISCED11_3,PT,2025-03-05T00:00:00,A,0,2016,Ethiopia DHS 2016. The survey collected data on school attendance for age 5-24 and educational attainment for age 5 and above. Data extracted on 25 February 2025.,This data point is NOT APPLICABLE for the submitting nation.,0.0
2005,SE_TOT_CPLR,231,None,R,Q2,ISCED11_3,PT,2025-03-05T00:00:00,A,0,2016,Ethiopia DHS 2016. The survey collected data on school attendance for age 5-24 and educational attainment for age 5 and above. Data extracted on 25 February 2025.,This data point is NOT APPLICABLE for the submitting nation.,0.16326
2011,SE_TOT_CPLR,231,None,R,Q2,ISCED11_3,PT,2025-03-05T00:00:00,A,0,2016,Ethiopia DHS 2016. The survey collected data on school attendance for age 5-24 and educational attainment for age 5 and above. Data extracted on 25 February 2025.,This data point is NOT APPLICABLE for the submitting nation.,1.06132
2016,SE_TOT_CPLR,231,None,R,Q2,ISCED11_3,PT,2025-03-05T00:00:00,A,0,2016,Ethiopia DHS 2016. The survey collected data on school attendance for age 5-24 and educational attainment for age 5 and above. Data extracted on 25 February 2025.,This data point is NOT APPLICABLE for the submitting nation.,2.02242
2000,SE_TOT_CPLR,231,None,R,Q3,ISCED11_1,PT,2025-03-05T00:00:00,A,0,2016,Ethiopia DHS 2016. The survey collected data on school attendance for age 5-24 and educational attainment for age 5 and above. Data extracted on 25 February 2025.,This data point is NOT APPLICABLE for the submitting nation.,0.0
2005,SE_TOT_CPLR,231,None,R,Q3,ISCED11_1,PT,2025-03-05T00:00:00,A,0,2016,Ethiopia DHS 2016. The survey collected data on school attendance for age 5-24 and educational attainment for age 5 and above. Data extracted on 25 February 2025.,This data point is NOT APPLICABLE for the submitting nation.,15.98513
2011,SE_TOT_CPLR,231,None,R,Q3,ISCED11_1,PT,2025-03-05T00:00:00,A,0,2016,Ethiopia DHS 2016. The survey collected data on school attendance for age 5-24 and educational attainment for age 5 and above. Data extracted on 25 February 2025.,This data point is NOT APPLICABLE for the submitting nation.,34.29884
2016,SE_TOT_CPLR,231,None,R,Q3,ISCED11_1,PT,2025-03-05T00:00:00,A,0,2016,Ethiopia DHS 2016. The survey collected data on school attendance for age 5-24 and educational attainment for age 5 and above. Data extracted on 25 February 2025.,This data point is NOT APPLICABLE for the submitting nation.,42.76081
2000,SE_TOT_CPLR,231,None,R,Q3,ISCED11_2,PT,2025-03-05T00:00:00,A,0,2016,Ethiopia DHS 2016. The survey collected data on school attendance for age 5-24 and educational attainment for age 5 and above. Data extracted on 25 February 2025.,This data point is NOT APPLICABLE for the submitting nation.,0.0
2005,SE_TOT_CPLR,231,None,R,Q3,ISCED11_2,PT,2025-03-05T00:00:00,A,0,2016,Ethiopia DHS 2016. The survey collected data on school attendance for age 5-24 and educational attainment for age 5 and above. Data extracted on 25 February 2025.,This data point is NOT APPLICABLE for the submitting nation.,1.25024
2011,SE_TOT_CPLR,231,None,R,Q3,ISCED11_2,PT,2025-03-05T00:00:00,A,0,2016,Ethiopia DHS 2016. The survey collected data on school attendance for age 5-24 and educational attainment for age 5 and above. Data extracted on 25 February 2025.,This data point is NOT APPLICABLE for the submitting nation.,5.58032
2016,SE_TOT_CPLR,231,None,R,Q3,ISCED11_2,PT,2025-03-05T00:00:00,A,0,2016,Ethiopia DHS 2016. The survey collected data on school attendance for age 5-24 and educational attainment for age 5 and above. Data extracted on 25 February 2025.,This data point is NOT APPLICABLE for the submitting nation.,11.97933
2000,SE_TOT_CPLR,231,None,R,Q3,ISCED11_3,PT,2025-03-05T00:00:00,A,0,2016,Ethiopia DHS 2016. The survey collected data on school attendance for age 5-24 and educational attainment for age 5 and above. Data extracted on 25 February 2025.,This data point is NOT APPLICABLE for the submitting nation.,0.0
2005,SE_TOT_CPLR,231,None,R,Q3,ISCED11_3,PT,2025-03-05T00:00:00,A,0,2016,Ethiopia DHS 2016. The survey collected data on school attendance for age 5-24 and educational attainment for age 5 and above. Data extracted on 25 February 2025.,This data point is NOT APPLICABLE for the submitting nation.,1.49418
2011,SE_TOT_CPLR,231,None,R,Q3,ISCED11_3,PT,2025-03-05T00:00:00,A,0,2016,Ethiopia DHS 2016. The survey collected data on school attendance for age 5-24 and educational attainment for age 5 and above. Data extracted on 25 February 2025.,This data point is NOT APPLICABLE for the submitting nation.,1.99759
2016,SE_TOT_CPLR,231,None,R,Q3,ISCED11_3,PT,2025-03-05T00:00:00,A,0,2016,Ethiopia DHS 2016. The survey collected data on school attendance for age 5-24 and educational attainment for age 5 and above. Data extracted on 25 February 2025.,This data point is NOT APPLICABLE for the submitting nation.,4.13304
2000,SE_TOT_CPLR,231,None,R,Q4,ISCED11_1,PT,2025-03-05T00:00:00,A,0,2016,Ethiopia DHS 2016. The survey collected data on school attendance for age 5-24 and educational attainment for age 5 and above. Data extracted on 25 February 2025.,This data point is NOT APPLICABLE for the submitting nation.,0.0
2005,SE_TOT_CPLR,231,None,R,Q4,ISCED11_1,PT,2025-03-05T00:00:00,A,0,2016,Ethiopia DHS 2016. The survey collected data on school attendance for age 5-24 and educational attainment for age 5 and above. Data extracted on 25 February 2025.,This data point is NOT APPLICABLE for the submitting nation.,26.16389
2011,SE_TOT_CPLR,231,None,R,Q4,ISCED11_1,PT,2025-03-05T00:00:00,A,0,2016,Ethiopia DHS 2016. The survey collected data on school attendance for age 5-24 and educational attainment for age 5 and above. Data extracted on 25 February 2025.,This data point is NOT APPLICABLE for the submitting nation.,38.40943
2016,SE_TOT_CPLR,231,None,R,Q4,ISCED11_1,PT,2025-03-05T00:00:00,A,0,2016,Ethiopia DHS 2016. The survey collected data on school attendance for age 5-24 and educational attainment for age 5 and above. Data extracted on 25 February 2025.,This data point is NOT APPLICABLE for the submitting nation.,49.35089
2000,SE_TOT_CPLR,231,None,R,Q4,ISCED11_2,PT,2025-03-05T00:00:00,A,0,2016,Ethiopia DHS 2016. The survey collected data on school attendance for age 5-24 and educational attainment for age 5 and above. Data extracted on 25 February 2025.,This data point is NOT APPLICABLE for the submitting nation.,0.0
2005,SE_TOT_CPLR,231,None,R,Q4,ISCED11_2,PT,2025-03-05T00:00:00,A,0,2016,Ethiopia DHS 2016. The survey collected data on school attendance for age 5-24 and educational attainment for age 5 and above. Data extracted on 25 February 2025.,This data point is NOT APPLICABLE for the submitting nation.,2.44043
2011,SE_TOT_CPLR,231,None,R,Q4,ISCED11_2,PT,2025-03-05T00:00:00,A,0,2016,Ethiopia DHS 2016. The survey collected data on school attendance for age 5-24 and educational attainment for age 5 and above. Data extracted on 25 February 2025.,This data point is NOT APPLICABLE for the submitting nation.,10.57578
2016,SE_TOT_CPLR,231,None,R,Q4,ISCED11_2,PT,2025-03-05T00:00:00,A,0,2016,Ethiopia DHS 2016. The survey collected data on school attendance for age 5-24 and educational attainment for age 5 and above. Data extracted on 25 February 2025.,This data point is NOT APPLICABLE for the submitting nation.,16.74609
2000,SE_TOT_CPLR,231,None,R,Q4,ISCED11_3,PT,2025-03-05T00:00:00,A,0,2016,Ethiopia DHS 2016. The survey collected data on school attendance for age 5-24 and educational attainment for age 5 and above. Data extracted on 25 February 2025.,This data point is NOT APPLICABLE for the submitting nation.,0.0
2005,SE_TOT_CPLR,231,None,R,Q4,ISCED11_3,PT,2025-03-05T00:00:00,A,0,2016,Ethiopia DHS 2016. The survey collected data on school attendance for age 5-24 and educational attainment for age 5 and above. Data extracted on 25 February 2025.,This data point is NOT APPLICABLE for the submitting nation.,0.58674
2011,SE_TOT_CPLR,231,None,R,Q4,ISCED11_3,PT,2025-03-05T00:00:00,A,0,2016,Ethiopia DHS 2016. The survey collected data on school attendance for age 5-24 and educational attainment for age 5 and above. Data extracted on 25 February 2025.,This data point is NOT APPLICABLE for the submitting nation.,5.75364
2016,SE_TOT_CPLR,231,None,R,Q4,ISCED11_3,PT,2025-03-05T00:00:00,A,0,2016,Ethiopia DHS 2016. The survey collected data on school attendance for age 5-24 and educational attainment for age 5 and above. Data extracted on 25 February 2025.,This data point is NOT APPLICABLE for the submitting nation.,7.18325
2000,SE_TOT_CPLR,231,None,R,Q5,ISCED11_1,PT,2025-03-05T00:00:00,A,0,2016,Ethiopia DHS 2016. The survey collected data on school attendance for age 5-24 and educational attainment for age 5 and above. Data extracted on 25 February 2025.,This data point is NOT APPLICABLE for the submitting nation.,0.0
2005,SE_TOT_CPLR,231,None,R,Q5,ISCED11_1,PT,2025-03-05T00:00:00,A,0,2016,Ethiopia DHS 2016. The survey collected data on school attendance for age 5-24 and educational attainment for age 5 and above. Data extracted on 25 February 2025.,This data point is NOT APPLICABLE for the submitting nation.,37.8572
2011,SE_TOT_CPLR,231,None,R,Q5,ISCED11_1,PT,2025-03-05T00:00:00,A,0,2016,Ethiopia DHS 2016. The survey collected data on school attendance for age 5-24 and educational attainment for age 5 and above. Data extracted on 25 February 2025.,This data point is NOT APPLICABLE for the submitting nation.,51.14551
2016,SE_TOT_CPLR,231,None,R,Q5,ISCED11_1,PT,2025-03-05T00:00:00,A,0,2016,Ethiopia DHS 2016. The survey collected data on school attendance for age 5-24 and educational attainment for age 5 and above. Data extracted on 25 February 2025.,This data point is NOT APPLICABLE for the submitting nation.,64.09402
2000,SE_TOT_CPLR,231,None,R,Q5,ISCED11_2,PT,2025-03-05T00:00:00,A,0,2016,Ethiopia DHS 2016. The survey collected data on school attendance for age 5-24 and educational attainment for age 5 and above. Data extracted on 25 February 2025.,This data point is NOT APPLICABLE for the submitting nation.,0.0
2005,SE_TOT_CPLR,231,None,R,Q5,ISCED11_2,PT,2025-03-05T00:00:00,A,0,2016,Ethiopia DHS 2016. The survey collected data on school attendance for age 5-24 and educational attainment for age 5 and above. Data extracted on 25 February 2025.,This data point is NOT APPLICABLE for the submitting nation.,12.25153
2011,SE_TOT_CPLR,231,None,R,Q5,ISCED11_2,PT,2025-03-05T00:00:00,A,0,2016,Ethiopia DHS 2016. The survey collected data on school attendance for age 5-24 and educational attainment for age 5 and above. Data extracted on 25 February 2025.,This data point is NOT APPLICABLE for the submitting nation.,29.13598
2016,SE_TOT_CPLR,231,None,R,Q5,ISCED11_2,PT,2025-03-05T00:00:00,A,0,2016,Ethiopia DHS 2016. The survey collected data on school attendance for age 5-24 and educational attainment for age 5 and above. Data extracted on 25 February 2025.,This data point is NOT APPLICABLE for the submitting nation.,30.33668
2000,SE_TOT_CPLR,231,None,R,Q5,ISCED11_3,PT,2025-03-05T00:00:00,A,0,2016,Ethiopia DHS 2016. The survey collected data on school attendance for age 5-24 and educational attainment for age 5 and above. Data extracted on 25 February 2025.,This data point is NOT APPLICABLE for the submitting nation.,0.0
2005,SE_TOT_CPLR,231,None,R,Q5,ISCED11_3,PT,2025-03-05T00:00:00,A,0,2016,Ethiopia DHS 2016. The survey collected data on school attendance for age 5-24 and educational attainment for age 5 and above. Data extracted on 25 February 2025.,This data point is NOT APPLICABLE for the submitting nation.,8.64299
2011,SE_TOT_CPLR,231,None,R,Q5,ISCED11_3,PT,2025-03-05T00:00:00,A,0,2016,Ethiopia DHS 2016. The survey collected data on school attendance for age 5-24 and educational attainment for age 5 and above. Data extracted on 25 February 2025.,This data point is NOT APPLICABLE for the submitting nation.,34.87091
2016,SE_TOT_CPLR,231,None,R,Q5,ISCED11_3,PT,2025-03-05T00:00:00,A,0,2016,Ethiopia DHS 2016. The survey collected data on school attendance for age 5-24 and educational attainment for age 5 and above. Data extracted on 25 February 2025.,This data point is NOT APPLICABLE for the submitting nation.,13.90057
2000,SE_TOT_CPLR,231,None,U,None,ISCED11_1,PT,2025-03-05T00:00:00,A,0,2019,Ethiopian Socioeconomic Survey (ESS) 2018-19. The survey collected data on school attendance and educational attainment for age 4 and above. Data extracted on 25 February 2025.,,64.78995
2005,SE_TOT_CPLR,231,None,U,None,ISCED11_1,PT,2025-03-05T00:00:00,A,0,2019,Ethiopian Socioeconomic Survey (ESS) 2018-19. The survey collected data on school attendance and educational attainment for age 4 and above. Data extracted on 25 February 2025.,,70.06515
2007,SE_TOT_CPLR,231,None,U,None,ISCED11_1,PT,2025-03-05T00:00:00,A,0,2019,Ethiopian Socioeconomic Survey (ESS) 2018-19. The survey collected data on school attendance and educational attainment for age 4 and above. Data extracted on 25 February 2025.,,64.55776
2011,SE_TOT_CPLR,231,None,U,None,ISCED11_1,PT,2025-03-05T00:00:00,A,0,2019,Ethiopian Socioeconomic Survey (ESS) 2018-19. The survey collected data on school attendance and educational attainment for age 4 and above. Data extracted on 25 February 2025.,,74.1321
2016,SE_TOT_CPLR,231,None,U,None,ISCED11_1,PT,2025-03-05T00:00:00,A,0,2019,Ethiopian Socioeconomic Survey (ESS) 2018-19. The survey collected data on school attendance and educational attainment for age 4 and above. Data extracted on 25 February 2025.,,81.30916
2019,SE_TOT_CPLR,231,None,U,None,ISCED11_1,PT,2025-03-05T00:00:00,A,0,2019,Ethiopian Socioeconomic Survey (ESS) 2018-19. The survey collected data on school attendance and educational attainment for age 4 and above. Data extracted on 25 February 2025.,,79.58004
2000,SE_TOT_CPLR,231,None,U,None,ISCED11_2,PT,2025-03-05T00:00:00,A,0,2019,Ethiopian Socioeconomic Survey (ESS) 2018-19. The survey collected data on school attendance and educational attainment for age 4 and above. Data extracted on 25 February 2025.,,26.8961
2005,SE_TOT_CPLR,231,None,U,None,ISCED11_2,PT,2025-03-05T00:00:00,A,0,2019,Ethiopian Socioeconomic Survey (ESS) 2018-19. The survey collected data on school attendance and educational attainment for age 4 and above. Data extracted on 25 February 2025.,,41.08564
2007,SE_TOT_CPLR,231,None,U,None,ISCED11_2,PT,2025-03-05T00:00:00,A,0,2019,Ethiopian Socioeconomic Survey (ESS) 2018-19. The survey collected data on school attendance and educational attainment for age 4 and above. Data extracted on 25 February 2025.,,32.54817
2011,SE_TOT_CPLR,231,None,U,None,ISCED11_2,PT,2025-03-05T00:00:00,A,0,2019,Ethiopian Socioeconomic Survey (ESS) 2018-19. The survey collected data on school attendance and educational attainment for age 4 and above. Data extracted on 25 February 2025.,,44.77115
2016,SE_TOT_CPLR,231,None,U,None,ISCED11_2,PT,2025-03-05T00:00:00,A,0,2019,Ethiopian Socioeconomic Survey (ESS) 2018-19. The survey collected data on school attendance and educational attainment for age 4 and above. Data extracted on 25 February 2025.,,60.2228
2019,SE_TOT_CPLR,231,None,U,None,ISCED11_2,PT,2025-03-05T00:00:00,A,0,2019,Ethiopian Socioeconomic Survey (ESS) 2018-19. The survey collected data on school attendance and educational attainment for age 4 and above. Data extracted on 25 February 2025.,,49.98979
2000,SE_TOT_CPLR,231,None,U,None,ISCED11_3,PT,2025-03-05T00:00:00,A,0,2019,Ethiopian Socioeconomic Survey (ESS) 2018-19. The survey collected data on school attendance and educational attainment for age 4 and above. Data extracted on 25 February 2025.,,21.19282
2005,SE_TOT_CPLR,231,None,U,None,ISCED11_3,PT,2025-03-05T00:00:00,A,0,2019,Ethiopian Socioeconomic Survey (ESS) 2018-19. The survey collected data on school attendance and educational attainment for age 4 and above. Data extracted on 25 February 2025.,,34.57071
2007,SE_TOT_CPLR,231,None,U,None,ISCED11_3,PT,2025-03-05T00:00:00,A,0,2019,Ethiopian Socioeconomic Survey (ESS) 2018-19. The survey collected data on school attendance and educational attainment for age 4 and above. Data extracted on 25 February 2025.,,20.73738
2011,SE_TOT_CPLR,231,None,U,None,ISCED11_3,PT,2025-03-05T00:00:00,A,0,2019,Ethiopian Socioeconomic Survey (ESS) 2018-19. The survey collected data on school attendance and educational attainment for age 4 and above. Data extracted on 25 February 2025.,,32.03874
2016,SE_TOT_CPLR,231,None,U,None,ISCED11_3,PT,2025-03-05T00:00:00,A,0,2019,Ethiopian Socioeconomic Survey (ESS) 2018-19. The survey collected data on school attendance and educational attainment for age 4 and above. Data extracted on 25 February 2025.,,35.16322
2019,SE_TOT_CPLR,231,None,U,None,ISCED11_3,PT,2025-03-05T00:00:00,A,0,2019,Ethiopian Socioeconomic Survey (ESS) 2018-19. The survey collected data on school attendance and educational attainment for age 4 and above. Data extracted on 25 February 2025.,,33.70068
2000,SE_TOT_CPLR,231,None,U,Q1,ISCED11_1,PT,2025-03-05T00:00:00,A,0,2016,Ethiopia DHS 2016. The survey collected data on school attendance for age 5-24 and educational attainment for age 5 and above. Data extracted on 25 February 2025.,This data point is NOT APPLICABLE for the submitting nation.,0.0
2005,SE_TOT_CPLR,231,None,U,Q1,ISCED11_1,PT,2025-03-05T00:00:00,A,0,2016,Ethiopia DHS 2016. The survey collected data on school attendance for age 5-24 and educational attainment for age 5 and above. Data extracted on 25 February 2025.,This data point is NOT APPLICABLE for the submitting nation.,0.0
2011,SE_TOT_CPLR,231,None,U,Q1,ISCED11_1,PT,2025-03-05T00:00:00,A,0,2016,Ethiopia DHS 2016. The survey collected data on school attendance for age 5-24 and educational attainment for age 5 and above. Data extracted on 25 February 2025.,This data point is NOT APPLICABLE for the submitting nation.,59.93122
2016,SE_TOT_CPLR,231,None,U,Q1,ISCED11_1,PT,2025-03-05T00:00:00,A,0,2016,Ethiopia DHS 2016. The survey collected data on school attendance for age 5-24 and educational attainment for age 5 and above. Data extracted on 25 February 2025.,This data point is NOT APPLICABLE for the submitting nation.,92.65658
2000,SE_TOT_CPLR,231,None,U,Q1,ISCED11_2,PT,2025-03-05T00:00:00,A,0,2016,Ethiopia DHS 2016. The survey collected data on school attendance for age 5-24 and educational attainment for age 5 and above. Data extracted on 25 February 2025.,This data point is NOT APPLICABLE for the submitting nation.,0.0
2005,SE_TOT_CPLR,231,None,U,Q1,ISCED11_2,PT,2025-03-05T00:00:00,A,0,2016,Ethiopia DHS 2016. The survey collected data on school attendance for age 5-24 and educational attainment for age 5 and above. Data extracted on 25 February 2025.,This data point is NOT APPLICABLE for the submitting nation.,0.0
2011,SE_TOT_CPLR,231,None,U,Q1,ISCED11_2,PT,2025-03-05T00:00:00,A,0,2016,Ethiopia DHS 2016. The survey collected data on school attendance for age 5-24 and educational attainment for age 5 and above. Data extracted on 25 February 2025.,This data point is NOT APPLICABLE for the submitting nation.,0.0
2016,SE_TOT_CPLR,231,None,U,Q1,ISCED11_2,PT,2025-03-05T00:00:00,A,0,2016,Ethiopia DHS 2016. The survey collected data on school attendance for age 5-24 and educational attainment for age 5 and above. Data extracted on 25 February 2025.,This data point is NOT APPLICABLE for the submitting nation.,0.0
2000,SE_TOT_CPLR,231,None,U,Q1,ISCED11_3,PT,2025-03-05T00:00:00,A,0,2016,Ethiopia DHS 2016. The survey collected data on school attendance for age 5-24 and educational attainment for age 5 and above. Data extracted on 25 February 2025.,This data point is NOT APPLICABLE for the submitting nation.,0.0
2005,SE_TOT_CPLR,231,None,U,Q1,ISCED11_3,PT,2025-03-05T00:00:00,A,0,2016,Ethiopia DHS 2016. The survey collected data on school attendance for age 5-24 and educational attainment for age 5 and above. Data extracted on 25 February 2025.,This data point is NOT APPLICABLE for the submitting nation.,0.0
2011,SE_TOT_CPLR,231,None,U,Q1,ISCED11_3,PT,2025-03-05T00:00:00,A,0,2016,Ethiopia DHS 2016. The survey collected data on school attendance for age 5-24 and educational attainment for age 5 and above. Data extracted on 25 February 2025.,This data point is NOT APPLICABLE for the submitting nation.,0.0
2016,SE_TOT_CPLR,231,None,U,Q1,ISCED11_3,PT,2025-03-05T00:00:00,A,0,2016,Ethiopia DHS 2016. The survey collected data on school attendance for age 5-24 and educational attainment for age 5 and above. Data extracted on 25 February 2025.,This data point is NOT APPLICABLE for the submitting nation.,0.0
2000,SE_TOT_CPLR,231,None,U,Q2,ISCED11_1,PT,2025-03-05T00:00:00,A,0,2016,Ethiopia DHS 2016. The survey collected data on school attendance for age 5-24 and educational attainment for age 5 and above. Data extracted on 25 February 2025.,This data point is NOT APPLICABLE for the submitting nation.,0.0
2005,SE_TOT_CPLR,231,None,U,Q2,ISCED11_1,PT,2025-03-05T00:00:00,A,0,2016,Ethiopia DHS 2016. The survey collected data on school attendance for age 5-24 and educational attainment for age 5 and above. Data extracted on 25 February 2025.,This data point is NOT APPLICABLE for the submitting nation.,0.0
2011,SE_TOT_CPLR,231,None,U,Q2,ISCED11_1,PT,2025-03-05T00:00:00,A,0,2016,Ethiopia DHS 2016. The survey collected data on school attendance for age 5-24 and educational attainment for age 5 and above. Data extracted on 25 February 2025.,This data point is NOT APPLICABLE for the submitting nation.,0.0
2016,SE_TOT_CPLR,231,None,U,Q2,ISCED11_1,PT,2025-03-05T00:00:00,A,0,2016,Ethiopia DHS 2016. The survey collected data on school attendance for age 5-24 and educational attainment for age 5 and above. Data extracted on 25 February 2025.,This data point is NOT APPLICABLE for the submitting nation.,0.0
2000,SE_TOT_CPLR,231,None,U,Q2,ISCED11_2,PT,2025-03-05T00:00:00,A,0,2016,Ethiopia DHS 2016. The survey collected data on school attendance for age 5-24 and educational attainment for age 5 and above. Data extracted on 25 February 2025.,This data point is NOT APPLICABLE for the submitting nation.,0.0
2005,SE_TOT_CPLR,231,None,U,Q2,ISCED11_2,PT,2025-03-05T00:00:00,A,0,2016,Ethiopia DHS 2016. The survey collected data on school attendance for age 5-24 and educational attainment for age 5 and above. Data extracted on 25 February 2025.,This data point is NOT APPLICABLE for the submitting nation.,0.0
2011,SE_TOT_CPLR,231,None,U,Q2,ISCED11_2,PT,2025-03-05T00:00:00,A,0,2016,Ethiopia DHS 2016. The survey collected data on school attendance for age 5-24 and educational attainment for age 5 and above. Data extracted on 25 February 2025.,This data point is NOT APPLICABLE for the submitting nation.,0.0
2016,SE_TOT_CPLR,231,None,U,Q2,ISCED11_2,PT,2025-03-05T00:00:00,A,0,2016,Ethiopia DHS 2016. The survey collected data on school attendance for age 5-24 and educational attainment for age 5 and above. Data extracted on 25 February 2025.,This data point is NOT APPLICABLE for the submitting nation.,0.0
2000,SE_TOT_CPLR,231,None,U,Q2,ISCED11_3,PT,2025-03-05T00:00:00,A,0,2011,Ethiopia DHS 2011. The survey collected data on school attendance for age 5-24 and educational attainment for age 5 and above. Data extracted on 25 February 2025.,This data point is NOT APPLICABLE for the submitting nation.,0.0
2005,SE_TOT_CPLR,231,None,U,Q2,ISCED11_3,PT,2025-03-05T00:00:00,A,0,2011,Ethiopia DHS 2011. The survey collected data on school attendance for age 5-24 and educational attainment for age 5 and above. Data extracted on 25 February 2025.,This data point is NOT APPLICABLE for the submitting nation.,0.0
2011,SE_TOT_CPLR,231,None,U,Q2,ISCED11_3,PT,2025-03-05T00:00:00,A,0,2011,Ethiopia DHS 2011. The survey collected data on school attendance for age 5-24 and educational attainment for age 5 and above. Data extracted on 25 February 2025.,This data point is NOT APPLICABLE for the submitting nation.,0.0
2000,SE_TOT_CPLR,231,None,U,Q3,ISCED11_1,PT,2025-03-05T00:00:00,A,0,2016,Ethiopia DHS 2016. The survey collected data on school attendance for age 5-24 and educational attainment for age 5 and above. Data extracted on 25 February 2025.,This data point is NOT APPLICABLE for the submitting nation.,0.0
2005,SE_TOT_CPLR,231,None,U,Q3,ISCED11_1,PT,2025-03-05T00:00:00,A,0,2016,Ethiopia DHS 2016. The survey collected data on school attendance for age 5-24 and educational attainment for age 5 and above. Data extracted on 25 February 2025.,This data point is NOT APPLICABLE for the submitting nation.,0.0
2011,SE_TOT_CPLR,231,None,U,Q3,ISCED11_1,PT,2025-03-05T00:00:00,A,0,2016,Ethiopia DHS 2016. The survey collected data on school attendance for age 5-24 and educational attainment for age 5 and above. Data extracted on 25 February 2025.,This data point is NOT APPLICABLE for the submitting nation.,0.0
2016,SE_TOT_CPLR,231,None,U,Q3,ISCED11_1,PT,2025-03-05T00:00:00,A,0,2016,Ethiopia DHS 2016. The survey collected data on school attendance for age 5-24 and educational attainment for age 5 and above. Data extracted on 25 February 2025.,This data point is NOT APPLICABLE for the submitting nation.,0.0
2000,SE_TOT_CPLR,231,None,U,Q3,ISCED11_2,PT,2025-03-05T00:00:00,A,0,2016,Ethiopia DHS 2016. The survey collected data on school attendance for age 5-24 and educational attainment for age 5 and above. Data extracted on 25 February 2025.,This data point is NOT APPLICABLE for the submitting nation.,0.0
2005,SE_TOT_CPLR,231,None,U,Q3,ISCED11_2,PT,2025-03-05T00:00:00,A,0,2016,Ethiopia DHS 2016. The survey collected data on school attendance for age 5-24 and educational attainment for age 5 and above. Data extracted on 25 February 2025.,This data point is NOT APPLICABLE for the submitting nation.,0.0
2011,SE_TOT_CPLR,231,None,U,Q3,ISCED11_2,PT,2025-03-05T00:00:00,A,0,2016,Ethiopia DHS 2016. The survey collected data on school attendance for age 5-24 and educational attainment for age 5 and above. Data extracted on 25 February 2025.,This data point is NOT APPLICABLE for the submitting nation.,0.0
2016,SE_TOT_CPLR,231,None,U,Q3,ISCED11_2,PT,2025-03-05T00:00:00,A,0,2016,Ethiopia DHS 2016. The survey collected data on school attendance for age 5-24 and educational attainment for age 5 and above. Data extracted on 25 February 2025.,This data point is NOT APPLICABLE for the submitting nation.,0.0
2000,SE_TOT_CPLR,231,None,U,Q3,ISCED11_3,PT,2025-03-05T00:00:00,A,0,2011,Ethiopia DHS 2011. The survey collected data on school attendance for age 5-24 and educational attainment for age 5 and above. Data extracted on 25 February 2025.,This data point is NOT APPLICABLE for the submitting nation.,0.0
2005,SE_TOT_CPLR,231,None,U,Q3,ISCED11_3,PT,2025-03-05T00:00:00,A,0,2011,Ethiopia DHS 2011. The survey collected data on school attendance for age 5-24 and educational attainment for age 5 and above. Data extracted on 25 February 2025.,This data point is NOT APPLICABLE for the submitting nation.,0.0
2011,SE_TOT_CPLR,231,None,U,Q3,ISCED11_3,PT,2025-03-05T00:00:00,A,0,2011,Ethiopia DHS 2011. The survey collected data on school attendance for age 5-24 and educational attainment for age 5 and above. Data extracted on 25 February 2025.,This data point is NOT APPLICABLE for the submitting nation.,0.0
2000,SE_TOT_CPLR,231,None,U,Q4,ISCED11_1,PT,2025-03-05T00:00:00,A,0,2016,Ethiopia DHS 2016. The survey collected data on school attendance for age 5-24 and educational attainment for age 5 and above. Data extracted on 25 February 2025.,This data point is NOT APPLICABLE for the submitting nation.,0.0
2005,SE_TOT_CPLR,231,None,U,Q4,ISCED11_1,PT,2025-03-05T00:00:00,A,0,2016,Ethiopia DHS 2016. The survey collected data on school attendance for age 5-24 and educational attainment for age 5 and above. Data extracted on 25 February 2025.,This data point is NOT APPLICABLE for the submitting nation.,52.12518
2011,SE_TOT_CPLR,231,None,U,Q4,ISCED11_1,PT,2025-03-05T00:00:00,A,0,2016,Ethiopia DHS 2016. The survey collected data on school attendance for age 5-24 and educational attainment for age 5 and above. Data extracted on 25 February 2025.,This data point is NOT APPLICABLE for the submitting nation.,62.9163
2016,SE_TOT_CPLR,231,None,U,Q4,ISCED11_1,PT,2025-03-05T00:00:00,A,0,2016,Ethiopia DHS 2016. The survey collected data on school attendance for age 5-24 and educational attainment for age 5 and above. Data extracted on 25 February 2025.,This data point is NOT APPLICABLE for the submitting nation.,72.72835
2000,SE_TOT_CPLR,231,None,U,Q4,ISCED11_2,PT,2025-03-05T00:00:00,A,0,2016,Ethiopia DHS 2016. The survey collected data on school attendance for age 5-24 and educational attainment for age 5 and above. Data extracted on 25 February 2025.,This data point is NOT APPLICABLE for the submitting nation.,0.0
2005,SE_TOT_CPLR,231,None,U,Q4,ISCED11_2,PT,2025-03-05T00:00:00,A,0,2016,Ethiopia DHS 2016. The survey collected data on school attendance for age 5-24 and educational attainment for age 5 and above. Data extracted on 25 February 2025.,This data point is NOT APPLICABLE for the submitting nation.,3.30235
2011,SE_TOT_CPLR,231,None,U,Q4,ISCED11_2,PT,2025-03-05T00:00:00,A,0,2016,Ethiopia DHS 2016. The survey collected data on school attendance for age 5-24 and educational attainment for age 5 and above. Data extracted on 25 February 2025.,This data point is NOT APPLICABLE for the submitting nation.,21.5748
2016,SE_TOT_CPLR,231,None,U,Q4,ISCED11_2,PT,2025-03-05T00:00:00,A,0,2016,Ethiopia DHS 2016. The survey collected data on school attendance for age 5-24 and educational attainment for age 5 and above. Data extracted on 25 February 2025.,This data point is NOT APPLICABLE for the submitting nation.,0.0
2000,SE_TOT_CPLR,231,None,U,Q4,ISCED11_3,PT,2025-03-05T00:00:00,A,0,2016,Ethiopia DHS 2016. The survey collected data on school attendance for age 5-24 and educational attainment for age 5 and above. Data extracted on 25 February 2025.,This data point is NOT APPLICABLE for the submitting nation.,0.0
2005,SE_TOT_CPLR,231,None,U,Q4,ISCED11_3,PT,2025-03-05T00:00:00,A,0,2016,Ethiopia DHS 2016. The survey collected data on school attendance for age 5-24 and educational attainment for age 5 and above. Data extracted on 25 February 2025.,This data point is NOT APPLICABLE for the submitting nation.,0.0
2011,SE_TOT_CPLR,231,None,U,Q4,ISCED11_3,PT,2025-03-05T00:00:00,A,0,2016,Ethiopia DHS 2016. The survey collected data on school attendance for age 5-24 and educational attainment for age 5 and above. Data extracted on 25 February 2025.,This data point is NOT APPLICABLE for the submitting nation.,0.3682
2016,SE_TOT_CPLR,231,None,U,Q4,ISCED11_3,PT,2025-03-05T00:00:00,A,0,2016,Ethiopia DHS 2016. The survey collected data on school attendance for age 5-24 and educational attainment for age 5 and above. Data extracted on 25 February 2025.,This data point is NOT APPLICABLE for the submitting nation.,0.0
2000,SE_TOT_CPLR,231,None,U,Q5,ISCED11_1,PT,2025-03-05T00:00:00,A,0,2016,Ethiopia DHS 2016. The survey collected data on school attendance for age 5-24 and educational attainment for age 5 and above. Data extracted on 25 February 2025.,This data point is NOT APPLICABLE for the submitting nation.,0.0
2005,SE_TOT_CPLR,231,None,U,Q5,ISCED11_1,PT,2025-03-05T00:00:00,A,0,2016,Ethiopia DHS 2016. The survey collected data on school attendance for age 5-24 and educational attainment for age 5 and above. Data extracted on 25 February 2025.,This data point is NOT APPLICABLE for the submitting nation.,71.23605
2011,SE_TOT_CPLR,231,None,U,Q5,ISCED11_1,PT,2025-03-05T00:00:00,A,0,2016,Ethiopia DHS 2016. The survey collected data on school attendance for age 5-24 and educational attainment for age 5 and above. Data extracted on 25 February 2025.,This data point is NOT APPLICABLE for the submitting nation.,76.16745
2016,SE_TOT_CPLR,231,None,U,Q5,ISCED11_1,PT,2025-03-05T00:00:00,A,0,2016,Ethiopia DHS 2016. The survey collected data on school attendance for age 5-24 and educational attainment for age 5 and above. Data extracted on 25 February 2025.,This data point is NOT APPLICABLE for the submitting nation.,82.30431
2000,SE_TOT_CPLR,231,None,U,Q5,ISCED11_2,PT,2025-03-05T00:00:00,A,0,2016,Ethiopia DHS 2016. The survey collected data on school attendance for age 5-24 and educational attainment for age 5 and above. Data extracted on 25 February 2025.,This data point is NOT APPLICABLE for the submitting nation.,0.0
2005,SE_TOT_CPLR,231,None,U,Q5,ISCED11_2,PT,2025-03-05T00:00:00,A,0,2016,Ethiopia DHS 2016. The survey collected data on school attendance for age 5-24 and educational attainment for age 5 and above. Data extracted on 25 February 2025.,This data point is NOT APPLICABLE for the submitting nation.,42.98272
2011,SE_TOT_CPLR,231,None,U,Q5,ISCED11_2,PT,2025-03-05T00:00:00,A,0,2016,Ethiopia DHS 2016. The survey collected data on school attendance for age 5-24 and educational attainment for age 5 and above. Data extracted on 25 February 2025.,This data point is NOT APPLICABLE for the submitting nation.,47.05991
2016,SE_TOT_CPLR,231,None,U,Q5,ISCED11_2,PT,2025-03-05T00:00:00,A,0,2016,Ethiopia DHS 2016. The survey collected data on school attendance for age 5-24 and educational attainment for age 5 and above. Data extracted on 25 February 2025.,This data point is NOT APPLICABLE for the submitting nation.,62.85378
2000,SE_TOT_CPLR,231,None,U,Q5,ISCED11_3,PT,2025-03-05T00:00:00,A,0,2016,Ethiopia DHS 2016. The survey collected data on school attendance for age 5-24 and educational attainment for age 5 and above. Data extracted on 25 February 2025.,This data point is NOT APPLICABLE for the submitting nation.,0.0
2005,SE_TOT_CPLR,231,None,U,Q5,ISCED11_3,PT,2025-03-05T00:00:00,A,0,2016,Ethiopia DHS 2016. The survey collected data on school attendance for age 5-24 and educational attainment for age 5 and above. Data extracted on 25 February 2025.,This data point is NOT APPLICABLE for the submitting nation.,35.77419
2011,SE_TOT_CPLR,231,None,U,Q5,ISCED11_3,PT,2025-03-05T00:00:00,A,0,2016,Ethiopia DHS 2016. The survey collected data on school attendance for age 5-24 and educational attainment for age 5 and above. Data extracted on 25 February 2025.,This data point is NOT APPLICABLE for the submitting nation.,33.96898
2016,SE_TOT_CPLR,231,None,U,Q5,ISCED11_3,PT,2025-03-05T00:00:00,A,0,2016,Ethiopia DHS 2016. The survey collected data on school attendance for age 5-24 and educational attainment for age 5 and above. Data extracted on 25 February 2025.,This data point is NOT APPLICABLE for the submitting nation.,37.52018
2000,SE_TOT_CPLR,231,F,None,None,ISCED11_1,PT,2025-03-05T00:00:00,A,0,2019,Ethiopian Socioeconomic Survey (ESS) 2018-19. The survey collected data on school attendance and educational attainment for age 4 and above. Data extracted on 25 February 2025.,,16.20967
2005,SE_TOT_CPLR,231,F,None,None,ISCED11_1,PT,2025-03-05T00:00:00,A,0,2019,Ethiopian Socioeconomic Survey (ESS) 2018-19. The survey collected data on school attendance and educational attainment for age 4 and above. Data extracted on 25 February 2025.,,23.29575
2007,SE_TOT_CPLR,231,F,None,None,ISCED11_1,PT,2025-03-05T00:00:00,A,0,2019,Ethiopian Socioeconomic Survey (ESS) 2018-19. The survey collected data on school attendance and educational attainment for age 4 and above. Data extracted on 25 February 2025.,,25.37453
2011,SE_TOT_CPLR,231,F,None,None,ISCED11_1,PT,2025-03-05T00:00:00,A,0,2019,Ethiopian Socioeconomic Survey (ESS) 2018-19. The survey collected data on school attendance and educational attainment for age 4 and above. Data extracted on 25 February 2025.,,40.77654
2016,SE_TOT_CPLR,231,F,None,None,ISCED11_1,PT,2025-03-05T00:00:00,A,0,2019,Ethiopian Socioeconomic Survey (ESS) 2018-19. The survey collected data on school attendance and educational attainment for age 4 and above. Data extracted on 25 February 2025.,,48.96731
2019,SE_TOT_CPLR,231,F,None,None,ISCED11_1,PT,2025-03-05T00:00:00,A,0,2019,Ethiopian Socioeconomic Survey (ESS) 2018-19. The survey collected data on school attendance and educational attainment for age 4 and above. Data extracted on 25 February 2025.,,57.08392
2000,SE_TOT_CPLR,231,F,None,None,ISCED11_2,PT,2025-03-05T00:00:00,A,0,2019,Ethiopian Socioeconomic Survey (ESS) 2018-19. The survey collected data on school attendance and educational attainment for age 4 and above. Data extracted on 25 February 2025.,,5.15333
2005,SE_TOT_CPLR,231,F,None,None,ISCED11_2,PT,2025-03-05T00:00:00,A,0,2019,Ethiopian Socioeconomic Survey (ESS) 2018-19. The survey collected data on school attendance and educational attainment for age 4 and above. Data extracted on 25 February 2025.,,7.87459
2007,SE_TOT_CPLR,231,F,None,None,ISCED11_2,PT,2025-03-05T00:00:00,A,0,2019,Ethiopian Socioeconomic Survey (ESS) 2018-19. The survey collected data on school attendance and educational attainment for age 4 and above. Data extracted on 25 February 2025.,,8.50965
2011,SE_TOT_CPLR,231,F,None,None,ISCED11_2,PT,2025-03-05T00:00:00,A,0,2019,Ethiopian Socioeconomic Survey (ESS) 2018-19. The survey collected data on school attendance and educational attainment for age 4 and above. Data extracted on 25 February 2025.,,16.25557
2016,SE_TOT_CPLR,231,F,None,None,ISCED11_2,PT,2025-03-05T00:00:00,A,0,2019,Ethiopian Socioeconomic Survey (ESS) 2018-19. The survey collected data on school attendance and educational attainment for age 4 and above. Data extracted on 25 February 2025.,,21.46053
2019,SE_TOT_CPLR,231,F,None,None,ISCED11_2,PT,2025-03-05T00:00:00,A,0,2019,Ethiopian Socioeconomic Survey (ESS) 2018-19. The survey collected data on school attendance and educational attainment for age 4 and above. Data extracted on 25 February 2025.,,29.09936
2000,SE_TOT_CPLR,231,F,None,None,ISCED11_3,PT,2025-03-05T00:00:00,A,0,2019,Ethiopian Socioeconomic Survey (ESS) 2018-19. The survey collected data on school attendance and educational attainment for age 4 and above. Data extracted on 25 February 2025.,,4.58962
2005,SE_TOT_CPLR,231,F,None,None,ISCED11_3,PT,2025-03-05T00:00:00,A,0,2019,Ethiopian Socioeconomic Survey (ESS) 2018-19. The survey collected data on school attendance and educational attainment for age 4 and above. Data extracted on 25 February 2025.,,8.61178
2007,SE_TOT_CPLR,231,F,None,None,ISCED11_3,PT,2025-03-05T00:00:00,A,0,2019,Ethiopian Socioeconomic Survey (ESS) 2018-19. The survey collected data on school attendance and educational attainment for age 4 and above. Data extracted on 25 February 2025.,,5.90171
2011,SE_TOT_CPLR,231,F,None,None,ISCED11_3,PT,2025-03-05T00:00:00,A,0,2019,Ethiopian Socioeconomic Survey (ESS) 2018-19. The survey collected data on school attendance and educational attainment for age 4 and above. Data extracted on 25 February 2025.,,11.88501
2016,SE_TOT_CPLR,231,F,None,None,ISCED11_3,PT,2025-03-05T00:00:00,A,0,2019,Ethiopian Socioeconomic Survey (ESS) 2018-19. The survey collected data on school attendance and educational attainment for age 4 and above. Data extracted on 25 February 2025.,,11.81446
2019,SE_TOT_CPLR,231,F,None,None,ISCED11_3,PT,2025-03-05T00:00:00,A,0,2019,Ethiopian Socioeconomic Survey (ESS) 2018-19. The survey collected data on school attendance and educational attainment for age 4 and above. Data extracted on 25 February 2025.,,16.9285
2000,SE_TOT_CPLR,231,F,None,Q1,ISCED11_1,PT,2025-03-05T00:00:00,A,0,2016,Ethiopia DHS 2016. The survey collected data on school attendance for age 5-24 and educational attainment for age 5 and above. Data extracted on 25 February 2025.,This data point is NOT APPLICABLE for the submitting nation.,0.0
2005,SE_TOT_CPLR,231,F,None,Q1,ISCED11_1,PT,2025-03-05T00:00:00,A,0,2016,Ethiopia DHS 2016. The survey collected data on school attendance for age 5-24 and educational attainment for age 5 and above. Data extracted on 25 February 2025.,This data point is NOT APPLICABLE for the submitting nation.,5.81438
2011,SE_TOT_CPLR,231,F,None,Q1,ISCED11_1,PT,2025-03-05T00:00:00,A,0,2016,Ethiopia DHS 2016. The survey collected data on school attendance for age 5-24 and educational attainment for age 5 and above. Data extracted on 25 February 2025.,This data point is NOT APPLICABLE for the submitting nation.,21.48856
2016,SE_TOT_CPLR,231,F,None,Q1,ISCED11_1,PT,2025-03-05T00:00:00,A,0,2016,Ethiopia DHS 2016. The survey collected data on school attendance for age 5-24 and educational attainment for age 5 and above. Data extracted on 25 February 2025.,This data point is NOT APPLICABLE for the submitting nation.,26.70467
2000,SE_TOT_CPLR,231,F,None,Q1,ISCED11_2,PT,2025-03-05T00:00:00,A,0,2016,Ethiopia DHS 2016. The survey collected data on school attendance for age 5-24 and educational attainment for age 5 and above. Data extracted on 25 February 2025.,This data point is NIL for the submitting nation.,0.0
2005,SE_TOT_CPLR,231,F,None,Q1,ISCED11_2,PT,2025-03-05T00:00:00,A,0,2016,Ethiopia DHS 2016. The survey collected data on school attendance for age 5-24 and educational attainment for age 5 and above. Data extracted on 25 February 2025.,This data point is NIL for the submitting nation.,0.0
2011,SE_TOT_CPLR,231,F,None,Q1,ISCED11_2,PT,2025-03-05T00:00:00,A,0,2016,Ethiopia DHS 2016. The survey collected data on school attendance for age 5-24 and educational attainment for age 5 and above. Data extracted on 25 February 2025.,This data point is NIL for the submitting nation.,2.16112
2016,SE_TOT_CPLR,231,F,None,Q1,ISCED11_2,PT,2025-03-05T00:00:00,A,0,2016,Ethiopia DHS 2016. The survey collected data on school attendance for age 5-24 and educational attainment for age 5 and above. Data extracted on 25 February 2025.,This data point is NIL for the submitting nation.,5.54312
2000,SE_TOT_CPLR,231,F,None,Q1,ISCED11_3,PT,2025-03-05T00:00:00,A,0,2016,Ethiopia DHS 2016. The survey collected data on school attendance for age 5-24 and educational attainment for age 5 and above. Data extracted on 25 February 2025.,This data point is NIL for the submitting nation.,0.0
2005,SE_TOT_CPLR,231,F,None,Q1,ISCED11_3,PT,2025-03-05T00:00:00,A,0,2016,Ethiopia DHS 2016. The survey collected data on school attendance for age 5-24 and educational attainment for age 5 and above. Data extracted on 25 February 2025.,This data point is NIL for the submitting nation.,0.0
2011,SE_TOT_CPLR,231,F,None,Q1,ISCED11_3,PT,2025-03-05T00:00:00,A,0,2016,Ethiopia DHS 2016. The survey collected data on school attendance for age 5-24 and educational attainment for age 5 and above. Data extracted on 25 February 2025.,This data point is NIL for the submitting nation.,0.0
2016,SE_TOT_CPLR,231,F,None,Q1,ISCED11_3,PT,2025-03-05T00:00:00,A,0,2016,Ethiopia DHS 2016. The survey collected data on school attendance for age 5-24 and educational attainment for age 5 and above. Data extracted on 25 February 2025.,This data point is NIL for the submitting nation.,1.72988
2000,SE_TOT_CPLR,231,F,None,Q2,ISCED11_1,PT,2025-03-05T00:00:00,A,0,2016,Ethiopia DHS 2016. The survey collected data on school attendance for age 5-24 and educational attainment for age 5 and above. Data extracted on 25 February 2025.,This data point is NOT APPLICABLE for the submitting nation.,0.0
2005,SE_TOT_CPLR,231,F,None,Q2,ISCED11_1,PT,2025-03-05T00:00:00,A,0,2016,Ethiopia DHS 2016. The survey collected data on school attendance for age 5-24 and educational attainment for age 5 and above. Data extracted on 25 February 2025.,This data point is NOT APPLICABLE for the submitting nation.,5.17235
2011,SE_TOT_CPLR,231,F,None,Q2,ISCED11_1,PT,2025-03-05T00:00:00,A,0,2016,Ethiopia DHS 2016. The survey collected data on school attendance for age 5-24 and educational attainment for age 5 and above. Data extracted on 25 February 2025.,This data point is NOT APPLICABLE for the submitting nation.,25.29861
2016,SE_TOT_CPLR,231,F,None,Q2,ISCED11_1,PT,2025-03-05T00:00:00,A,0,2016,Ethiopia DHS 2016. The survey collected data on school attendance for age 5-24 and educational attainment for age 5 and above. Data extracted on 25 February 2025.,This data point is NOT APPLICABLE for the submitting nation.,27.02646
2000,SE_TOT_CPLR,231,F,None,Q2,ISCED11_2,PT,2025-03-05T00:00:00,A,0,2016,Ethiopia DHS 2016. The survey collected data on school attendance for age 5-24 and educational attainment for age 5 and above. Data extracted on 25 February 2025.,This data point is NOT APPLICABLE for the submitting nation.,0.0
2005,SE_TOT_CPLR,231,F,None,Q2,ISCED11_2,PT,2025-03-05T00:00:00,A,0,2016,Ethiopia DHS 2016. The survey collected data on school attendance for age 5-24 and educational attainment for age 5 and above. Data extracted on 25 February 2025.,This data point is NOT APPLICABLE for the submitting nation.,0.28614
2011,SE_TOT_CPLR,231,F,None,Q2,ISCED11_2,PT,2025-03-05T00:00:00,A,0,2016,Ethiopia DHS 2016. The survey collected data on school attendance for age 5-24 and educational attainment for age 5 and above. Data extracted on 25 February 2025.,This data point is NOT APPLICABLE for the submitting nation.,4.22048
2016,SE_TOT_CPLR,231,F,None,Q2,ISCED11_2,PT,2025-03-05T00:00:00,A,0,2016,Ethiopia DHS 2016. The survey collected data on school attendance for age 5-24 and educational attainment for age 5 and above. Data extracted on 25 February 2025.,This data point is NOT APPLICABLE for the submitting nation.,7.15515
2000,SE_TOT_CPLR,231,F,None,Q2,ISCED11_3,PT,2025-03-05T00:00:00,A,0,2016,Ethiopia DHS 2016. The survey collected data on school attendance for age 5-24 and educational attainment for age 5 and above. Data extracted on 25 February 2025.,This data point is NIL for the submitting nation.,0.0
2005,SE_TOT_CPLR,231,F,None,Q2,ISCED11_3,PT,2025-03-05T00:00:00,A,0,2016,Ethiopia DHS 2016. The survey collected data on school attendance for age 5-24 and educational attainment for age 5 and above. Data extracted on 25 February 2025.,This data point is NIL for the submitting nation.,0.0
2011,SE_TOT_CPLR,231,F,None,Q2,ISCED11_3,PT,2025-03-05T00:00:00,A,0,2016,Ethiopia DHS 2016. The survey collected data on school attendance for age 5-24 and educational attainment for age 5 and above. Data extracted on 25 February 2025.,This data point is NIL for the submitting nation.,0.57396
2016,SE_TOT_CPLR,231,F,None,Q2,ISCED11_3,PT,2025-03-05T00:00:00,A,0,2016,Ethiopia DHS 2016. The survey collected data on school attendance for age 5-24 and educational attainment for age 5 and above. Data extracted on 25 February 2025.,This data point is NIL for the submitting nation.,1.56479
2000,SE_TOT_CPLR,231,F,None,Q3,ISCED11_1,PT,2025-03-05T00:00:00,A,0,2016,Ethiopia DHS 2016. The survey collected data on school attendance for age 5-24 and educational attainment for age 5 and above. Data extracted on 25 February 2025.,This data point is NOT APPLICABLE for the submitting nation.,0.0
2005,SE_TOT_CPLR,231,F,None,Q3,ISCED11_1,PT,2025-03-05T00:00:00,A,0,2016,Ethiopia DHS 2016. The survey collected data on school attendance for age 5-24 and educational attainment for age 5 and above. Data extracted on 25 February 2025.,This data point is NOT APPLICABLE for the submitting nation.,12.62311
2011,SE_TOT_CPLR,231,F,None,Q3,ISCED11_1,PT,2025-03-05T00:00:00,A,0,2016,Ethiopia DHS 2016. The survey collected data on school attendance for age 5-24 and educational attainment for age 5 and above. Data extracted on 25 February 2025.,This data point is NOT APPLICABLE for the submitting nation.,34.81721
2016,SE_TOT_CPLR,231,F,None,Q3,ISCED11_1,PT,2025-03-05T00:00:00,A,0,2016,Ethiopia DHS 2016. The survey collected data on school attendance for age 5-24 and educational attainment for age 5 and above. Data extracted on 25 February 2025.,This data point is NOT APPLICABLE for the submitting nation.,44.76636
2000,SE_TOT_CPLR,231,F,None,Q3,ISCED11_2,PT,2025-03-05T00:00:00,A,0,2016,Ethiopia DHS 2016. The survey collected data on school attendance for age 5-24 and educational attainment for age 5 and above. Data extracted on 25 February 2025.,This data point is NOT APPLICABLE for the submitting nation.,0.0
2005,SE_TOT_CPLR,231,F,None,Q3,ISCED11_2,PT,2025-03-05T00:00:00,A,0,2016,Ethiopia DHS 2016. The survey collected data on school attendance for age 5-24 and educational attainment for age 5 and above. Data extracted on 25 February 2025.,This data point is NOT APPLICABLE for the submitting nation.,0.45789
2011,SE_TOT_CPLR,231,F,None,Q3,ISCED11_2,PT,2025-03-05T00:00:00,A,0,2016,Ethiopia DHS 2016. The survey collected data on school attendance for age 5-24 and educational attainment for age 5 and above. Data extracted on 25 February 2025.,This data point is NOT APPLICABLE for the submitting nation.,5.09501
2016,SE_TOT_CPLR,231,F,None,Q3,ISCED11_2,PT,2025-03-05T00:00:00,A,0,2016,Ethiopia DHS 2016. The survey collected data on school attendance for age 5-24 and educational attainment for age 5 and above. Data extracted on 25 February 2025.,This data point is NOT APPLICABLE for the submitting nation.,11.02549
2000,SE_TOT_CPLR,231,F,None,Q3,ISCED11_3,PT,2025-03-05T00:00:00,A,0,2016,Ethiopia DHS 2016. The survey collected data on school attendance for age 5-24 and educational attainment for age 5 and above. Data extracted on 25 February 2025.,This data point is NOT APPLICABLE for the submitting nation.,0.0
2005,SE_TOT_CPLR,231,F,None,Q3,ISCED11_3,PT,2025-03-05T00:00:00,A,0,2016,Ethiopia DHS 2016. The survey collected data on school attendance for age 5-24 and educational attainment for age 5 and above. Data extracted on 25 February 2025.,This data point is NOT APPLICABLE for the submitting nation.,0.5685
2011,SE_TOT_CPLR,231,F,None,Q3,ISCED11_3,PT,2025-03-05T00:00:00,A,0,2016,Ethiopia DHS 2016. The survey collected data on school attendance for age 5-24 and educational attainment for age 5 and above. Data extracted on 25 February 2025.,This data point is NOT APPLICABLE for the submitting nation.,0.63901
2016,SE_TOT_CPLR,231,F,None,Q3,ISCED11_3,PT,2025-03-05T00:00:00,A,0,2016,Ethiopia DHS 2016. The survey collected data on school attendance for age 5-24 and educational attainment for age 5 and above. Data extracted on 25 February 2025.,This data point is NOT APPLICABLE for the submitting nation.,4.41086
2000,SE_TOT_CPLR,231,F,None,Q4,ISCED11_1,PT,2025-03-05T00:00:00,A,0,2016,Ethiopia DHS 2016. The survey collected data on school attendance for age 5-24 and educational attainment for age 5 and above. Data extracted on 25 February 2025.,This data point is NOT APPLICABLE for the submitting nation.,0.0
2005,SE_TOT_CPLR,231,F,None,Q4,ISCED11_1,PT,2025-03-05T00:00:00,A,0,2016,Ethiopia DHS 2016. The survey collected data on school attendance for age 5-24 and educational attainment for age 5 and above. Data extracted on 25 February 2025.,This data point is NOT APPLICABLE for the submitting nation.,21.09463
2011,SE_TOT_CPLR,231,F,None,Q4,ISCED11_1,PT,2025-03-05T00:00:00,A,0,2016,Ethiopia DHS 2016. The survey collected data on school attendance for age 5-24 and educational attainment for age 5 and above. Data extracted on 25 February 2025.,This data point is NOT APPLICABLE for the submitting nation.,41.53206
2016,SE_TOT_CPLR,231,F,None,Q4,ISCED11_1,PT,2025-03-05T00:00:00,A,0,2016,Ethiopia DHS 2016. The survey collected data on school attendance for age 5-24 and educational attainment for age 5 and above. Data extracted on 25 February 2025.,This data point is NOT APPLICABLE for the submitting nation.,51.6991
2000,SE_TOT_CPLR,231,F,None,Q4,ISCED11_2,PT,2025-03-05T00:00:00,A,0,2016,Ethiopia DHS 2016. The survey collected data on school attendance for age 5-24 and educational attainment for age 5 and above. Data extracted on 25 February 2025.,This data point is NOT APPLICABLE for the submitting nation.,0.0
2005,SE_TOT_CPLR,231,F,None,Q4,ISCED11_2,PT,2025-03-05T00:00:00,A,0,2016,Ethiopia DHS 2016. The survey collected data on school attendance for age 5-24 and educational attainment for age 5 and above. Data extracted on 25 February 2025.,This data point is NOT APPLICABLE for the submitting nation.,0.80615
2011,SE_TOT_CPLR,231,F,None,Q4,ISCED11_2,PT,2025-03-05T00:00:00,A,0,2016,Ethiopia DHS 2016. The survey collected data on school attendance for age 5-24 and educational attainment for age 5 and above. Data extracted on 25 February 2025.,This data point is NOT APPLICABLE for the submitting nation.,11.06932
2016,SE_TOT_CPLR,231,F,None,Q4,ISCED11_2,PT,2025-03-05T00:00:00,A,0,2016,Ethiopia DHS 2016. The survey collected data on school attendance for age 5-24 and educational attainment for age 5 and above. Data extracted on 25 February 2025.,This data point is NOT APPLICABLE for the submitting nation.,16.20422
2000,SE_TOT_CPLR,231,F,None,Q4,ISCED11_3,PT,2025-03-05T00:00:00,A,0,2016,Ethiopia DHS 2016. The survey collected data on school attendance for age 5-24 and educational attainment for age 5 and above. Data extracted on 25 February 2025.,This data point is NOT APPLICABLE for the submitting nation.,0.0
2005,SE_TOT_CPLR,231,F,None,Q4,ISCED11_3,PT,2025-03-05T00:00:00,A,0,2016,Ethiopia DHS 2016. The survey collected data on school attendance for age 5-24 and educational attainment for age 5 and above. Data extracted on 25 February 2025.,This data point is NOT APPLICABLE for the submitting nation.,0.5949
2011,SE_TOT_CPLR,231,F,None,Q4,ISCED11_3,PT,2025-03-05T00:00:00,A,0,2016,Ethiopia DHS 2016. The survey collected data on school attendance for age 5-24 and educational attainment for age 5 and above. Data extracted on 25 February 2025.,This data point is NOT APPLICABLE for the submitting nation.,6.90105
2016,SE_TOT_CPLR,231,F,None,Q4,ISCED11_3,PT,2025-03-05T00:00:00,A,0,2016,Ethiopia DHS 2016. The survey collected data on school attendance for age 5-24 and educational attainment for age 5 and above. Data extracted on 25 February 2025.,This data point is NOT APPLICABLE for the submitting nation.,5.97279
2000,SE_TOT_CPLR,231,F,None,Q5,ISCED11_1,PT,2025-03-05T00:00:00,A,0,2016,Ethiopia DHS 2016. The survey collected data on school attendance for age 5-24 and educational attainment for age 5 and above. Data extracted on 25 February 2025.,This data point is NOT APPLICABLE for the submitting nation.,0.0
2005,SE_TOT_CPLR,231,F,None,Q5,ISCED11_1,PT,2025-03-05T00:00:00,A,0,2016,Ethiopia DHS 2016. The survey collected data on school attendance for age 5-24 and educational attainment for age 5 and above. Data extracted on 25 February 2025.,This data point is NOT APPLICABLE for the submitting nation.,50.3795
2011,SE_TOT_CPLR,231,F,None,Q5,ISCED11_1,PT,2025-03-05T00:00:00,A,0,2016,Ethiopia DHS 2016. The survey collected data on school attendance for age 5-24 and educational attainment for age 5 and above. Data extracted on 25 February 2025.,This data point is NOT APPLICABLE for the submitting nation.,69.34129
2016,SE_TOT_CPLR,231,F,None,Q5,ISCED11_1,PT,2025-03-05T00:00:00,A,0,2016,Ethiopia DHS 2016. The survey collected data on school attendance for age 5-24 and educational attainment for age 5 and above. Data extracted on 25 February 2025.,This data point is NOT APPLICABLE for the submitting nation.,75.70229
2000,SE_TOT_CPLR,231,F,None,Q5,ISCED11_2,PT,2025-03-05T00:00:00,A,0,2016,Ethiopia DHS 2016. The survey collected data on school attendance for age 5-24 and educational attainment for age 5 and above. Data extracted on 25 February 2025.,This data point is NOT APPLICABLE for the submitting nation.,0.0
2005,SE_TOT_CPLR,231,F,None,Q5,ISCED11_2,PT,2025-03-05T00:00:00,A,0,2016,Ethiopia DHS 2016. The survey collected data on school attendance for age 5-24 and educational attainment for age 5 and above. Data extracted on 25 February 2025.,This data point is NOT APPLICABLE for the submitting nation.,28.26991
2011,SE_TOT_CPLR,231,F,None,Q5,ISCED11_2,PT,2025-03-05T00:00:00,A,0,2016,Ethiopia DHS 2016. The survey collected data on school attendance for age 5-24 and educational attainment for age 5 and above. Data extracted on 25 February 2025.,This data point is NOT APPLICABLE for the submitting nation.,39.84681
2016,SE_TOT_CPLR,231,F,None,Q5,ISCED11_2,PT,2025-03-05T00:00:00,A,0,2016,Ethiopia DHS 2016. The survey collected data on school attendance for age 5-24 and educational attainment for age 5 and above. Data extracted on 25 February 2025.,This data point is NOT APPLICABLE for the submitting nation.,52.86362
2000,SE_TOT_CPLR,231,F,None,Q5,ISCED11_3,PT,2025-03-05T00:00:00,A,0,2016,Ethiopia DHS 2016. The survey collected data on school attendance for age 5-24 and educational attainment for age 5 and above. Data extracted on 25 February 2025.,This data point is NOT APPLICABLE for the submitting nation.,0.0
2005,SE_TOT_CPLR,231,F,None,Q5,ISCED11_3,PT,2025-03-05T00:00:00,A,0,2016,Ethiopia DHS 2016. The survey collected data on school attendance for age 5-24 and educational attainment for age 5 and above. Data extracted on 25 February 2025.,This data point is NOT APPLICABLE for the submitting nation.,27.34698
2011,SE_TOT_CPLR,231,F,None,Q5,ISCED11_3,PT,2025-03-05T00:00:00,A,0,2016,Ethiopia DHS 2016. The survey collected data on school attendance for age 5-24 and educational attainment for age 5 and above. Data extracted on 25 February 2025.,This data point is NOT APPLICABLE for the submitting nation.,31.6419
2016,SE_TOT_CPLR,231,F,None,Q5,ISCED11_3,PT,2025-03-05T00:00:00,A,0,2016,Ethiopia DHS 2016. The survey collected data on school attendance for age 5-24 and educational attainment for age 5 and above. Data extracted on 25 February 2025.,This data point is NOT APPLICABLE for the submitting nation.,31.66375
2000,SE_TOT_CPLR,231,F,R,None,ISCED11_1,PT,2025-03-05T00:00:00,A,0,2019,Ethiopian Socioeconomic Survey (ESS) 2018-19. The survey collected data on school attendance and educational attainment for age 4 and above. Data extracted on 25 February 2025.,,4.23655
2005,SE_TOT_CPLR,231,F,R,None,ISCED11_1,PT,2025-03-05T00:00:00,A,0,2019,Ethiopian Socioeconomic Survey (ESS) 2018-19. The survey collected data on school attendance and educational attainment for age 4 and above. Data extracted on 25 February 2025.,,13.86714
2007,SE_TOT_CPLR,231,F,R,None,ISCED11_1,PT,2025-03-05T00:00:00,A,0,2019,Ethiopian Socioeconomic Survey (ESS) 2018-19. The survey collected data on school attendance and educational attainment for age 4 and above. Data extracted on 25 February 2025.,,14.82923
2011,SE_TOT_CPLR,231,F,R,None,ISCED11_1,PT,2025-03-05T00:00:00,A,0,2019,Ethiopian Socioeconomic Survey (ESS) 2018-19. The survey collected data on school attendance and educational attainment for age 4 and above. Data extracted on 25 February 2025.,,31.01661
2016,SE_TOT_CPLR,231,F,R,None,ISCED11_1,PT,2025-03-05T00:00:00,A,0,2019,Ethiopian Socioeconomic Survey (ESS) 2018-19. The survey collected data on school attendance and educational attainment for age 4 and above. Data extracted on 25 February 2025.,,40.02563
2019,SE_TOT_CPLR,231,F,R,None,ISCED11_1,PT,2025-03-05T00:00:00,A,0,2019,Ethiopian Socioeconomic Survey (ESS) 2018-19. The survey collected data on school attendance and educational attainment for age 4 and above. Data extracted on 25 February 2025.,,45.18673
2000,SE_TOT_CPLR,231,F,R,None,ISCED11_2,PT,2025-03-05T00:00:00,A,0,2019,Ethiopian Socioeconomic Survey (ESS) 2018-19. The survey collected data on school attendance and educational attainment for age 4 and above. Data extracted on 25 February 2025.,,0.998
2005,SE_TOT_CPLR,231,F,R,None,ISCED11_2,PT,2025-03-05T00:00:00,A,0,2019,Ethiopian Socioeconomic Survey (ESS) 2018-19. The survey collected data on school attendance and educational attainment for age 4 and above. Data extracted on 25 February 2025.,,1.06032
2007,SE_TOT_CPLR,231,F,R,None,ISCED11_2,PT,2025-03-05T00:00:00,A,0,2019,Ethiopian Socioeconomic Survey (ESS) 2018-19. The survey collected data on school attendance and educational attainment for age 4 and above. Data extracted on 25 February 2025.,,2.45326
2011,SE_TOT_CPLR,231,F,R,None,ISCED11_2,PT,2025-03-05T00:00:00,A,0,2019,Ethiopian Socioeconomic Survey (ESS) 2018-19. The survey collected data on school attendance and educational attainment for age 4 and above. Data extracted on 25 February 2025.,,7.05138
2016,SE_TOT_CPLR,231,F,R,None,ISCED11_2,PT,2025-03-05T00:00:00,A,0,2019,Ethiopian Socioeconomic Survey (ESS) 2018-19. The survey collected data on school attendance and educational attainment for age 4 and above. Data extracted on 25 February 2025.,,11.06777
2019,SE_TOT_CPLR,231,F,R,None,ISCED11_2,PT,2025-03-05T00:00:00,A,0,2019,Ethiopian Socioeconomic Survey (ESS) 2018-19. The survey collected data on school attendance and educational attainment for age 4 and above. Data extracted on 25 February 2025.,,14.86666
2000,SE_TOT_CPLR,231,F,R,None,ISCED11_3,PT,2025-03-05T00:00:00,A,0,2019,Ethiopian Socioeconomic Survey (ESS) 2018-19. The survey collected data on school attendance and educational attainment for age 4 and above. Data extracted on 25 February 2025.,,1.43951
2005,SE_TOT_CPLR,231,F,R,None,ISCED11_3,PT,2025-03-05T00:00:00,A,0,2019,Ethiopian Socioeconomic Survey (ESS) 2018-19. The survey collected data on school attendance and educational attainment for age 4 and above. Data extracted on 25 February 2025.,,0.98078
2007,SE_TOT_CPLR,231,F,R,None,ISCED11_3,PT,2025-03-05T00:00:00,A,0,2019,Ethiopian Socioeconomic Survey (ESS) 2018-19. The survey collected data on school attendance and educational attainment for age 4 and above. Data extracted on 25 February 2025.,,1.61383
2011,SE_TOT_CPLR,231,F,R,None,ISCED11_3,PT,2025-03-05T00:00:00,A,0,2019,Ethiopian Socioeconomic Survey (ESS) 2018-19. The survey collected data on school attendance and educational attainment for age 4 and above. Data extracted on 25 February 2025.,,4.22688
2016,SE_TOT_CPLR,231,F,R,None,ISCED11_3,PT,2025-03-05T00:00:00,A,0,2019,Ethiopian Socioeconomic Survey (ESS) 2018-19. The survey collected data on school attendance and educational attainment for age 4 and above. Data extracted on 25 February 2025.,,4.13234
2019,SE_TOT_CPLR,231,F,R,None,ISCED11_3,PT,2025-03-05T00:00:00,A,0,2019,Ethiopian Socioeconomic Survey (ESS) 2018-19. The survey collected data on school attendance and educational attainment for age 4 and above. Data extracted on 25 February 2025.,,4.02728
2000,SE_TOT_CPLR,231,F,R,Q1,ISCED11_1,PT,2025-03-05T00:00:00,A,0,2016,Ethiopia DHS 2016. The survey collected data on school attendance for age 5-24 and educational attainment for age 5 and above. Data extracted on 25 February 2025.,This data point is NOT APPLICABLE for the submitting nation.,0.0
2005,SE_TOT_CPLR,231,F,R,Q1,ISCED11_1,PT,2025-03-05T00:00:00,A,0,2016,Ethiopia DHS 2016. The survey collected data on school attendance for age 5-24 and educational attainment for age 5 and above. Data extracted on 25 February 2025.,This data point is NOT APPLICABLE for the submitting nation.,5.77358
2011,SE_TOT_CPLR,231,F,R,Q1,ISCED11_1,PT,2025-03-05T00:00:00,A,0,2016,Ethiopia DHS 2016. The survey collected data on school attendance for age 5-24 and educational attainment for age 5 and above. Data extracted on 25 February 2025.,This data point is NOT APPLICABLE for the submitting nation.,19.11224
2016,SE_TOT_CPLR,231,F,R,Q1,ISCED11_1,PT,2025-03-05T00:00:00,A,0,2016,Ethiopia DHS 2016. The survey collected data on school attendance for age 5-24 and educational attainment for age 5 and above. Data extracted on 25 February 2025.,This data point is NOT APPLICABLE for the submitting nation.,25.05585
2000,SE_TOT_CPLR,231,F,R,Q1,ISCED11_2,PT,2025-03-05T00:00:00,A,0,2016,Ethiopia DHS 2016. The survey collected data on school attendance for age 5-24 and educational attainment for age 5 and above. Data extracted on 25 February 2025.,This data point is NIL for the submitting nation.,0.0
2005,SE_TOT_CPLR,231,F,R,Q1,ISCED11_2,PT,2025-03-05T00:00:00,A,0,2016,Ethiopia DHS 2016. The survey collected data on school attendance for age 5-24 and educational attainment for age 5 and above. Data extracted on 25 February 2025.,This data point is NIL for the submitting nation.,0.0
2011,SE_TOT_CPLR,231,F,R,Q1,ISCED11_2,PT,2025-03-05T00:00:00,A,0,2016,Ethiopia DHS 2016. The survey collected data on school attendance for age 5-24 and educational attainment for age 5 and above. Data extracted on 25 February 2025.,This data point is NIL for the submitting nation.,2.17245
2016,SE_TOT_CPLR,231,F,R,Q1,ISCED11_2,PT,2025-03-05T00:00:00,A,0,2016,Ethiopia DHS 2016. The survey collected data on school attendance for age 5-24 and educational attainment for age 5 and above. Data extracted on 25 February 2025.,This data point is NIL for the submitting nation.,4.82567
2000,SE_TOT_CPLR,231,F,R,Q1,ISCED11_3,PT,2025-03-05T00:00:00,A,0,2016,Ethiopia DHS 2016. The survey collected data on school attendance for age 5-24 and educational attainment for age 5 and above. Data extracted on 25 February 2025.,This data point is NIL for the submitting nation.,0.0
2005,SE_TOT_CPLR,231,F,R,Q1,ISCED11_3,PT,2025-03-05T00:00:00,A,0,2016,Ethiopia DHS 2016. The survey collected data on school attendance for age 5-24 and educational attainment for age 5 and above. Data extracted on 25 February 2025.,This data point is NIL for the submitting nation.,0.0
2011,SE_TOT_CPLR,231,F,R,Q1,ISCED11_3,PT,2025-03-05T00:00:00,A,0,2016,Ethiopia DHS 2016. The survey collected data on school attendance for age 5-24 and educational attainment for age 5 and above. Data extracted on 25 February 2025.,This data point is NIL for the submitting nation.,0.0
2016,SE_TOT_CPLR,231,F,R,Q1,ISCED11_3,PT,2025-03-05T00:00:00,A,0,2016,Ethiopia DHS 2016. The survey collected data on school attendance for age 5-24 and educational attainment for age 5 and above. Data extracted on 25 February 2025.,This data point is NIL for the submitting nation.,1.73563
2000,SE_TOT_CPLR,231,F,R,Q2,ISCED11_1,PT,2025-03-05T00:00:00,A,0,2016,Ethiopia DHS 2016. The survey collected data on school attendance for age 5-24 and educational attainment for age 5 and above. Data extracted on 25 February 2025.,This data point is NOT APPLICABLE for the submitting nation.,0.0
2005,SE_TOT_CPLR,231,F,R,Q2,ISCED11_1,PT,2025-03-05T00:00:00,A,0,2016,Ethiopia DHS 2016. The survey collected data on school attendance for age 5-24 and educational attainment for age 5 and above. Data extracted on 25 February 2025.,This data point is NOT APPLICABLE for the submitting nation.,4.50802
2011,SE_TOT_CPLR,231,F,R,Q2,ISCED11_1,PT,2025-03-05T00:00:00,A,0,2016,Ethiopia DHS 2016. The survey collected data on school attendance for age 5-24 and educational attainment for age 5 and above. Data extracted on 25 February 2025.,This data point is NOT APPLICABLE for the submitting nation.,25.31882
2016,SE_TOT_CPLR,231,F,R,Q2,ISCED11_1,PT,2025-03-05T00:00:00,A,0,2016,Ethiopia DHS 2016. The survey collected data on school attendance for age 5-24 and educational attainment for age 5 and above. Data extracted on 25 February 2025.,This data point is NOT APPLICABLE for the submitting nation.,27.12295
2000,SE_TOT_CPLR,231,F,R,Q2,ISCED11_2,PT,2025-03-05T00:00:00,A,0,2016,Ethiopia DHS 2016. The survey collected data on school attendance for age 5-24 and educational attainment for age 5 and above. Data extracted on 25 February 2025.,This data point is NOT APPLICABLE for the submitting nation.,0.0
2005,SE_TOT_CPLR,231,F,R,Q2,ISCED11_2,PT,2025-03-05T00:00:00,A,0,2016,Ethiopia DHS 2016. The survey collected data on school attendance for age 5-24 and educational attainment for age 5 and above. Data extracted on 25 February 2025.,This data point is NOT APPLICABLE for the submitting nation.,0.28633
2011,SE_TOT_CPLR,231,F,R,Q2,ISCED11_2,PT,2025-03-05T00:00:00,A,0,2016,Ethiopia DHS 2016. The survey collected data on school attendance for age 5-24 and educational attainment for age 5 and above. Data extracted on 25 February 2025.,This data point is NOT APPLICABLE for the submitting nation.,3.47453
2016,SE_TOT_CPLR,231,F,R,Q2,ISCED11_2,PT,2025-03-05T00:00:00,A,0,2016,Ethiopia DHS 2016. The survey collected data on school attendance for age 5-24 and educational attainment for age 5 and above. Data extracted on 25 February 2025.,This data point is NOT APPLICABLE for the submitting nation.,6.5838
2000,SE_TOT_CPLR,231,F,R,Q2,ISCED11_3,PT,2025-03-05T00:00:00,A,0,2016,Ethiopia DHS 2016. The survey collected data on school attendance for age 5-24 and educational attainment for age 5 and above. Data extracted on 25 February 2025.,This data point is NIL for the submitting nation.,0.0
2005,SE_TOT_CPLR,231,F,R,Q2,ISCED11_3,PT,2025-03-05T00:00:00,A,0,2016,Ethiopia DHS 2016. The survey collected data on school attendance for age 5-24 and educational attainment for age 5 and above. Data extracted on 25 February 2025.,This data point is NIL for the submitting nation.,0.0
2011,SE_TOT_CPLR,231,F,R,Q2,ISCED11_3,PT,2025-03-05T00:00:00,A,0,2016,Ethiopia DHS 2016. The survey collected data on school attendance for age 5-24 and educational attainment for age 5 and above. Data extracted on 25 February 2025.,This data point is NIL for the submitting nation.,0.58183
2016,SE_TOT_CPLR,231,F,R,Q2,ISCED11_3,PT,2025-03-05T00:00:00,A,0,2016,Ethiopia DHS 2016. The survey collected data on school attendance for age 5-24 and educational attainment for age 5 and above. Data extracted on 25 February 2025.,This data point is NIL for the submitting nation.,1.59598
2000,SE_TOT_CPLR,231,F,R,Q3,ISCED11_1,PT,2025-03-05T00:00:00,A,0,2016,Ethiopia DHS 2016. The survey collected data on school attendance for age 5-24 and educational attainment for age 5 and above. Data extracted on 25 February 2025.,This data point is NOT APPLICABLE for the submitting nation.,0.0
2005,SE_TOT_CPLR,231,F,R,Q3,ISCED11_1,PT,2025-03-05T00:00:00,A,0,2016,Ethiopia DHS 2016. The survey collected data on school attendance for age 5-24 and educational attainment for age 5 and above. Data extracted on 25 February 2025.,This data point is NOT APPLICABLE for the submitting nation.,12.70786
2011,SE_TOT_CPLR,231,F,R,Q3,ISCED11_1,PT,2025-03-05T00:00:00,A,0,2016,Ethiopia DHS 2016. The survey collected data on school attendance for age 5-24 and educational attainment for age 5 and above. Data extracted on 25 February 2025.,This data point is NOT APPLICABLE for the submitting nation.,33.84005
2016,SE_TOT_CPLR,231,F,R,Q3,ISCED11_1,PT,2025-03-05T00:00:00,A,0,2016,Ethiopia DHS 2016. The survey collected data on school attendance for age 5-24 and educational attainment for age 5 and above. Data extracted on 25 February 2025.,This data point is NOT APPLICABLE for the submitting nation.,45.00377
2000,SE_TOT_CPLR,231,F,R,Q3,ISCED11_2,PT,2025-03-05T00:00:00,A,0,2016,Ethiopia DHS 2016. The survey collected data on school attendance for age 5-24 and educational attainment for age 5 and above. Data extracted on 25 February 2025.,This data point is NOT APPLICABLE for the submitting nation.,0.0
2005,SE_TOT_CPLR,231,F,R,Q3,ISCED11_2,PT,2025-03-05T00:00:00,A,0,2016,Ethiopia DHS 2016. The survey collected data on school attendance for age 5-24 and educational attainment for age 5 and above. Data extracted on 25 February 2025.,This data point is NOT APPLICABLE for the submitting nation.,0.46315
2011,SE_TOT_CPLR,231,F,R,Q3,ISCED11_2,PT,2025-03-05T00:00:00,A,0,2016,Ethiopia DHS 2016. The survey collected data on school attendance for age 5-24 and educational attainment for age 5 and above. Data extracted on 25 February 2025.,This data point is NOT APPLICABLE for the submitting nation.,5.11002
2016,SE_TOT_CPLR,231,F,R,Q3,ISCED11_2,PT,2025-03-05T00:00:00,A,0,2016,Ethiopia DHS 2016. The survey collected data on school attendance for age 5-24 and educational attainment for age 5 and above. Data extracted on 25 February 2025.,This data point is NOT APPLICABLE for the submitting nation.,11.04006
2000,SE_TOT_CPLR,231,F,R,Q3,ISCED11_3,PT,2025-03-05T00:00:00,A,0,2016,Ethiopia DHS 2016. The survey collected data on school attendance for age 5-24 and educational attainment for age 5 and above. Data extracted on 25 February 2025.,This data point is NOT APPLICABLE for the submitting nation.,0.0
2005,SE_TOT_CPLR,231,F,R,Q3,ISCED11_3,PT,2025-03-05T00:00:00,A,0,2016,Ethiopia DHS 2016. The survey collected data on school attendance for age 5-24 and educational attainment for age 5 and above. Data extracted on 25 February 2025.,This data point is NOT APPLICABLE for the submitting nation.,0.57286
2011,SE_TOT_CPLR,231,F,R,Q3,ISCED11_3,PT,2025-03-05T00:00:00,A,0,2016,Ethiopia DHS 2016. The survey collected data on school attendance for age 5-24 and educational attainment for age 5 and above. Data extracted on 25 February 2025.,This data point is NOT APPLICABLE for the submitting nation.,0.64056
2016,SE_TOT_CPLR,231,F,R,Q3,ISCED11_3,PT,2025-03-05T00:00:00,A,0,2016,Ethiopia DHS 2016. The survey collected data on school attendance for age 5-24 and educational attainment for age 5 and above. Data extracted on 25 February 2025.,This data point is NOT APPLICABLE for the submitting nation.,4.41887
2000,SE_TOT_CPLR,231,F,R,Q4,ISCED11_1,PT,2025-03-05T00:00:00,A,0,2016,Ethiopia DHS 2016. The survey collected data on school attendance for age 5-24 and educational attainment for age 5 and above. Data extracted on 25 February 2025.,This data point is NOT APPLICABLE for the submitting nation.,0.0
2005,SE_TOT_CPLR,231,F,R,Q4,ISCED11_1,PT,2025-03-05T00:00:00,A,0,2016,Ethiopia DHS 2016. The survey collected data on school attendance for age 5-24 and educational attainment for age 5 and above. Data extracted on 25 February 2025.,This data point is NOT APPLICABLE for the submitting nation.,20.59031
2011,SE_TOT_CPLR,231,F,R,Q4,ISCED11_1,PT,2025-03-05T00:00:00,A,0,2016,Ethiopia DHS 2016. The survey collected data on school attendance for age 5-24 and educational attainment for age 5 and above. Data extracted on 25 February 2025.,This data point is NOT APPLICABLE for the submitting nation.,38.50382
2016,SE_TOT_CPLR,231,F,R,Q4,ISCED11_1,PT,2025-03-05T00:00:00,A,0,2016,Ethiopia DHS 2016. The survey collected data on school attendance for age 5-24 and educational attainment for age 5 and above. Data extracted on 25 February 2025.,This data point is NOT APPLICABLE for the submitting nation.,51.06016
2000,SE_TOT_CPLR,231,F,R,Q4,ISCED11_2,PT,2025-03-05T00:00:00,A,0,2016,Ethiopia DHS 2016. The survey collected data on school attendance for age 5-24 and educational attainment for age 5 and above. Data extracted on 25 February 2025.,This data point is NOT APPLICABLE for the submitting nation.,0.0
2005,SE_TOT_CPLR,231,F,R,Q4,ISCED11_2,PT,2025-03-05T00:00:00,A,0,2016,Ethiopia DHS 2016. The survey collected data on school attendance for age 5-24 and educational attainment for age 5 and above. Data extracted on 25 February 2025.,This data point is NOT APPLICABLE for the submitting nation.,0.83635
2011,SE_TOT_CPLR,231,F,R,Q4,ISCED11_2,PT,2025-03-05T00:00:00,A,0,2016,Ethiopia DHS 2016. The survey collected data on school attendance for age 5-24 and educational attainment for age 5 and above. Data extracted on 25 February 2025.,This data point is NOT APPLICABLE for the submitting nation.,11.2057
2016,SE_TOT_CPLR,231,F,R,Q4,ISCED11_2,PT,2025-03-05T00:00:00,A,0,2016,Ethiopia DHS 2016. The survey collected data on school attendance for age 5-24 and educational attainment for age 5 and above. Data extracted on 25 February 2025.,This data point is NOT APPLICABLE for the submitting nation.,15.48191
2000,SE_TOT_CPLR,231,F,R,Q4,ISCED11_3,PT,2025-03-05T00:00:00,A,0,2016,Ethiopia DHS 2016. The survey collected data on school attendance for age 5-24 and educational attainment for age 5 and above. Data extracted on 25 February 2025.,This data point is NOT APPLICABLE for the submitting nation.,0.0
2005,SE_TOT_CPLR,231,F,R,Q4,ISCED11_3,PT,2025-03-05T00:00:00,A,0,2016,Ethiopia DHS 2016. The survey collected data on school attendance for age 5-24 and educational attainment for age 5 and above. Data extracted on 25 February 2025.,This data point is NOT APPLICABLE for the submitting nation.,0.60584
2011,SE_TOT_CPLR,231,F,R,Q4,ISCED11_3,PT,2025-03-05T00:00:00,A,0,2016,Ethiopia DHS 2016. The survey collected data on school attendance for age 5-24 and educational attainment for age 5 and above. Data extracted on 25 February 2025.,This data point is NOT APPLICABLE for the submitting nation.,7.38961
2016,SE_TOT_CPLR,231,F,R,Q4,ISCED11_3,PT,2025-03-05T00:00:00,A,0,2016,Ethiopia DHS 2016. The survey collected data on school attendance for age 5-24 and educational attainment for age 5 and above. Data extracted on 25 February 2025.,This data point is NOT APPLICABLE for the submitting nation.,6.24317
2000,SE_TOT_CPLR,231,F,R,Q5,ISCED11_1,PT,2025-03-05T00:00:00,A,0,2016,Ethiopia DHS 2016. The survey collected data on school attendance for age 5-24 and educational attainment for age 5 and above. Data extracted on 25 February 2025.,This data point is NOT APPLICABLE for the submitting nation.,0.0
2005,SE_TOT_CPLR,231,F,R,Q5,ISCED11_1,PT,2025-03-05T00:00:00,A,0,2016,Ethiopia DHS 2016. The survey collected data on school attendance for age 5-24 and educational attainment for age 5 and above. Data extracted on 25 February 2025.,This data point is NOT APPLICABLE for the submitting nation.,31.25843
2011,SE_TOT_CPLR,231,F,R,Q5,ISCED11_1,PT,2025-03-05T00:00:00,A,0,2016,Ethiopia DHS 2016. The survey collected data on school attendance for age 5-24 and educational attainment for age 5 and above. Data extracted on 25 February 2025.,This data point is NOT APPLICABLE for the submitting nation.,50.47305
2016,SE_TOT_CPLR,231,F,R,Q5,ISCED11_1,PT,2025-03-05T00:00:00,A,0,2016,Ethiopia DHS 2016. The survey collected data on school attendance for age 5-24 and educational attainment for age 5 and above. Data extracted on 25 February 2025.,This data point is NOT APPLICABLE for the submitting nation.,61.79972
2000,SE_TOT_CPLR,231,F,R,Q5,ISCED11_2,PT,2025-03-05T00:00:00,A,0,2016,Ethiopia DHS 2016. The survey collected data on school attendance for age 5-24 and educational attainment for age 5 and above. Data extracted on 25 February 2025.,This data point is NOT APPLICABLE for the submitting nation.,0.0
2005,SE_TOT_CPLR,231,F,R,Q5,ISCED11_2,PT,2025-03-05T00:00:00,A,0,2016,Ethiopia DHS 2016. The survey collected data on school attendance for age 5-24 and educational attainment for age 5 and above. Data extracted on 25 February 2025.,This data point is NOT APPLICABLE for the submitting nation.,6.39956
2011,SE_TOT_CPLR,231,F,R,Q5,ISCED11_2,PT,2025-03-05T00:00:00,A,0,2016,Ethiopia DHS 2016. The survey collected data on school attendance for age 5-24 and educational attainment for age 5 and above. Data extracted on 25 February 2025.,This data point is NOT APPLICABLE for the submitting nation.,29.12404
2016,SE_TOT_CPLR,231,F,R,Q5,ISCED11_2,PT,2025-03-05T00:00:00,A,0,2016,Ethiopia DHS 2016. The survey collected data on school attendance for age 5-24 and educational attainment for age 5 and above. Data extracted on 25 February 2025.,This data point is NOT APPLICABLE for the submitting nation.,27.91347
2000,SE_TOT_CPLR,231,F,R,Q5,ISCED11_3,PT,2025-03-05T00:00:00,A,0,2016,Ethiopia DHS 2016. The survey collected data on school attendance for age 5-24 and educational attainment for age 5 and above. Data extracted on 25 February 2025.,This data point is NOT APPLICABLE for the submitting nation.,0.0
2005,SE_TOT_CPLR,231,F,R,Q5,ISCED11_3,PT,2025-03-05T00:00:00,A,0,2016,Ethiopia DHS 2016. The survey collected data on school attendance for age 5-24 and educational attainment for age 5 and above. Data extracted on 25 February 2025.,This data point is NOT APPLICABLE for the submitting nation.,7.14992
2011,SE_TOT_CPLR,231,F,R,Q5,ISCED11_3,PT,2025-03-05T00:00:00,A,0,2016,Ethiopia DHS 2016. The survey collected data on school attendance for age 5-24 and educational attainment for age 5 and above. Data extracted on 25 February 2025.,This data point is NOT APPLICABLE for the submitting nation.,27.87617
2016,SE_TOT_CPLR,231,F,R,Q5,ISCED11_3,PT,2025-03-05T00:00:00,A,0,2016,Ethiopia DHS 2016. The survey collected data on school attendance for age 5-24 and educational attainment for age 5 and above. Data extracted on 25 February 2025.,This data point is NOT APPLICABLE for the submitting nation.,9.43313
2000,SE_TOT_CPLR,231,F,U,None,ISCED11_1,PT,2025-03-05T00:00:00,A,0,2019,Ethiopian Socioeconomic Survey (ESS) 2018-19. The survey collected data on school attendance and educational attainment for age 4 and above. Data extracted on 25 February 2025.,,58.72849
2005,SE_TOT_CPLR,231,F,U,None,ISCED11_1,PT,2025-03-05T00:00:00,A,0,2019,Ethiopian Socioeconomic Survey (ESS) 2018-19. The survey collected data on school attendance and educational attainment for age 4 and above. Data extracted on 25 February 2025.,,60.18445
2007,SE_TOT_CPLR,231,F,U,None,ISCED11_1,PT,2025-03-05T00:00:00,A,0,2019,Ethiopian Socioeconomic Survey (ESS) 2018-19. The survey collected data on school attendance and educational attainment for age 4 and above. Data extracted on 25 February 2025.,,60.54932
2011,SE_TOT_CPLR,231,F,U,None,ISCED11_1,PT,2025-03-05T00:00:00,A,0,2019,Ethiopian Socioeconomic Survey (ESS) 2018-19. The survey collected data on school attendance and educational attainment for age 4 and above. Data extracted on 25 February 2025.,,73.40997
2016,SE_TOT_CPLR,231,F,U,None,ISCED11_1,PT,2025-03-05T00:00:00,A,0,2019,Ethiopian Socioeconomic Survey (ESS) 2018-19. The survey collected data on school attendance and educational attainment for age 4 and above. Data extracted on 25 February 2025.,,79.12334
2019,SE_TOT_CPLR,231,F,U,None,ISCED11_1,PT,2025-03-05T00:00:00,A,0,2019,Ethiopian Socioeconomic Survey (ESS) 2018-19. The survey collected data on school attendance and educational attainment for age 4 and above. Data extracted on 25 February 2025.,,79.39381
2000,SE_TOT_CPLR,231,F,U,None,ISCED11_2,PT,2025-03-05T00:00:00,A,0,2019,Ethiopian Socioeconomic Survey (ESS) 2018-19. The survey collected data on school attendance and educational attainment for age 4 and above. Data extracted on 25 February 2025.,,22.53439
2005,SE_TOT_CPLR,231,F,U,None,ISCED11_2,PT,2025-03-05T00:00:00,A,0,2019,Ethiopian Socioeconomic Survey (ESS) 2018-19. The survey collected data on school attendance and educational attainment for age 4 and above. Data extracted on 25 February 2025.,,37.21487
2007,SE_TOT_CPLR,231,F,U,None,ISCED11_2,PT,2025-03-05T00:00:00,A,0,2019,Ethiopian Socioeconomic Survey (ESS) 2018-19. The survey collected data on school attendance and educational attainment for age 4 and above. Data extracted on 25 February 2025.,,28.37598
2011,SE_TOT_CPLR,231,F,U,None,ISCED11_2,PT,2025-03-05T00:00:00,A,0,2019,Ethiopian Socioeconomic Survey (ESS) 2018-19. The survey collected data on school attendance and educational attainment for age 4 and above. Data extracted on 25 February 2025.,,40.15949
2016,SE_TOT_CPLR,231,F,U,None,ISCED11_2,PT,2025-03-05T00:00:00,A,0,2019,Ethiopian Socioeconomic Survey (ESS) 2018-19. The survey collected data on school attendance and educational attainment for age 4 and above. Data extracted on 25 February 2025.,,58.67688
2019,SE_TOT_CPLR,231,F,U,None,ISCED11_2,PT,2025-03-05T00:00:00,A,0,2019,Ethiopian Socioeconomic Survey (ESS) 2018-19. The survey collected data on school attendance and educational attainment for age 4 and above. Data extracted on 25 February 2025.,,48.60101
2000,SE_TOT_CPLR,231,F,U,None,ISCED11_3,PT,2025-03-05T00:00:00,A,0,2019,Ethiopian Socioeconomic Survey (ESS) 2018-19. The survey collected data on school attendance and educational attainment for age 4 and above. Data extracted on 25 February 2025.,,18.89322
2005,SE_TOT_CPLR,231,F,U,None,ISCED11_3,PT,2025-03-05T00:00:00,A,0,2019,Ethiopian Socioeconomic Survey (ESS) 2018-19. The survey collected data on school attendance and educational attainment for age 4 and above. Data extracted on 25 February 2025.,,33.18568
2007,SE_TOT_CPLR,231,F,U,None,ISCED11_3,PT,2025-03-05T00:00:00,A,0,2019,Ethiopian Socioeconomic Survey (ESS) 2018-19. The survey collected data on school attendance and educational attainment for age 4 and above. Data extracted on 25 February 2025.,,18.31385
2011,SE_TOT_CPLR,231,F,U,None,ISCED11_3,PT,2025-03-05T00:00:00,A,0,2019,Ethiopian Socioeconomic Survey (ESS) 2018-19. The survey collected data on school attendance and educational attainment for age 4 and above. Data extracted on 25 February 2025.,,30.67952
2016,SE_TOT_CPLR,231,F,U,None,ISCED11_3,PT,2025-03-05T00:00:00,A,0,2019,Ethiopian Socioeconomic Survey (ESS) 2018-19. The survey collected data on school attendance and educational attainment for age 4 and above. Data extracted on 25 February 2025.,,35.58658
2019,SE_TOT_CPLR,231,F,U,None,ISCED11_3,PT,2025-03-05T00:00:00,A,0,2019,Ethiopian Socioeconomic Survey (ESS) 2018-19. The survey collected data on school attendance and educational attainment for age 4 and above. Data extracted on 25 February 2025.,,35.49756
2000,SE_TOT_CPLR,231,F,U,Q1,ISCED11_1,PT,2025-03-05T00:00:00,A,0,2016,Ethiopia DHS 2016. The survey collected data on school attendance for age 5-24 and educational attainment for age 5 and above. Data extracted on 25 February 2025.,This data point is NOT APPLICABLE for the submitting nation.,0.0
2005,SE_TOT_CPLR,231,F,U,Q1,ISCED11_1,PT,2025-03-05T00:00:00,A,0,2016,Ethiopia DHS 2016. The survey collected data on school attendance for age 5-24 and educational attainment for age 5 and above. Data extracted on 25 February 2025.,This data point is NOT APPLICABLE for the submitting nation.,0.0
2011,SE_TOT_CPLR,231,F,U,Q1,ISCED11_1,PT,2025-03-05T00:00:00,A,0,2016,Ethiopia DHS 2016. The survey collected data on school attendance for age 5-24 and educational attainment for age 5 and above. Data extracted on 25 February 2025.,This data point is NOT APPLICABLE for the submitting nation.,0.0
2016,SE_TOT_CPLR,231,F,U,Q1,ISCED11_1,PT,2025-03-05T00:00:00,A,0,2016,Ethiopia DHS 2016. The survey collected data on school attendance for age 5-24 and educational attainment for age 5 and above. Data extracted on 25 February 2025.,This data point is NOT APPLICABLE for the submitting nation.,0.0
2000,SE_TOT_CPLR,231,F,U,Q1,ISCED11_2,PT,2025-03-05T00:00:00,A,0,2016,Ethiopia DHS 2016. The survey collected data on school attendance for age 5-24 and educational attainment for age 5 and above. Data extracted on 25 February 2025.,This data point is NOT APPLICABLE for the submitting nation.,0.0
2005,SE_TOT_CPLR,231,F,U,Q1,ISCED11_2,PT,2025-03-05T00:00:00,A,0,2016,Ethiopia DHS 2016. The survey collected data on school attendance for age 5-24 and educational attainment for age 5 and above. Data extracted on 25 February 2025.,This data point is NOT APPLICABLE for the submitting nation.,0.0
2011,SE_TOT_CPLR,231,F,U,Q1,ISCED11_2,PT,2025-03-05T00:00:00,A,0,2016,Ethiopia DHS 2016. The survey collected data on school attendance for age 5-24 and educational attainment for age 5 and above. Data extracted on 25 February 2025.,This data point is NOT APPLICABLE for the submitting nation.,0.0
2016,SE_TOT_CPLR,231,F,U,Q1,ISCED11_2,PT,2025-03-05T00:00:00,A,0,2016,Ethiopia DHS 2016. The survey collected data on school attendance for age 5-24 and educational attainment for age 5 and above. Data extracted on 25 February 2025.,This data point is NOT APPLICABLE for the submitting nation.,0.0
2000,SE_TOT_CPLR,231,F,U,Q1,ISCED11_3,PT,2025-03-05T00:00:00,A,0,2016,Ethiopia DHS 2016. The survey collected data on school attendance for age 5-24 and educational attainment for age 5 and above. Data extracted on 25 February 2025.,This data point is NOT APPLICABLE for the submitting nation.,0.0
2005,SE_TOT_CPLR,231,F,U,Q1,ISCED11_3,PT,2025-03-05T00:00:00,A,0,2016,Ethiopia DHS 2016. The survey collected data on school attendance for age 5-24 and educational attainment for age 5 and above. Data extracted on 25 February 2025.,This data point is NOT APPLICABLE for the submitting nation.,0.0
2011,SE_TOT_CPLR,231,F,U,Q1,ISCED11_3,PT,2025-03-05T00:00:00,A,0,2016,Ethiopia DHS 2016. The survey collected data on school attendance for age 5-24 and educational attainment for age 5 and above. Data extracted on 25 February 2025.,This data point is NOT APPLICABLE for the submitting nation.,0.0
2016,SE_TOT_CPLR,231,F,U,Q1,ISCED11_3,PT,2025-03-05T00:00:00,A,0,2016,Ethiopia DHS 2016. The survey collected data on school attendance for age 5-24 and educational attainment for age 5 and above. Data extracted on 25 February 2025.,This data point is NOT APPLICABLE for the submitting nation.,0.0
2000,SE_TOT_CPLR,231,F,U,Q2,ISCED11_1,PT,2025-03-05T00:00:00,A,0,2016,Ethiopia DHS 2016. The survey collected data on school attendance for age 5-24 and educational attainment for age 5 and above. Data extracted on 25 February 2025.,This data point is NOT APPLICABLE for the submitting nation.,0.0
2005,SE_TOT_CPLR,231,F,U,Q2,ISCED11_1,PT,2025-03-05T00:00:00,A,0,2016,Ethiopia DHS 2016. The survey collected data on school attendance for age 5-24 and educational attainment for age 5 and above. Data extracted on 25 February 2025.,This data point is NOT APPLICABLE for the submitting nation.,0.0
2011,SE_TOT_CPLR,231,F,U,Q2,ISCED11_1,PT,2025-03-05T00:00:00,A,0,2016,Ethiopia DHS 2016. The survey collected data on school attendance for age 5-24 and educational attainment for age 5 and above. Data extracted on 25 February 2025.,This data point is NOT APPLICABLE for the submitting nation.,0.0
2016,SE_TOT_CPLR,231,F,U,Q2,ISCED11_1,PT,2025-03-05T00:00:00,A,0,2016,Ethiopia DHS 2016. The survey collected data on school attendance for age 5-24 and educational attainment for age 5 and above. Data extracted on 25 February 2025.,This data point is NOT APPLICABLE for the submitting nation.,0.0
2000,SE_TOT_CPLR,231,F,U,Q2,ISCED11_2,PT,2025-03-05T00:00:00,A,0,2016,Ethiopia DHS 2016. The survey collected data on school attendance for age 5-24 and educational attainment for age 5 and above. Data extracted on 25 February 2025.,This data point is NOT APPLICABLE for the submitting nation.,0.0
2005,SE_TOT_CPLR,231,F,U,Q2,ISCED11_2,PT,2025-03-05T00:00:00,A,0,2016,Ethiopia DHS 2016. The survey collected data on school attendance for age 5-24 and educational attainment for age 5 and above. Data extracted on 25 February 2025.,This data point is NOT APPLICABLE for the submitting nation.,0.0
2011,SE_TOT_CPLR,231,F,U,Q2,ISCED11_2,PT,2025-03-05T00:00:00,A,0,2016,Ethiopia DHS 2016. The survey collected data on school attendance for age 5-24 and educational attainment for age 5 and above. Data extracted on 25 February 2025.,This data point is NOT APPLICABLE for the submitting nation.,0.0
2016,SE_TOT_CPLR,231,F,U,Q2,ISCED11_2,PT,2025-03-05T00:00:00,A,0,2016,Ethiopia DHS 2016. The survey collected data on school attendance for age 5-24 and educational attainment for age 5 and above. Data extracted on 25 February 2025.,This data point is NOT APPLICABLE for the submitting nation.,0.0
2000,SE_TOT_CPLR,231,F,U,Q2,ISCED11_3,PT,2025-03-05T00:00:00,A,0,2011,Ethiopia DHS 2011. The survey collected data on school attendance for age 5-24 and educational attainment for age 5 and above. Data extracted on 25 February 2025.,This data point is NOT APPLICABLE for the submitting nation.,0.0
2005,SE_TOT_CPLR,231,F,U,Q2,ISCED11_3,PT,2025-03-05T00:00:00,A,0,2011,Ethiopia DHS 2011. The survey collected data on school attendance for age 5-24 and educational attainment for age 5 and above. Data extracted on 25 February 2025.,This data point is NOT APPLICABLE for the submitting nation.,0.0
2011,SE_TOT_CPLR,231,F,U,Q2,ISCED11_3,PT,2025-03-05T00:00:00,A,0,2011,Ethiopia DHS 2011. The survey collected data on school attendance for age 5-24 and educational attainment for age 5 and above. Data extracted on 25 February 2025.,This data point is NOT APPLICABLE for the submitting nation.,0.0
2000,SE_TOT_CPLR,231,F,U,Q3,ISCED11_1,PT,2025-03-05T00:00:00,A,0,2016,Ethiopia DHS 2016. The survey collected data on school attendance for age 5-24 and educational attainment for age 5 and above. Data extracted on 25 February 2025.,This data point is NOT APPLICABLE for the submitting nation.,0.0
2005,SE_TOT_CPLR,231,F,U,Q3,ISCED11_1,PT,2025-03-05T00:00:00,A,0,2016,Ethiopia DHS 2016. The survey collected data on school attendance for age 5-24 and educational attainment for age 5 and above. Data extracted on 25 February 2025.,This data point is NOT APPLICABLE for the submitting nation.,0.0
2011,SE_TOT_CPLR,231,F,U,Q3,ISCED11_1,PT,2025-03-05T00:00:00,A,0,2016,Ethiopia DHS 2016. The survey collected data on school attendance for age 5-24 and educational attainment for age 5 and above. Data extracted on 25 February 2025.,This data point is NOT APPLICABLE for the submitting nation.,0.0
2016,SE_TOT_CPLR,231,F,U,Q3,ISCED11_1,PT,2025-03-05T00:00:00,A,0,2016,Ethiopia DHS 2016. The survey collected data on school attendance for age 5-24 and educational attainment for age 5 and above. Data extracted on 25 February 2025.,This data point is NOT APPLICABLE for the submitting nation.,0.0
2000,SE_TOT_CPLR,231,F,U,Q3,ISCED11_2,PT,2025-03-05T00:00:00,A,0,2016,Ethiopia DHS 2016. The survey collected data on school attendance for age 5-24 and educational attainment for age 5 and above. Data extracted on 25 February 2025.,This data point is NOT APPLICABLE for the submitting nation.,0.0
2005,SE_TOT_CPLR,231,F,U,Q3,ISCED11_2,PT,2025-03-05T00:00:00,A,0,2016,Ethiopia DHS 2016. The survey collected data on school attendance for age 5-24 and educational attainment for age 5 and above. Data extracted on 25 February 2025.,This data point is NOT APPLICABLE for the submitting nation.,0.0
2011,SE_TOT_CPLR,231,F,U,Q3,ISCED11_2,PT,2025-03-05T00:00:00,A,0,2016,Ethiopia DHS 2016. The survey collected data on school attendance for age 5-24 and educational attainment for age 5 and above. Data extracted on 25 February 2025.,This data point is NOT APPLICABLE for the submitting nation.,0.0
2016,SE_TOT_CPLR,231,F,U,Q3,ISCED11_2,PT,2025-03-05T00:00:00,A,0,2016,Ethiopia DHS 2016. The survey collected data on school attendance for age 5-24 and educational attainment for age 5 and above. Data extracted on 25 February 2025.,This data point is NOT APPLICABLE for the submitting nation.,0.0
2000,SE_TOT_CPLR,231,F,U,Q3,ISCED11_3,PT,2025-03-05T00:00:00,A,0,2011,Ethiopia DHS 2011. The survey collected data on school attendance for age 5-24 and educational attainment for age 5 and above. Data extracted on 25 February 2025.,This data point is NOT APPLICABLE for the submitting nation.,0.0
2005,SE_TOT_CPLR,231,F,U,Q3,ISCED11_3,PT,2025-03-05T00:00:00,A,0,2011,Ethiopia DHS 2011. The survey collected data on school attendance for age 5-24 and educational attainment for age 5 and above. Data extracted on 25 February 2025.,This data point is NOT APPLICABLE for the submitting nation.,0.0
2011,SE_TOT_CPLR,231,F,U,Q3,ISCED11_3,PT,2025-03-05T00:00:00,A,0,2011,Ethiopia DHS 2011. The survey collected data on school attendance for age 5-24 and educational attainment for age 5 and above. Data extracted on 25 February 2025.,This data point is NOT APPLICABLE for the submitting nation.,0.0
2000,SE_TOT_CPLR,231,F,U,Q4,ISCED11_1,PT,2025-03-05T00:00:00,A,0,2016,Ethiopia DHS 2016. The survey collected data on school attendance for age 5-24 and educational attainment for age 5 and above. Data extracted on 25 February 2025.,This data point is NOT APPLICABLE for the submitting nation.,0.0
2005,SE_TOT_CPLR,231,F,U,Q4,ISCED11_1,PT,2025-03-05T00:00:00,A,0,2016,Ethiopia DHS 2016. The survey collected data on school attendance for age 5-24 and educational attainment for age 5 and above. Data extracted on 25 February 2025.,This data point is NOT APPLICABLE for the submitting nation.,0.0
2011,SE_TOT_CPLR,231,F,U,Q4,ISCED11_1,PT,2025-03-05T00:00:00,A,0,2016,Ethiopia DHS 2016. The survey collected data on school attendance for age 5-24 and educational attainment for age 5 and above. Data extracted on 25 February 2025.,This data point is NOT APPLICABLE for the submitting nation.,75.2562
2016,SE_TOT_CPLR,231,F,U,Q4,ISCED11_1,PT,2025-03-05T00:00:00,A,0,2016,Ethiopia DHS 2016. The survey collected data on school attendance for age 5-24 and educational attainment for age 5 and above. Data extracted on 25 February 2025.,This data point is NOT APPLICABLE for the submitting nation.,0.0
2000,SE_TOT_CPLR,231,F,U,Q4,ISCED11_2,PT,2025-03-05T00:00:00,A,0,2016,Ethiopia DHS 2016. The survey collected data on school attendance for age 5-24 and educational attainment for age 5 and above. Data extracted on 25 February 2025.,This data point is NOT APPLICABLE for the submitting nation.,0.0
2005,SE_TOT_CPLR,231,F,U,Q4,ISCED11_2,PT,2025-03-05T00:00:00,A,0,2016,Ethiopia DHS 2016. The survey collected data on school attendance for age 5-24 and educational attainment for age 5 and above. Data extracted on 25 February 2025.,This data point is NOT APPLICABLE for the submitting nation.,0.0
2011,SE_TOT_CPLR,231,F,U,Q4,ISCED11_2,PT,2025-03-05T00:00:00,A,0,2016,Ethiopia DHS 2016. The survey collected data on school attendance for age 5-24 and educational attainment for age 5 and above. Data extracted on 25 February 2025.,This data point is NOT APPLICABLE for the submitting nation.,9.36339
2016,SE_TOT_CPLR,231,F,U,Q4,ISCED11_2,PT,2025-03-05T00:00:00,A,0,2016,Ethiopia DHS 2016. The survey collected data on school attendance for age 5-24 and educational attainment for age 5 and above. Data extracted on 25 February 2025.,This data point is NOT APPLICABLE for the submitting nation.,0.0
2000,SE_TOT_CPLR,231,F,U,Q4,ISCED11_3,PT,2025-03-05T00:00:00,A,0,2011,Ethiopia DHS 2011. The survey collected data on school attendance for age 5-24 and educational attainment for age 5 and above. Data extracted on 25 February 2025.,This data point is NOT APPLICABLE for the submitting nation.,0.0
2005,SE_TOT_CPLR,231,F,U,Q4,ISCED11_3,PT,2025-03-05T00:00:00,A,0,2011,Ethiopia DHS 2011. The survey collected data on school attendance for age 5-24 and educational attainment for age 5 and above. Data extracted on 25 February 2025.,This data point is NOT APPLICABLE for the submitting nation.,0.0
2011,SE_TOT_CPLR,231,F,U,Q4,ISCED11_3,PT,2025-03-05T00:00:00,A,0,2011,Ethiopia DHS 2011. The survey collected data on school attendance for age 5-24 and educational attainment for age 5 and above. Data extracted on 25 February 2025.,This data point is NOT APPLICABLE for the submitting nation.,0.0
2000,SE_TOT_CPLR,231,F,U,Q5,ISCED11_1,PT,2025-03-05T00:00:00,A,0,2016,Ethiopia DHS 2016. The survey collected data on school attendance for age 5-24 and educational attainment for age 5 and above. Data extracted on 25 February 2025.,This data point is NOT APPLICABLE for the submitting nation.,0.0
2005,SE_TOT_CPLR,231,F,U,Q5,ISCED11_1,PT,2025-03-05T00:00:00,A,0,2016,Ethiopia DHS 2016. The survey collected data on school attendance for age 5-24 and educational attainment for age 5 and above. Data extracted on 25 February 2025.,This data point is NOT APPLICABLE for the submitting nation.,61.05307
2011,SE_TOT_CPLR,231,F,U,Q5,ISCED11_1,PT,2025-03-05T00:00:00,A,0,2016,Ethiopia DHS 2016. The survey collected data on school attendance for age 5-24 and educational attainment for age 5 and above. Data extracted on 25 February 2025.,This data point is NOT APPLICABLE for the submitting nation.,73.02396
2016,SE_TOT_CPLR,231,F,U,Q5,ISCED11_1,PT,2025-03-05T00:00:00,A,0,2016,Ethiopia DHS 2016. The survey collected data on school attendance for age 5-24 and educational attainment for age 5 and above. Data extracted on 25 February 2025.,This data point is NOT APPLICABLE for the submitting nation.,80.05664
2000,SE_TOT_CPLR,231,F,U,Q5,ISCED11_2,PT,2025-03-05T00:00:00,A,0,2016,Ethiopia DHS 2016. The survey collected data on school attendance for age 5-24 and educational attainment for age 5 and above. Data extracted on 25 February 2025.,This data point is NOT APPLICABLE for the submitting nation.,0.0
2005,SE_TOT_CPLR,231,F,U,Q5,ISCED11_2,PT,2025-03-05T00:00:00,A,0,2016,Ethiopia DHS 2016. The survey collected data on school attendance for age 5-24 and educational attainment for age 5 and above. Data extracted on 25 February 2025.,This data point is NOT APPLICABLE for the submitting nation.,39.05937
2011,SE_TOT_CPLR,231,F,U,Q5,ISCED11_2,PT,2025-03-05T00:00:00,A,0,2016,Ethiopia DHS 2016. The survey collected data on school attendance for age 5-24 and educational attainment for age 5 and above. Data extracted on 25 February 2025.,This data point is NOT APPLICABLE for the submitting nation.,41.70736
2016,SE_TOT_CPLR,231,F,U,Q5,ISCED11_2,PT,2025-03-05T00:00:00,A,0,2016,Ethiopia DHS 2016. The survey collected data on school attendance for age 5-24 and educational attainment for age 5 and above. Data extracted on 25 February 2025.,This data point is NOT APPLICABLE for the submitting nation.,60.61128
2000,SE_TOT_CPLR,231,F,U,Q5,ISCED11_3,PT,2025-03-05T00:00:00,A,0,2016,Ethiopia DHS 2016. The survey collected data on school attendance for age 5-24 and educational attainment for age 5 and above. Data extracted on 25 February 2025.,This data point is NOT APPLICABLE for the submitting nation.,0.0
2005,SE_TOT_CPLR,231,F,U,Q5,ISCED11_3,PT,2025-03-05T00:00:00,A,0,2016,Ethiopia DHS 2016. The survey collected data on school attendance for age 5-24 and educational attainment for age 5 and above. Data extracted on 25 February 2025.,This data point is NOT APPLICABLE for the submitting nation.,33.93505
2011,SE_TOT_CPLR,231,F,U,Q5,ISCED11_3,PT,2025-03-05T00:00:00,A,0,2016,Ethiopia DHS 2016. The survey collected data on school attendance for age 5-24 and educational attainment for age 5 and above. Data extracted on 25 February 2025.,This data point is NOT APPLICABLE for the submitting nation.,32.43523
2016,SE_TOT_CPLR,231,F,U,Q5,ISCED11_3,PT,2025-03-05T00:00:00,A,0,2016,Ethiopia DHS 2016. The survey collected data on school attendance for age 5-24 and educational attainment for age 5 and above. Data extracted on 25 February 2025.,This data point is NOT APPLICABLE for the submitting nation.,37.80855
2000,SE_TOT_CPLR,231,M,None,None,ISCED11_1,PT,2025-03-05T00:00:00,A,0,2019,Ethiopian Socioeconomic Survey (ESS) 2018-19. The survey collected data on school attendance and educational attainment for age 4 and above. Data extracted on 25 February 2025.,,19.65144
2005,SE_TOT_CPLR,231,M,None,None,ISCED11_1,PT,2025-03-05T00:00:00,A,0,2019,Ethiopian Socioeconomic Survey (ESS) 2018-19. The survey collected data on school attendance and educational attainment for age 4 and above. Data extracted on 25 February 2025.,,32.94855
2007,SE_TOT_CPLR,231,M,None,None,ISCED11_1,PT,2025-03-05T00:00:00,A,0,2019,Ethiopian Socioeconomic Survey (ESS) 2018-19. The survey collected data on school attendance and educational attainment for age 4 and above. Data extracted on 25 February 2025.,,27.67989
2011,SE_TOT_CPLR,231,M,None,None,ISCED11_1,PT,2025-03-05T00:00:00,A,0,2019,Ethiopian Socioeconomic Survey (ESS) 2018-19. The survey collected data on school attendance and educational attainment for age 4 and above. Data extracted on 25 February 2025.,,38.11943
2016,SE_TOT_CPLR,231,M,None,None,ISCED11_1,PT,2025-03-05T00:00:00,A,0,2019,Ethiopian Socioeconomic Survey (ESS) 2018-19. The survey collected data on school attendance and educational attainment for age 4 and above. Data extracted on 25 February 2025.,,49.68645
2019,SE_TOT_CPLR,231,M,None,None,ISCED11_1,PT,2025-03-05T00:00:00,A,0,2019,Ethiopian Socioeconomic Survey (ESS) 2018-19. The survey collected data on school attendance and educational attainment for age 4 and above. Data extracted on 25 February 2025.,,54.17636
2000,SE_TOT_CPLR,231,M,None,None,ISCED11_2,PT,2025-03-05T00:00:00,A,0,2019,Ethiopian Socioeconomic Survey (ESS) 2018-19. The survey collected data on school attendance and educational attainment for age 4 and above. Data extracted on 25 February 2025.,,8.22863
2005,SE_TOT_CPLR,231,M,None,None,ISCED11_2,PT,2025-03-05T00:00:00,A,0,2019,Ethiopian Socioeconomic Survey (ESS) 2018-19. The survey collected data on school attendance and educational attainment for age 4 and above. Data extracted on 25 February 2025.,,10.94047
2007,SE_TOT_CPLR,231,M,None,None,ISCED11_2,PT,2025-03-05T00:00:00,A,0,2019,Ethiopian Socioeconomic Survey (ESS) 2018-19. The survey collected data on school attendance and educational attainment for age 4 and above. Data extracted on 25 February 2025.,,12.24684
2011,SE_TOT_CPLR,231,M,None,None,ISCED11_2,PT,2025-03-05T00:00:00,A,0,2019,Ethiopian Socioeconomic Survey (ESS) 2018-19. The survey collected data on school attendance and educational attainment for age 4 and above. Data extracted on 25 February 2025.,,16.66308
2016,SE_TOT_CPLR,231,M,None,None,ISCED11_2,PT,2025-03-05T00:00:00,A,0,2019,Ethiopian Socioeconomic Survey (ESS) 2018-19. The survey collected data on school attendance and educational attainment for age 4 and above. Data extracted on 25 February 2025.,,21.64006
2019,SE_TOT_CPLR,231,M,None,None,ISCED11_2,PT,2025-03-05T00:00:00,A,0,2019,Ethiopian Socioeconomic Survey (ESS) 2018-19. The survey collected data on school attendance and educational attainment for age 4 and above. Data extracted on 25 February 2025.,,27.71222
2000,SE_TOT_CPLR,231,M,None,None,ISCED11_3,PT,2025-03-05T00:00:00,A,0,2019,Ethiopian Socioeconomic Survey (ESS) 2018-19. The survey collected data on school attendance and educational attainment for age 4 and above. Data extracted on 25 February 2025.,,5.18511
2005,SE_TOT_CPLR,231,M,None,None,ISCED11_3,PT,2025-03-05T00:00:00,A,0,2019,Ethiopian Socioeconomic Survey (ESS) 2018-19. The survey collected data on school attendance and educational attainment for age 4 and above. Data extracted on 25 February 2025.,,8.62806
2007,SE_TOT_CPLR,231,M,None,None,ISCED11_3,PT,2025-03-05T00:00:00,A,0,2019,Ethiopian Socioeconomic Survey (ESS) 2018-19. The survey collected data on school attendance and educational attainment for age 4 and above. Data extracted on 25 February 2025.,,8.3491
2011,SE_TOT_CPLR,231,M,None,None,ISCED11_3,PT,2025-03-05T00:00:00,A,0,2019,Ethiopian Socioeconomic Survey (ESS) 2018-19. The survey collected data on school attendance and educational attainment for age 4 and above. Data extracted on 25 February 2025.,,12.44054
2016,SE_TOT_CPLR,231,M,None,None,ISCED11_3,PT,2025-03-05T00:00:00,A,0,2019,Ethiopian Socioeconomic Survey (ESS) 2018-19. The survey collected data on school attendance and educational attainment for age 4 and above. Data extracted on 25 February 2025.,,11.28546
2019,SE_TOT_CPLR,231,M,None,None,ISCED11_3,PT,2025-03-05T00:00:00,A,0,2019,Ethiopian Socioeconomic Survey (ESS) 2018-19. The survey collected data on school attendance and educational attainment for age 4 and above. Data extracted on 25 February 2025.,,13.52918
2000,SE_TOT_CPLR,231,M,None,Q1,ISCED11_1,PT,2025-03-05T00:00:00,A,0,2016,Ethiopia DHS 2016. The survey collected data on school attendance for age 5-24 and educational attainment for age 5 and above. Data extracted on 25 February 2025.,This data point is NOT APPLICABLE for the submitting nation.,0.0
2005,SE_TOT_CPLR,231,M,None,Q1,ISCED11_1,PT,2025-03-05T00:00:00,A,0,2016,Ethiopia DHS 2016. The survey collected data on school attendance for age 5-24 and educational attainment for age 5 and above. Data extracted on 25 February 2025.,This data point is NOT APPLICABLE for the submitting nation.,10.76146
2011,SE_TOT_CPLR,231,M,None,Q1,ISCED11_1,PT,2025-03-05T00:00:00,A,0,2016,Ethiopia DHS 2016. The survey collected data on school attendance for age 5-24 and educational attainment for age 5 and above. Data extracted on 25 February 2025.,This data point is NOT APPLICABLE for the submitting nation.,16.17609
2016,SE_TOT_CPLR,231,M,None,Q1,ISCED11_1,PT,2025-03-05T00:00:00,A,0,2016,Ethiopia DHS 2016. The survey collected data on school attendance for age 5-24 and educational attainment for age 5 and above. Data extracted on 25 February 2025.,This data point is NOT APPLICABLE for the submitting nation.,28.42478
2000,SE_TOT_CPLR,231,M,None,Q1,ISCED11_2,PT,2025-03-05T00:00:00,A,0,2016,Ethiopia DHS 2016. The survey collected data on school attendance for age 5-24 and educational attainment for age 5 and above. Data extracted on 25 February 2025.,This data point is NOT APPLICABLE for the submitting nation.,0.0
2005,SE_TOT_CPLR,231,M,None,Q1,ISCED11_2,PT,2025-03-05T00:00:00,A,0,2016,Ethiopia DHS 2016. The survey collected data on school attendance for age 5-24 and educational attainment for age 5 and above. Data extracted on 25 February 2025.,This data point is NOT APPLICABLE for the submitting nation.,0.47228
2011,SE_TOT_CPLR,231,M,None,Q1,ISCED11_2,PT,2025-03-05T00:00:00,A,0,2016,Ethiopia DHS 2016. The survey collected data on school attendance for age 5-24 and educational attainment for age 5 and above. Data extracted on 25 February 2025.,This data point is NOT APPLICABLE for the submitting nation.,0.86448
2016,SE_TOT_CPLR,231,M,None,Q1,ISCED11_2,PT,2025-03-05T00:00:00,A,0,2016,Ethiopia DHS 2016. The survey collected data on school attendance for age 5-24 and educational attainment for age 5 and above. Data extracted on 25 February 2025.,This data point is NOT APPLICABLE for the submitting nation.,3.41699
2000,SE_TOT_CPLR,231,M,None,Q1,ISCED11_3,PT,2025-03-05T00:00:00,A,0,2016,Ethiopia DHS 2016. The survey collected data on school attendance for age 5-24 and educational attainment for age 5 and above. Data extracted on 25 February 2025.,This data point is NOT APPLICABLE for the submitting nation.,0.0
2005,SE_TOT_CPLR,231,M,None,Q1,ISCED11_3,PT,2025-03-05T00:00:00,A,0,2016,Ethiopia DHS 2016. The survey collected data on school attendance for age 5-24 and educational attainment for age 5 and above. Data extracted on 25 February 2025.,This data point is NOT APPLICABLE for the submitting nation.,0.02571
2011,SE_TOT_CPLR,231,M,None,Q1,ISCED11_3,PT,2025-03-05T00:00:00,A,0,2016,Ethiopia DHS 2016. The survey collected data on school attendance for age 5-24 and educational attainment for age 5 and above. Data extracted on 25 February 2025.,This data point is NOT APPLICABLE for the submitting nation.,0.93571
2016,SE_TOT_CPLR,231,M,None,Q1,ISCED11_3,PT,2025-03-05T00:00:00,A,0,2016,Ethiopia DHS 2016. The survey collected data on school attendance for age 5-24 and educational attainment for age 5 and above. Data extracted on 25 February 2025.,This data point is NOT APPLICABLE for the submitting nation.,1.49944
2000,SE_TOT_CPLR,231,M,None,Q2,ISCED11_1,PT,2025-03-05T00:00:00,A,0,2016,Ethiopia DHS 2016. The survey collected data on school attendance for age 5-24 and educational attainment for age 5 and above. Data extracted on 25 February 2025.,This data point is NOT APPLICABLE for the submitting nation.,0.0
2005,SE_TOT_CPLR,231,M,None,Q2,ISCED11_1,PT,2025-03-05T00:00:00,A,0,2016,Ethiopia DHS 2016. The survey collected data on school attendance for age 5-24 and educational attainment for age 5 and above. Data extracted on 25 February 2025.,This data point is NOT APPLICABLE for the submitting nation.,20.56002
2011,SE_TOT_CPLR,231,M,None,Q2,ISCED11_1,PT,2025-03-05T00:00:00,A,0,2016,Ethiopia DHS 2016. The survey collected data on school attendance for age 5-24 and educational attainment for age 5 and above. Data extracted on 25 February 2025.,This data point is NOT APPLICABLE for the submitting nation.,21.45013
2016,SE_TOT_CPLR,231,M,None,Q2,ISCED11_1,PT,2025-03-05T00:00:00,A,0,2016,Ethiopia DHS 2016. The survey collected data on school attendance for age 5-24 and educational attainment for age 5 and above. Data extracted on 25 February 2025.,This data point is NOT APPLICABLE for the submitting nation.,36.77445
2000,SE_TOT_CPLR,231,M,None,Q2,ISCED11_2,PT,2025-03-05T00:00:00,A,0,2016,Ethiopia DHS 2016. The survey collected data on school attendance for age 5-24 and educational attainment for age 5 and above. Data extracted on 25 February 2025.,This data point is NOT APPLICABLE for the submitting nation.,0.0
2005,SE_TOT_CPLR,231,M,None,Q2,ISCED11_2,PT,2025-03-05T00:00:00,A,0,2016,Ethiopia DHS 2016. The survey collected data on school attendance for age 5-24 and educational attainment for age 5 and above. Data extracted on 25 February 2025.,This data point is NOT APPLICABLE for the submitting nation.,1.06051
2011,SE_TOT_CPLR,231,M,None,Q2,ISCED11_2,PT,2025-03-05T00:00:00,A,0,2016,Ethiopia DHS 2016. The survey collected data on school attendance for age 5-24 and educational attainment for age 5 and above. Data extracted on 25 February 2025.,This data point is NOT APPLICABLE for the submitting nation.,3.08177
2016,SE_TOT_CPLR,231,M,None,Q2,ISCED11_2,PT,2025-03-05T00:00:00,A,0,2016,Ethiopia DHS 2016. The survey collected data on school attendance for age 5-24 and educational attainment for age 5 and above. Data extracted on 25 February 2025.,This data point is NOT APPLICABLE for the submitting nation.,6.8933
2000,SE_TOT_CPLR,231,M,None,Q2,ISCED11_3,PT,2025-03-05T00:00:00,A,0,2016,Ethiopia DHS 2016. The survey collected data on school attendance for age 5-24 and educational attainment for age 5 and above. Data extracted on 25 February 2025.,This data point is NOT APPLICABLE for the submitting nation.,0.0
2005,SE_TOT_CPLR,231,M,None,Q2,ISCED11_3,PT,2025-03-05T00:00:00,A,0,2016,Ethiopia DHS 2016. The survey collected data on school attendance for age 5-24 and educational attainment for age 5 and above. Data extracted on 25 February 2025.,This data point is NOT APPLICABLE for the submitting nation.,0.33919
2011,SE_TOT_CPLR,231,M,None,Q2,ISCED11_3,PT,2025-03-05T00:00:00,A,0,2016,Ethiopia DHS 2016. The survey collected data on school attendance for age 5-24 and educational attainment for age 5 and above. Data extracted on 25 February 2025.,This data point is NOT APPLICABLE for the submitting nation.,1.53857
2016,SE_TOT_CPLR,231,M,None,Q2,ISCED11_3,PT,2025-03-05T00:00:00,A,0,2016,Ethiopia DHS 2016. The survey collected data on school attendance for age 5-24 and educational attainment for age 5 and above. Data extracted on 25 February 2025.,This data point is NOT APPLICABLE for the submitting nation.,2.4333
2000,SE_TOT_CPLR,231,M,None,Q3,ISCED11_1,PT,2025-03-05T00:00:00,A,0,2016,Ethiopia DHS 2016. The survey collected data on school attendance for age 5-24 and educational attainment for age 5 and above. Data extracted on 25 February 2025.,This data point is NOT APPLICABLE for the submitting nation.,0.0
2005,SE_TOT_CPLR,231,M,None,Q3,ISCED11_1,PT,2025-03-05T00:00:00,A,0,2016,Ethiopia DHS 2016. The survey collected data on school attendance for age 5-24 and educational attainment for age 5 and above. Data extracted on 25 February 2025.,This data point is NOT APPLICABLE for the submitting nation.,19.57253
2011,SE_TOT_CPLR,231,M,None,Q3,ISCED11_1,PT,2025-03-05T00:00:00,A,0,2016,Ethiopia DHS 2016. The survey collected data on school attendance for age 5-24 and educational attainment for age 5 and above. Data extracted on 25 February 2025.,This data point is NOT APPLICABLE for the submitting nation.,34.66668
2016,SE_TOT_CPLR,231,M,None,Q3,ISCED11_1,PT,2025-03-05T00:00:00,A,0,2016,Ethiopia DHS 2016. The survey collected data on school attendance for age 5-24 and educational attainment for age 5 and above. Data extracted on 25 February 2025.,This data point is NOT APPLICABLE for the submitting nation.,40.46271
2000,SE_TOT_CPLR,231,M,None,Q3,ISCED11_2,PT,2025-03-05T00:00:00,A,0,2016,Ethiopia DHS 2016. The survey collected data on school attendance for age 5-24 and educational attainment for age 5 and above. Data extracted on 25 February 2025.,This data point is NOT APPLICABLE for the submitting nation.,0.0
2005,SE_TOT_CPLR,231,M,None,Q3,ISCED11_2,PT,2025-03-05T00:00:00,A,0,2016,Ethiopia DHS 2016. The survey collected data on school attendance for age 5-24 and educational attainment for age 5 and above. Data extracted on 25 February 2025.,This data point is NOT APPLICABLE for the submitting nation.,2.22425
2011,SE_TOT_CPLR,231,M,None,Q3,ISCED11_2,PT,2025-03-05T00:00:00,A,0,2016,Ethiopia DHS 2016. The survey collected data on school attendance for age 5-24 and educational attainment for age 5 and above. Data extracted on 25 February 2025.,This data point is NOT APPLICABLE for the submitting nation.,6.07022
2016,SE_TOT_CPLR,231,M,None,Q3,ISCED11_2,PT,2025-03-05T00:00:00,A,0,2016,Ethiopia DHS 2016. The survey collected data on school attendance for age 5-24 and educational attainment for age 5 and above. Data extracted on 25 February 2025.,This data point is NOT APPLICABLE for the submitting nation.,13.12222
2000,SE_TOT_CPLR,231,M,None,Q3,ISCED11_3,PT,2025-03-05T00:00:00,A,0,2016,Ethiopia DHS 2016. The survey collected data on school attendance for age 5-24 and educational attainment for age 5 and above. Data extracted on 25 February 2025.,This data point is NOT APPLICABLE for the submitting nation.,0.0
2005,SE_TOT_CPLR,231,M,None,Q3,ISCED11_3,PT,2025-03-05T00:00:00,A,0,2016,Ethiopia DHS 2016. The survey collected data on school attendance for age 5-24 and educational attainment for age 5 and above. Data extracted on 25 February 2025.,This data point is NOT APPLICABLE for the submitting nation.,2.39609
2011,SE_TOT_CPLR,231,M,None,Q3,ISCED11_3,PT,2025-03-05T00:00:00,A,0,2016,Ethiopia DHS 2016. The survey collected data on school attendance for age 5-24 and educational attainment for age 5 and above. Data extracted on 25 February 2025.,This data point is NOT APPLICABLE for the submitting nation.,3.47121
2016,SE_TOT_CPLR,231,M,None,Q3,ISCED11_3,PT,2025-03-05T00:00:00,A,0,2016,Ethiopia DHS 2016. The survey collected data on school attendance for age 5-24 and educational attainment for age 5 and above. Data extracted on 25 February 2025.,This data point is NOT APPLICABLE for the submitting nation.,3.65231
2000,SE_TOT_CPLR,231,M,None,Q4,ISCED11_1,PT,2025-03-05T00:00:00,A,0,2016,Ethiopia DHS 2016. The survey collected data on school attendance for age 5-24 and educational attainment for age 5 and above. Data extracted on 25 February 2025.,This data point is NOT APPLICABLE for the submitting nation.,0.0
2005,SE_TOT_CPLR,231,M,None,Q4,ISCED11_1,PT,2025-03-05T00:00:00,A,0,2016,Ethiopia DHS 2016. The survey collected data on school attendance for age 5-24 and educational attainment for age 5 and above. Data extracted on 25 February 2025.,This data point is NOT APPLICABLE for the submitting nation.,30.99706
2011,SE_TOT_CPLR,231,M,None,Q4,ISCED11_1,PT,2025-03-05T00:00:00,A,0,2016,Ethiopia DHS 2016. The survey collected data on school attendance for age 5-24 and educational attainment for age 5 and above. Data extracted on 25 February 2025.,This data point is NOT APPLICABLE for the submitting nation.,38.80598
2016,SE_TOT_CPLR,231,M,None,Q4,ISCED11_1,PT,2025-03-05T00:00:00,A,0,2016,Ethiopia DHS 2016. The survey collected data on school attendance for age 5-24 and educational attainment for age 5 and above. Data extracted on 25 February 2025.,This data point is NOT APPLICABLE for the submitting nation.,48.42551
2000,SE_TOT_CPLR,231,M,None,Q4,ISCED11_2,PT,2025-03-05T00:00:00,A,0,2016,Ethiopia DHS 2016. The survey collected data on school attendance for age 5-24 and educational attainment for age 5 and above. Data extracted on 25 February 2025.,This data point is NOT APPLICABLE for the submitting nation.,0.0
2005,SE_TOT_CPLR,231,M,None,Q4,ISCED11_2,PT,2025-03-05T00:00:00,A,0,2016,Ethiopia DHS 2016. The survey collected data on school attendance for age 5-24 and educational attainment for age 5 and above. Data extracted on 25 February 2025.,This data point is NOT APPLICABLE for the submitting nation.,3.90922
2011,SE_TOT_CPLR,231,M,None,Q4,ISCED11_2,PT,2025-03-05T00:00:00,A,0,2016,Ethiopia DHS 2016. The survey collected data on school attendance for age 5-24 and educational attainment for age 5 and above. Data extracted on 25 February 2025.,This data point is NOT APPLICABLE for the submitting nation.,11.77277
2016,SE_TOT_CPLR,231,M,None,Q4,ISCED11_2,PT,2025-03-05T00:00:00,A,0,2016,Ethiopia DHS 2016. The survey collected data on school attendance for age 5-24 and educational attainment for age 5 and above. Data extracted on 25 February 2025.,This data point is NOT APPLICABLE for the submitting nation.,17.85092
2000,SE_TOT_CPLR,231,M,None,Q4,ISCED11_3,PT,2025-03-05T00:00:00,A,0,2016,Ethiopia DHS 2016. The survey collected data on school attendance for age 5-24 and educational attainment for age 5 and above. Data extracted on 25 February 2025.,This data point is NOT APPLICABLE for the submitting nation.,0.0
2005,SE_TOT_CPLR,231,M,None,Q4,ISCED11_3,PT,2025-03-05T00:00:00,A,0,2016,Ethiopia DHS 2016. The survey collected data on school attendance for age 5-24 and educational attainment for age 5 and above. Data extracted on 25 February 2025.,This data point is NOT APPLICABLE for the submitting nation.,0.6779
2011,SE_TOT_CPLR,231,M,None,Q4,ISCED11_3,PT,2025-03-05T00:00:00,A,0,2016,Ethiopia DHS 2016. The survey collected data on school attendance for age 5-24 and educational attainment for age 5 and above. Data extracted on 25 February 2025.,This data point is NOT APPLICABLE for the submitting nation.,4.13385
2016,SE_TOT_CPLR,231,M,None,Q4,ISCED11_3,PT,2025-03-05T00:00:00,A,0,2016,Ethiopia DHS 2016. The survey collected data on school attendance for age 5-24 and educational attainment for age 5 and above. Data extracted on 25 February 2025.,This data point is NOT APPLICABLE for the submitting nation.,7.98435
2000,SE_TOT_CPLR,231,M,None,Q5,ISCED11_1,PT,2025-03-05T00:00:00,A,0,2016,Ethiopia DHS 2016. The survey collected data on school attendance for age 5-24 and educational attainment for age 5 and above. Data extracted on 25 February 2025.,This data point is NOT APPLICABLE for the submitting nation.,0.0
2005,SE_TOT_CPLR,231,M,None,Q5,ISCED11_1,PT,2025-03-05T00:00:00,A,0,2016,Ethiopia DHS 2016. The survey collected data on school attendance for age 5-24 and educational attainment for age 5 and above. Data extracted on 25 February 2025.,This data point is NOT APPLICABLE for the submitting nation.,68.25201
2011,SE_TOT_CPLR,231,M,None,Q5,ISCED11_1,PT,2025-03-05T00:00:00,A,0,2016,Ethiopia DHS 2016. The survey collected data on school attendance for age 5-24 and educational attainment for age 5 and above. Data extracted on 25 February 2025.,This data point is NOT APPLICABLE for the submitting nation.,74.81066
2016,SE_TOT_CPLR,231,M,None,Q5,ISCED11_1,PT,2025-03-05T00:00:00,A,0,2016,Ethiopia DHS 2016. The survey collected data on school attendance for age 5-24 and educational attainment for age 5 and above. Data extracted on 25 February 2025.,This data point is NOT APPLICABLE for the submitting nation.,78.90802
2000,SE_TOT_CPLR,231,M,None,Q5,ISCED11_2,PT,2025-03-05T00:00:00,A,0,2016,Ethiopia DHS 2016. The survey collected data on school attendance for age 5-24 and educational attainment for age 5 and above. Data extracted on 25 February 2025.,This data point is NOT APPLICABLE for the submitting nation.,0.0
2005,SE_TOT_CPLR,231,M,None,Q5,ISCED11_2,PT,2025-03-05T00:00:00,A,0,2016,Ethiopia DHS 2016. The survey collected data on school attendance for age 5-24 and educational attainment for age 5 and above. Data extracted on 25 February 2025.,This data point is NOT APPLICABLE for the submitting nation.,35.74704
2011,SE_TOT_CPLR,231,M,None,Q5,ISCED11_2,PT,2025-03-05T00:00:00,A,0,2016,Ethiopia DHS 2016. The survey collected data on school attendance for age 5-24 and educational attainment for age 5 and above. Data extracted on 25 February 2025.,This data point is NOT APPLICABLE for the submitting nation.,50.88919
2016,SE_TOT_CPLR,231,M,None,Q5,ISCED11_2,PT,2025-03-05T00:00:00,A,0,2016,Ethiopia DHS 2016. The survey collected data on school attendance for age 5-24 and educational attainment for age 5 and above. Data extracted on 25 February 2025.,This data point is NOT APPLICABLE for the submitting nation.,57.41176
2000,SE_TOT_CPLR,231,M,None,Q5,ISCED11_3,PT,2025-03-05T00:00:00,A,0,2016,Ethiopia DHS 2016. The survey collected data on school attendance for age 5-24 and educational attainment for age 5 and above. Data extracted on 25 February 2025.,This data point is NOT APPLICABLE for the submitting nation.,0.0
2005,SE_TOT_CPLR,231,M,None,Q5,ISCED11_3,PT,2025-03-05T00:00:00,A,0,2016,Ethiopia DHS 2016. The survey collected data on school attendance for age 5-24 and educational attainment for age 5 and above. Data extracted on 25 February 2025.,This data point is NOT APPLICABLE for the submitting nation.,28.60498
2011,SE_TOT_CPLR,231,M,None,Q5,ISCED11_3,PT,2025-03-05T00:00:00,A,0,2016,Ethiopia DHS 2016. The survey collected data on school attendance for age 5-24 and educational attainment for age 5 and above. Data extracted on 25 February 2025.,This data point is NOT APPLICABLE for the submitting nation.,37.31719
2016,SE_TOT_CPLR,231,M,None,Q5,ISCED11_3,PT,2025-03-05T00:00:00,A,0,2016,Ethiopia DHS 2016. The survey collected data on school attendance for age 5-24 and educational attainment for age 5 and above. Data extracted on 25 February 2025.,This data point is NOT APPLICABLE for the submitting nation.,32.1309
2000,SE_TOT_CPLR,231,M,R,None,ISCED11_1,PT,2025-03-05T00:00:00,A,0,2019,Ethiopian Socioeconomic Survey (ESS) 2018-19. The survey collected data on school attendance and educational attainment for age 4 and above. Data extracted on 25 February 2025.,,8.18387
2005,SE_TOT_CPLR,231,M,R,None,ISCED11_1,PT,2025-03-05T00:00:00,A,0,2019,Ethiopian Socioeconomic Survey (ESS) 2018-19. The survey collected data on school attendance and educational attainment for age 4 and above. Data extracted on 25 February 2025.,,23.77765
2007,SE_TOT_CPLR,231,M,R,None,ISCED11_1,PT,2025-03-05T00:00:00,A,0,2019,Ethiopian Socioeconomic Survey (ESS) 2018-19. The survey collected data on school attendance and educational attainment for age 4 and above. Data extracted on 25 February 2025.,,18.22304
2011,SE_TOT_CPLR,231,M,R,None,ISCED11_1,PT,2025-03-05T00:00:00,A,0,2019,Ethiopian Socioeconomic Survey (ESS) 2018-19. The survey collected data on school attendance and educational attainment for age 4 and above. Data extracted on 25 February 2025.,,29.47589
2016,SE_TOT_CPLR,231,M,R,None,ISCED11_1,PT,2025-03-05T00:00:00,A,0,2019,Ethiopian Socioeconomic Survey (ESS) 2018-19. The survey collected data on school attendance and educational attainment for age 4 and above. Data extracted on 25 February 2025.,,41.62301
2019,SE_TOT_CPLR,231,M,R,None,ISCED11_1,PT,2025-03-05T00:00:00,A,0,2019,Ethiopian Socioeconomic Survey (ESS) 2018-19. The survey collected data on school attendance and educational attainment for age 4 and above. Data extracted on 25 February 2025.,,45.97894
2000,SE_TOT_CPLR,231,M,R,None,ISCED11_2,PT,2025-03-05T00:00:00,A,0,2019,Ethiopian Socioeconomic Survey (ESS) 2018-19. The survey collected data on school attendance and educational attainment for age 4 and above. Data extracted on 25 February 2025.,,2.3466
2005,SE_TOT_CPLR,231,M,R,None,ISCED11_2,PT,2025-03-05T00:00:00,A,0,2019,Ethiopian Socioeconomic Survey (ESS) 2018-19. The survey collected data on school attendance and educational attainment for age 4 and above. Data extracted on 25 February 2025.,,3.84841
2007,SE_TOT_CPLR,231,M,R,None,ISCED11_2,PT,2025-03-05T00:00:00,A,0,2019,Ethiopian Socioeconomic Survey (ESS) 2018-19. The survey collected data on school attendance and educational attainment for age 4 and above. Data extracted on 25 February 2025.,,4.11749
2011,SE_TOT_CPLR,231,M,R,None,ISCED11_2,PT,2025-03-05T00:00:00,A,0,2019,Ethiopian Socioeconomic Survey (ESS) 2018-19. The survey collected data on school attendance and educational attainment for age 4 and above. Data extracted on 25 February 2025.,,6.53649
2016,SE_TOT_CPLR,231,M,R,None,ISCED11_2,PT,2025-03-05T00:00:00,A,0,2019,Ethiopian Socioeconomic Survey (ESS) 2018-19. The survey collected data on school attendance and educational attainment for age 4 and above. Data extracted on 25 February 2025.,,12.77032
2019,SE_TOT_CPLR,231,M,R,None,ISCED11_2,PT,2025-03-05T00:00:00,A,0,2019,Ethiopian Socioeconomic Survey (ESS) 2018-19. The survey collected data on school attendance and educational attainment for age 4 and above. Data extracted on 25 February 2025.,,15.31366
2000,SE_TOT_CPLR,231,M,R,None,ISCED11_3,PT,2025-03-05T00:00:00,A,0,2019,Ethiopian Socioeconomic Survey (ESS) 2018-19. The survey collected data on school attendance and educational attainment for age 4 and above. Data extracted on 25 February 2025.,,1.50451
2005,SE_TOT_CPLR,231,M,R,None,ISCED11_3,PT,2025-03-05T00:00:00,A,0,2019,Ethiopian Socioeconomic Survey (ESS) 2018-19. The survey collected data on school attendance and educational attainment for age 4 and above. Data extracted on 25 February 2025.,,1.92707
2007,SE_TOT_CPLR,231,M,R,None,ISCED11_3,PT,2025-03-05T00:00:00,A,0,2019,Ethiopian Socioeconomic Survey (ESS) 2018-19. The survey collected data on school attendance and educational attainment for age 4 and above. Data extracted on 25 February 2025.,,3.01099
2011,SE_TOT_CPLR,231,M,R,None,ISCED11_3,PT,2025-03-05T00:00:00,A,0,2019,Ethiopian Socioeconomic Survey (ESS) 2018-19. The survey collected data on school attendance and educational attainment for age 4 and above. Data extracted on 25 February 2025.,,5.19384
2016,SE_TOT_CPLR,231,M,R,None,ISCED11_3,PT,2025-03-05T00:00:00,A,0,2019,Ethiopian Socioeconomic Survey (ESS) 2018-19. The survey collected data on school attendance and educational attainment for age 4 and above. Data extracted on 25 February 2025.,,5.64888
2019,SE_TOT_CPLR,231,M,R,None,ISCED11_3,PT,2025-03-05T00:00:00,A,0,2019,Ethiopian Socioeconomic Survey (ESS) 2018-19. The survey collected data on school attendance and educational attainment for age 4 and above. Data extracted on 25 February 2025.,,3.85266
2000,SE_TOT_CPLR,231,M,R,Q1,ISCED11_1,PT,2025-03-05T00:00:00,A,0,2016,Ethiopia DHS 2016. The survey collected data on school attendance for age 5-24 and educational attainment for age 5 and above. Data extracted on 25 February 2025.,This data point is NOT APPLICABLE for the submitting nation.,0.0
2005,SE_TOT_CPLR,231,M,R,Q1,ISCED11_1,PT,2025-03-05T00:00:00,A,0,2016,Ethiopia DHS 2016. The survey collected data on school attendance for age 5-24 and educational attainment for age 5 and above. Data extracted on 25 February 2025.,This data point is NOT APPLICABLE for the submitting nation.,10.79735
2011,SE_TOT_CPLR,231,M,R,Q1,ISCED11_1,PT,2025-03-05T00:00:00,A,0,2016,Ethiopia DHS 2016. The survey collected data on school attendance for age 5-24 and educational attainment for age 5 and above. Data extracted on 25 February 2025.,This data point is NOT APPLICABLE for the submitting nation.,16.24104
2016,SE_TOT_CPLR,231,M,R,Q1,ISCED11_1,PT,2025-03-05T00:00:00,A,0,2016,Ethiopia DHS 2016. The survey collected data on school attendance for age 5-24 and educational attainment for age 5 and above. Data extracted on 25 February 2025.,This data point is NOT APPLICABLE for the submitting nation.,24.20997
2000,SE_TOT_CPLR,231,M,R,Q1,ISCED11_2,PT,2025-03-05T00:00:00,A,0,2016,Ethiopia DHS 2016. The survey collected data on school attendance for age 5-24 and educational attainment for age 5 and above. Data extracted on 25 February 2025.,This data point is NOT APPLICABLE for the submitting nation.,0.0
2005,SE_TOT_CPLR,231,M,R,Q1,ISCED11_2,PT,2025-03-05T00:00:00,A,0,2016,Ethiopia DHS 2016. The survey collected data on school attendance for age 5-24 and educational attainment for age 5 and above. Data extracted on 25 February 2025.,This data point is NOT APPLICABLE for the submitting nation.,0.44296
2011,SE_TOT_CPLR,231,M,R,Q1,ISCED11_2,PT,2025-03-05T00:00:00,A,0,2016,Ethiopia DHS 2016. The survey collected data on school attendance for age 5-24 and educational attainment for age 5 and above. Data extracted on 25 February 2025.,This data point is NOT APPLICABLE for the submitting nation.,0.81188
2016,SE_TOT_CPLR,231,M,R,Q1,ISCED11_2,PT,2025-03-05T00:00:00,A,0,2016,Ethiopia DHS 2016. The survey collected data on school attendance for age 5-24 and educational attainment for age 5 and above. Data extracted on 25 February 2025.,This data point is NOT APPLICABLE for the submitting nation.,3.44036
2000,SE_TOT_CPLR,231,M,R,Q1,ISCED11_3,PT,2025-03-05T00:00:00,A,0,2016,Ethiopia DHS 2016. The survey collected data on school attendance for age 5-24 and educational attainment for age 5 and above. Data extracted on 25 February 2025.,This data point is NOT APPLICABLE for the submitting nation.,0.0
2005,SE_TOT_CPLR,231,M,R,Q1,ISCED11_3,PT,2025-03-05T00:00:00,A,0,2016,Ethiopia DHS 2016. The survey collected data on school attendance for age 5-24 and educational attainment for age 5 and above. Data extracted on 25 February 2025.,This data point is NOT APPLICABLE for the submitting nation.,0.02573
2011,SE_TOT_CPLR,231,M,R,Q1,ISCED11_3,PT,2025-03-05T00:00:00,A,0,2016,Ethiopia DHS 2016. The survey collected data on school attendance for age 5-24 and educational attainment for age 5 and above. Data extracted on 25 February 2025.,This data point is NOT APPLICABLE for the submitting nation.,0.83788
2016,SE_TOT_CPLR,231,M,R,Q1,ISCED11_3,PT,2025-03-05T00:00:00,A,0,2016,Ethiopia DHS 2016. The survey collected data on school attendance for age 5-24 and educational attainment for age 5 and above. Data extracted on 25 February 2025.,This data point is NOT APPLICABLE for the submitting nation.,1.36376
2000,SE_TOT_CPLR,231,M,R,Q2,ISCED11_1,PT,2025-03-05T00:00:00,A,0,2016,Ethiopia DHS 2016. The survey collected data on school attendance for age 5-24 and educational attainment for age 5 and above. Data extracted on 25 February 2025.,This data point is NOT APPLICABLE for the submitting nation.,0.0
2005,SE_TOT_CPLR,231,M,R,Q2,ISCED11_1,PT,2025-03-05T00:00:00,A,0,2016,Ethiopia DHS 2016. The survey collected data on school attendance for age 5-24 and educational attainment for age 5 and above. Data extracted on 25 February 2025.,This data point is NOT APPLICABLE for the submitting nation.,20.58838
2011,SE_TOT_CPLR,231,M,R,Q2,ISCED11_1,PT,2025-03-05T00:00:00,A,0,2016,Ethiopia DHS 2016. The survey collected data on school attendance for age 5-24 and educational attainment for age 5 and above. Data extracted on 25 February 2025.,This data point is NOT APPLICABLE for the submitting nation.,21.55584
2016,SE_TOT_CPLR,231,M,R,Q2,ISCED11_1,PT,2025-03-05T00:00:00,A,0,2016,Ethiopia DHS 2016. The survey collected data on school attendance for age 5-24 and educational attainment for age 5 and above. Data extracted on 25 February 2025.,This data point is NOT APPLICABLE for the submitting nation.,37.19483
2000,SE_TOT_CPLR,231,M,R,Q2,ISCED11_2,PT,2025-03-05T00:00:00,A,0,2016,Ethiopia DHS 2016. The survey collected data on school attendance for age 5-24 and educational attainment for age 5 and above. Data extracted on 25 February 2025.,This data point is NOT APPLICABLE for the submitting nation.,0.0
2005,SE_TOT_CPLR,231,M,R,Q2,ISCED11_2,PT,2025-03-05T00:00:00,A,0,2016,Ethiopia DHS 2016. The survey collected data on school attendance for age 5-24 and educational attainment for age 5 and above. Data extracted on 25 February 2025.,This data point is NOT APPLICABLE for the submitting nation.,1.04506
2011,SE_TOT_CPLR,231,M,R,Q2,ISCED11_2,PT,2025-03-05T00:00:00,A,0,2016,Ethiopia DHS 2016. The survey collected data on school attendance for age 5-24 and educational attainment for age 5 and above. Data extracted on 25 February 2025.,This data point is NOT APPLICABLE for the submitting nation.,3.15819
2016,SE_TOT_CPLR,231,M,R,Q2,ISCED11_2,PT,2025-03-05T00:00:00,A,0,2016,Ethiopia DHS 2016. The survey collected data on school attendance for age 5-24 and educational attainment for age 5 and above. Data extracted on 25 February 2025.,This data point is NOT APPLICABLE for the submitting nation.,6.92399
2000,SE_TOT_CPLR,231,M,R,Q2,ISCED11_3,PT,2025-03-05T00:00:00,A,0,2016,Ethiopia DHS 2016. The survey collected data on school attendance for age 5-24 and educational attainment for age 5 and above. Data extracted on 25 February 2025.,This data point is NOT APPLICABLE for the submitting nation.,0.0
2005,SE_TOT_CPLR,231,M,R,Q2,ISCED11_3,PT,2025-03-05T00:00:00,A,0,2016,Ethiopia DHS 2016. The survey collected data on school attendance for age 5-24 and educational attainment for age 5 and above. Data extracted on 25 February 2025.,This data point is NOT APPLICABLE for the submitting nation.,0.3424
2011,SE_TOT_CPLR,231,M,R,Q2,ISCED11_3,PT,2025-03-05T00:00:00,A,0,2016,Ethiopia DHS 2016. The survey collected data on school attendance for age 5-24 and educational attainment for age 5 and above. Data extracted on 25 February 2025.,This data point is NOT APPLICABLE for the submitting nation.,1.54379
2016,SE_TOT_CPLR,231,M,R,Q2,ISCED11_3,PT,2025-03-05T00:00:00,A,0,2016,Ethiopia DHS 2016. The survey collected data on school attendance for age 5-24 and educational attainment for age 5 and above. Data extracted on 25 February 2025.,This data point is NOT APPLICABLE for the submitting nation.,2.4661
2000,SE_TOT_CPLR,231,M,R,Q3,ISCED11_1,PT,2025-03-05T00:00:00,A,0,2016,Ethiopia DHS 2016. The survey collected data on school attendance for age 5-24 and educational attainment for age 5 and above. Data extracted on 25 February 2025.,This data point is NOT APPLICABLE for the submitting nation.,0.0
2005,SE_TOT_CPLR,231,M,R,Q3,ISCED11_1,PT,2025-03-05T00:00:00,A,0,2016,Ethiopia DHS 2016. The survey collected data on school attendance for age 5-24 and educational attainment for age 5 and above. Data extracted on 25 February 2025.,This data point is NOT APPLICABLE for the submitting nation.,19.65101
2011,SE_TOT_CPLR,231,M,R,Q3,ISCED11_1,PT,2025-03-05T00:00:00,A,0,2016,Ethiopia DHS 2016. The survey collected data on school attendance for age 5-24 and educational attainment for age 5 and above. Data extracted on 25 February 2025.,This data point is NOT APPLICABLE for the submitting nation.,34.78927
2016,SE_TOT_CPLR,231,M,R,Q3,ISCED11_1,PT,2025-03-05T00:00:00,A,0,2016,Ethiopia DHS 2016. The survey collected data on school attendance for age 5-24 and educational attainment for age 5 and above. Data extracted on 25 February 2025.,This data point is NOT APPLICABLE for the submitting nation.,40.2259
2000,SE_TOT_CPLR,231,M,R,Q3,ISCED11_2,PT,2025-03-05T00:00:00,A,0,2016,Ethiopia DHS 2016. The survey collected data on school attendance for age 5-24 and educational attainment for age 5 and above. Data extracted on 25 February 2025.,This data point is NOT APPLICABLE for the submitting nation.,0.0
2005,SE_TOT_CPLR,231,M,R,Q3,ISCED11_2,PT,2025-03-05T00:00:00,A,0,2016,Ethiopia DHS 2016. The survey collected data on school attendance for age 5-24 and educational attainment for age 5 and above. Data extracted on 25 February 2025.,This data point is NOT APPLICABLE for the submitting nation.,2.21657
2011,SE_TOT_CPLR,231,M,R,Q3,ISCED11_2,PT,2025-03-05T00:00:00,A,0,2016,Ethiopia DHS 2016. The survey collected data on school attendance for age 5-24 and educational attainment for age 5 and above. Data extracted on 25 February 2025.,This data point is NOT APPLICABLE for the submitting nation.,6.09081
2016,SE_TOT_CPLR,231,M,R,Q3,ISCED11_2,PT,2025-03-05T00:00:00,A,0,2016,Ethiopia DHS 2016. The survey collected data on school attendance for age 5-24 and educational attainment for age 5 and above. Data extracted on 25 February 2025.,This data point is NOT APPLICABLE for the submitting nation.,13.21894
2000,SE_TOT_CPLR,231,M,R,Q3,ISCED11_3,PT,2025-03-05T00:00:00,A,0,2016,Ethiopia DHS 2016. The survey collected data on school attendance for age 5-24 and educational attainment for age 5 and above. Data extracted on 25 February 2025.,This data point is NOT APPLICABLE for the submitting nation.,0.0
2005,SE_TOT_CPLR,231,M,R,Q3,ISCED11_3,PT,2025-03-05T00:00:00,A,0,2016,Ethiopia DHS 2016. The survey collected data on school attendance for age 5-24 and educational attainment for age 5 and above. Data extracted on 25 February 2025.,This data point is NOT APPLICABLE for the submitting nation.,2.42628
2011,SE_TOT_CPLR,231,M,R,Q3,ISCED11_3,PT,2025-03-05T00:00:00,A,0,2016,Ethiopia DHS 2016. The survey collected data on school attendance for age 5-24 and educational attainment for age 5 and above. Data extracted on 25 February 2025.,This data point is NOT APPLICABLE for the submitting nation.,3.48165
2016,SE_TOT_CPLR,231,M,R,Q3,ISCED11_3,PT,2025-03-05T00:00:00,A,0,2016,Ethiopia DHS 2016. The survey collected data on school attendance for age 5-24 and educational attainment for age 5 and above. Data extracted on 25 February 2025.,This data point is NOT APPLICABLE for the submitting nation.,3.73443
2000,SE_TOT_CPLR,231,M,R,Q4,ISCED11_1,PT,2025-03-05T00:00:00,A,0,2016,Ethiopia DHS 2016. The survey collected data on school attendance for age 5-24 and educational attainment for age 5 and above. Data extracted on 25 February 2025.,This data point is NOT APPLICABLE for the submitting nation.,0.0
2005,SE_TOT_CPLR,231,M,R,Q4,ISCED11_1,PT,2025-03-05T00:00:00,A,0,2016,Ethiopia DHS 2016. The survey collected data on school attendance for age 5-24 and educational attainment for age 5 and above. Data extracted on 25 February 2025.,This data point is NOT APPLICABLE for the submitting nation.,30.19817
2011,SE_TOT_CPLR,231,M,R,Q4,ISCED11_1,PT,2025-03-05T00:00:00,A,0,2016,Ethiopia DHS 2016. The survey collected data on school attendance for age 5-24 and educational attainment for age 5 and above. Data extracted on 25 February 2025.,This data point is NOT APPLICABLE for the submitting nation.,38.28592
2016,SE_TOT_CPLR,231,M,R,Q4,ISCED11_1,PT,2025-03-05T00:00:00,A,0,2016,Ethiopia DHS 2016. The survey collected data on school attendance for age 5-24 and educational attainment for age 5 and above. Data extracted on 25 February 2025.,This data point is NOT APPLICABLE for the submitting nation.,47.85143
2000,SE_TOT_CPLR,231,M,R,Q4,ISCED11_2,PT,2025-03-05T00:00:00,A,0,2016,Ethiopia DHS 2016. The survey collected data on school attendance for age 5-24 and educational attainment for age 5 and above. Data extracted on 25 February 2025.,This data point is NOT APPLICABLE for the submitting nation.,0.0
2005,SE_TOT_CPLR,231,M,R,Q4,ISCED11_2,PT,2025-03-05T00:00:00,A,0,2016,Ethiopia DHS 2016. The survey collected data on school attendance for age 5-24 and educational attainment for age 5 and above. Data extracted on 25 February 2025.,This data point is NOT APPLICABLE for the submitting nation.,3.81971
2011,SE_TOT_CPLR,231,M,R,Q4,ISCED11_2,PT,2025-03-05T00:00:00,A,0,2016,Ethiopia DHS 2016. The survey collected data on school attendance for age 5-24 and educational attainment for age 5 and above. Data extracted on 25 February 2025.,This data point is NOT APPLICABLE for the submitting nation.,9.92298
2016,SE_TOT_CPLR,231,M,R,Q4,ISCED11_2,PT,2025-03-05T00:00:00,A,0,2016,Ethiopia DHS 2016. The survey collected data on school attendance for age 5-24 and educational attainment for age 5 and above. Data extracted on 25 February 2025.,This data point is NOT APPLICABLE for the submitting nation.,18.0557
2000,SE_TOT_CPLR,231,M,R,Q4,ISCED11_3,PT,2025-03-05T00:00:00,A,0,2016,Ethiopia DHS 2016. The survey collected data on school attendance for age 5-24 and educational attainment for age 5 and above. Data extracted on 25 February 2025.,This data point is NOT APPLICABLE for the submitting nation.,0.0
2005,SE_TOT_CPLR,231,M,R,Q4,ISCED11_3,PT,2025-03-05T00:00:00,A,0,2016,Ethiopia DHS 2016. The survey collected data on school attendance for age 5-24 and educational attainment for age 5 and above. Data extracted on 25 February 2025.,This data point is NOT APPLICABLE for the submitting nation.,0.56994
2011,SE_TOT_CPLR,231,M,R,Q4,ISCED11_3,PT,2025-03-05T00:00:00,A,0,2016,Ethiopia DHS 2016. The survey collected data on school attendance for age 5-24 and educational attainment for age 5 and above. Data extracted on 25 February 2025.,This data point is NOT APPLICABLE for the submitting nation.,4.35761
2016,SE_TOT_CPLR,231,M,R,Q4,ISCED11_3,PT,2025-03-05T00:00:00,A,0,2016,Ethiopia DHS 2016. The survey collected data on school attendance for age 5-24 and educational attainment for age 5 and above. Data extracted on 25 February 2025.,This data point is NOT APPLICABLE for the submitting nation.,8.20732
2000,SE_TOT_CPLR,231,M,R,Q5,ISCED11_1,PT,2025-03-05T00:00:00,A,0,2016,Ethiopia DHS 2016. The survey collected data on school attendance for age 5-24 and educational attainment for age 5 and above. Data extracted on 25 February 2025.,This data point is NOT APPLICABLE for the submitting nation.,0.0
2005,SE_TOT_CPLR,231,M,R,Q5,ISCED11_1,PT,2025-03-05T00:00:00,A,0,2016,Ethiopia DHS 2016. The survey collected data on school attendance for age 5-24 and educational attainment for age 5 and above. Data extracted on 25 February 2025.,This data point is NOT APPLICABLE for the submitting nation.,44.75082
2011,SE_TOT_CPLR,231,M,R,Q5,ISCED11_1,PT,2025-03-05T00:00:00,A,0,2016,Ethiopia DHS 2016. The survey collected data on school attendance for age 5-24 and educational attainment for age 5 and above. Data extracted on 25 February 2025.,This data point is NOT APPLICABLE for the submitting nation.,51.88337
2016,SE_TOT_CPLR,231,M,R,Q5,ISCED11_1,PT,2025-03-05T00:00:00,A,0,2016,Ethiopia DHS 2016. The survey collected data on school attendance for age 5-24 and educational attainment for age 5 and above. Data extracted on 25 February 2025.,This data point is NOT APPLICABLE for the submitting nation.,66.05937
2000,SE_TOT_CPLR,231,M,R,Q5,ISCED11_2,PT,2025-03-05T00:00:00,A,0,2016,Ethiopia DHS 2016. The survey collected data on school attendance for age 5-24 and educational attainment for age 5 and above. Data extracted on 25 February 2025.,This data point is NOT APPLICABLE for the submitting nation.,0.0
2005,SE_TOT_CPLR,231,M,R,Q5,ISCED11_2,PT,2025-03-05T00:00:00,A,0,2016,Ethiopia DHS 2016. The survey collected data on school attendance for age 5-24 and educational attainment for age 5 and above. Data extracted on 25 February 2025.,This data point is NOT APPLICABLE for the submitting nation.,17.35312
2011,SE_TOT_CPLR,231,M,R,Q5,ISCED11_2,PT,2025-03-05T00:00:00,A,0,2016,Ethiopia DHS 2016. The survey collected data on school attendance for age 5-24 and educational attainment for age 5 and above. Data extracted on 25 February 2025.,This data point is NOT APPLICABLE for the submitting nation.,29.15148
2016,SE_TOT_CPLR,231,M,R,Q5,ISCED11_2,PT,2025-03-05T00:00:00,A,0,2016,Ethiopia DHS 2016. The survey collected data on school attendance for age 5-24 and educational attainment for age 5 and above. Data extracted on 25 February 2025.,This data point is NOT APPLICABLE for the submitting nation.,33.4858
2000,SE_TOT_CPLR,231,M,R,Q5,ISCED11_3,PT,2025-03-05T00:00:00,A,0,2016,Ethiopia DHS 2016. The survey collected data on school attendance for age 5-24 and educational attainment for age 5 and above. Data extracted on 25 February 2025.,This data point is NOT APPLICABLE for the submitting nation.,0.0
2005,SE_TOT_CPLR,231,M,R,Q5,ISCED11_3,PT,2025-03-05T00:00:00,A,0,2016,Ethiopia DHS 2016. The survey collected data on school attendance for age 5-24 and educational attainment for age 5 and above. Data extracted on 25 February 2025.,This data point is NOT APPLICABLE for the submitting nation.,9.87752
2011,SE_TOT_CPLR,231,M,R,Q5,ISCED11_3,PT,2025-03-05T00:00:00,A,0,2016,Ethiopia DHS 2016. The survey collected data on school attendance for age 5-24 and educational attainment for age 5 and above. Data extracted on 25 February 2025.,This data point is NOT APPLICABLE for the submitting nation.,45.082
2016,SE_TOT_CPLR,231,M,R,Q5,ISCED11_3,PT,2025-03-05T00:00:00,A,0,2016,Ethiopia DHS 2016. The survey collected data on school attendance for age 5-24 and educational attainment for age 5 and above. Data extracted on 25 February 2025.,This data point is NOT APPLICABLE for the submitting nation.,19.27248
2000,SE_TOT_CPLR,231,M,U,None,ISCED11_1,PT,2025-03-05T00:00:00,A,0,2019,Ethiopian Socioeconomic Survey (ESS) 2018-19. The survey collected data on school attendance and educational attainment for age 4 and above. Data extracted on 25 February 2025.,,72.14006
2005,SE_TOT_CPLR,231,M,U,None,ISCED11_1,PT,2025-03-05T00:00:00,A,0,2019,Ethiopian Socioeconomic Survey (ESS) 2018-19. The survey collected data on school attendance and educational attainment for age 4 and above. Data extracted on 25 February 2025.,,82.42934
2007,SE_TOT_CPLR,231,M,U,None,ISCED11_1,PT,2025-03-05T00:00:00,A,0,2019,Ethiopian Socioeconomic Survey (ESS) 2018-19. The survey collected data on school attendance and educational attainment for age 4 and above. Data extracted on 25 February 2025.,,69.19434
2011,SE_TOT_CPLR,231,M,U,None,ISCED11_1,PT,2025-03-05T00:00:00,A,0,2019,Ethiopian Socioeconomic Survey (ESS) 2018-19. The survey collected data on school attendance and educational attainment for age 4 and above. Data extracted on 25 February 2025.,,75.19376
2016,SE_TOT_CPLR,231,M,U,None,ISCED11_1,PT,2025-03-05T00:00:00,A,0,2019,Ethiopian Socioeconomic Survey (ESS) 2018-19. The survey collected data on school attendance and educational attainment for age 4 and above. Data extracted on 25 February 2025.,,84.17497
2019,SE_TOT_CPLR,231,M,U,None,ISCED11_1,PT,2025-03-05T00:00:00,A,0,2019,Ethiopian Socioeconomic Survey (ESS) 2018-19. The survey collected data on school attendance and educational attainment for age 4 and above. Data extracted on 25 February 2025.,,79.85456
2000,SE_TOT_CPLR,231,M,U,None,ISCED11_2,PT,2025-03-05T00:00:00,A,0,2019,Ethiopian Socioeconomic Survey (ESS) 2018-19. The survey collected data on school attendance and educational attainment for age 4 and above. Data extracted on 25 February 2025.,,31.89037
2005,SE_TOT_CPLR,231,M,U,None,ISCED11_2,PT,2025-03-05T00:00:00,A,0,2019,Ethiopian Socioeconomic Survey (ESS) 2018-19. The survey collected data on school attendance and educational attainment for age 4 and above. Data extracted on 25 February 2025.,,45.40104
2007,SE_TOT_CPLR,231,M,U,None,ISCED11_2,PT,2025-03-05T00:00:00,A,0,2019,Ethiopian Socioeconomic Survey (ESS) 2018-19. The survey collected data on school attendance and educational attainment for age 4 and above. Data extracted on 25 February 2025.,,36.84779
2011,SE_TOT_CPLR,231,M,U,None,ISCED11_2,PT,2025-03-05T00:00:00,A,0,2019,Ethiopian Socioeconomic Survey (ESS) 2018-19. The survey collected data on school attendance and educational attainment for age 4 and above. Data extracted on 25 February 2025.,,51.55851
2016,SE_TOT_CPLR,231,M,U,None,ISCED11_2,PT,2025-03-05T00:00:00,A,0,2019,Ethiopian Socioeconomic Survey (ESS) 2018-19. The survey collected data on school attendance and educational attainment for age 4 and above. Data extracted on 25 February 2025.,,62.67994
2019,SE_TOT_CPLR,231,M,U,None,ISCED11_2,PT,2025-03-05T00:00:00,A,0,2019,Ethiopian Socioeconomic Survey (ESS) 2018-19. The survey collected data on school attendance and educational attainment for age 4 and above. Data extracted on 25 February 2025.,,51.98544
2000,SE_TOT_CPLR,231,M,U,None,ISCED11_3,PT,2025-03-05T00:00:00,A,0,2019,Ethiopian Socioeconomic Survey (ESS) 2018-19. The survey collected data on school attendance and educational attainment for age 4 and above. Data extracted on 25 February 2025.,,23.95477
2005,SE_TOT_CPLR,231,M,U,None,ISCED11_3,PT,2025-03-05T00:00:00,A,0,2019,Ethiopian Socioeconomic Survey (ESS) 2018-19. The survey collected data on school attendance and educational attainment for age 4 and above. Data extracted on 25 February 2025.,,36.30564
2007,SE_TOT_CPLR,231,M,U,None,ISCED11_3,PT,2025-03-05T00:00:00,A,0,2019,Ethiopian Socioeconomic Survey (ESS) 2018-19. The survey collected data on school attendance and educational attainment for age 4 and above. Data extracted on 25 February 2025.,,23.18399
2011,SE_TOT_CPLR,231,M,U,None,ISCED11_3,PT,2025-03-05T00:00:00,A,0,2019,Ethiopian Socioeconomic Survey (ESS) 2018-19. The survey collected data on school attendance and educational attainment for age 4 and above. Data extracted on 25 February 2025.,,33.73735
2016,SE_TOT_CPLR,231,M,U,None,ISCED11_3,PT,2025-03-05T00:00:00,A,0,2019,Ethiopian Socioeconomic Survey (ESS) 2018-19. The survey collected data on school attendance and educational attainment for age 4 and above. Data extracted on 25 February 2025.,,34.47035
2019,SE_TOT_CPLR,231,M,U,None,ISCED11_3,PT,2025-03-05T00:00:00,A,0,2019,Ethiopian Socioeconomic Survey (ESS) 2018-19. The survey collected data on school attendance and educational attainment for age 4 and above. Data extracted on 25 February 2025.,,30.72616
2000,SE_TOT_CPLR,231,M,U,Q1,ISCED11_1,PT,2025-03-05T00:00:00,A,0,2016,Ethiopia DHS 2016. The survey collected data on school attendance for age 5-24 and educational attainment for age 5 and above. Data extracted on 25 February 2025.,This data point is NOT APPLICABLE for the submitting nation.,0.0
2005,SE_TOT_CPLR,231,M,U,Q1,ISCED11_1,PT,2025-03-05T00:00:00,A,0,2016,Ethiopia DHS 2016. The survey collected data on school attendance for age 5-24 and educational attainment for age 5 and above. Data extracted on 25 February 2025.,This data point is NOT APPLICABLE for the submitting nation.,0.0
2011,SE_TOT_CPLR,231,M,U,Q1,ISCED11_1,PT,2025-03-05T00:00:00,A,0,2016,Ethiopia DHS 2016. The survey collected data on school attendance for age 5-24 and educational attainment for age 5 and above. Data extracted on 25 February 2025.,This data point is NOT APPLICABLE for the submitting nation.,0.0
2016,SE_TOT_CPLR,231,M,U,Q1,ISCED11_1,PT,2025-03-05T00:00:00,A,0,2016,Ethiopia DHS 2016. The survey collected data on school attendance for age 5-24 and educational attainment for age 5 and above. Data extracted on 25 February 2025.,This data point is NOT APPLICABLE for the submitting nation.,0.0
2000,SE_TOT_CPLR,231,M,U,Q1,ISCED11_2,PT,2025-03-05T00:00:00,A,0,2016,Ethiopia DHS 2016. The survey collected data on school attendance for age 5-24 and educational attainment for age 5 and above. Data extracted on 25 February 2025.,This data point is NOT APPLICABLE for the submitting nation.,0.0
2005,SE_TOT_CPLR,231,M,U,Q1,ISCED11_2,PT,2025-03-05T00:00:00,A,0,2016,Ethiopia DHS 2016. The survey collected data on school attendance for age 5-24 and educational attainment for age 5 and above. Data extracted on 25 February 2025.,This data point is NOT APPLICABLE for the submitting nation.,0.0
2011,SE_TOT_CPLR,231,M,U,Q1,ISCED11_2,PT,2025-03-05T00:00:00,A,0,2016,Ethiopia DHS 2016. The survey collected data on school attendance for age 5-24 and educational attainment for age 5 and above. Data extracted on 25 February 2025.,This data point is NOT APPLICABLE for the submitting nation.,0.0
2016,SE_TOT_CPLR,231,M,U,Q1,ISCED11_2,PT,2025-03-05T00:00:00,A,0,2016,Ethiopia DHS 2016. The survey collected data on school attendance for age 5-24 and educational attainment for age 5 and above. Data extracted on 25 February 2025.,This data point is NOT APPLICABLE for the submitting nation.,0.0
2000,SE_TOT_CPLR,231,M,U,Q1,ISCED11_3,PT,2025-03-05T00:00:00,A,0,2016,Ethiopia DHS 2016. The survey collected data on school attendance for age 5-24 and educational attainment for age 5 and above. Data extracted on 25 February 2025.,This data point is NOT APPLICABLE for the submitting nation.,0.0
2005,SE_TOT_CPLR,231,M,U,Q1,ISCED11_3,PT,2025-03-05T00:00:00,A,0,2016,Ethiopia DHS 2016. The survey collected data on school attendance for age 5-24 and educational attainment for age 5 and above. Data extracted on 25 February 2025.,This data point is NOT APPLICABLE for the submitting nation.,0.0
2011,SE_TOT_CPLR,231,M,U,Q1,ISCED11_3,PT,2025-03-05T00:00:00,A,0,2016,Ethiopia DHS 2016. The survey collected data on school attendance for age 5-24 and educational attainment for age 5 and above. Data extracted on 25 February 2025.,This data point is NOT APPLICABLE for the submitting nation.,0.0
2016,SE_TOT_CPLR,231,M,U,Q1,ISCED11_3,PT,2025-03-05T00:00:00,A,0,2016,Ethiopia DHS 2016. The survey collected data on school attendance for age 5-24 and educational attainment for age 5 and above. Data extracted on 25 February 2025.,This data point is NOT APPLICABLE for the submitting nation.,0.0
2000,SE_TOT_CPLR,231,M,U,Q2,ISCED11_1,PT,2025-03-05T00:00:00,A,0,2016,Ethiopia DHS 2016. The survey collected data on school attendance for age 5-24 and educational attainment for age 5 and above. Data extracted on 25 February 2025.,This data point is NOT APPLICABLE for the submitting nation.,0.0
2005,SE_TOT_CPLR,231,M,U,Q2,ISCED11_1,PT,2025-03-05T00:00:00,A,0,2016,Ethiopia DHS 2016. The survey collected data on school attendance for age 5-24 and educational attainment for age 5 and above. Data extracted on 25 February 2025.,This data point is NOT APPLICABLE for the submitting nation.,0.0
2011,SE_TOT_CPLR,231,M,U,Q2,ISCED11_1,PT,2025-03-05T00:00:00,A,0,2016,Ethiopia DHS 2016. The survey collected data on school attendance for age 5-24 and educational attainment for age 5 and above. Data extracted on 25 February 2025.,This data point is NOT APPLICABLE for the submitting nation.,0.0
2016,SE_TOT_CPLR,231,M,U,Q2,ISCED11_1,PT,2025-03-05T00:00:00,A,0,2016,Ethiopia DHS 2016. The survey collected data on school attendance for age 5-24 and educational attainment for age 5 and above. Data extracted on 25 February 2025.,This data point is NOT APPLICABLE for the submitting nation.,0.0
2000,SE_TOT_CPLR,231,M,U,Q2,ISCED11_2,PT,2025-03-05T00:00:00,A,0,2016,Ethiopia DHS 2016. The survey collected data on school attendance for age 5-24 and educational attainment for age 5 and above. Data extracted on 25 February 2025.,This data point is NOT APPLICABLE for the submitting nation.,0.0
2005,SE_TOT_CPLR,231,M,U,Q2,ISCED11_2,PT,2025-03-05T00:00:00,A,0,2016,Ethiopia DHS 2016. The survey collected data on school attendance for age 5-24 and educational attainment for age 5 and above. Data extracted on 25 February 2025.,This data point is NOT APPLICABLE for the submitting nation.,0.0
2011,SE_TOT_CPLR,231,M,U,Q2,ISCED11_2,PT,2025-03-05T00:00:00,A,0,2016,Ethiopia DHS 2016. The survey collected data on school attendance for age 5-24 and educational attainment for age 5 and above. Data extracted on 25 February 2025.,This data point is NOT APPLICABLE for the submitting nation.,0.0
2016,SE_TOT_CPLR,231,M,U,Q2,ISCED11_2,PT,2025-03-05T00:00:00,A,0,2016,Ethiopia DHS 2016. The survey collected data on school attendance for age 5-24 and educational attainment for age 5 and above. Data extracted on 25 February 2025.,This data point is NOT APPLICABLE for the submitting nation.,0.0
2000,SE_TOT_CPLR,231,M,U,Q2,ISCED11_3,PT,2025-03-05T00:00:00,A,0,2011,Ethiopia DHS 2011. The survey collected data on school attendance for age 5-24 and educational attainment for age 5 and above. Data extracted on 25 February 2025.,This data point is NOT APPLICABLE for the submitting nation.,0.0
2005,SE_TOT_CPLR,231,M,U,Q2,ISCED11_3,PT,2025-03-05T00:00:00,A,0,2011,Ethiopia DHS 2011. The survey collected data on school attendance for age 5-24 and educational attainment for age 5 and above. Data extracted on 25 February 2025.,This data point is NOT APPLICABLE for the submitting nation.,0.0
2011,SE_TOT_CPLR,231,M,U,Q2,ISCED11_3,PT,2025-03-05T00:00:00,A,0,2011,Ethiopia DHS 2011. The survey collected data on school attendance for age 5-24 and educational attainment for age 5 and above. Data extracted on 25 February 2025.,This data point is NOT APPLICABLE for the submitting nation.,0.0
2000,SE_TOT_CPLR,231,M,U,Q3,ISCED11_1,PT,2025-03-05T00:00:00,A,0,2016,Ethiopia DHS 2016. The survey collected data on school attendance for age 5-24 and educational attainment for age 5 and above. Data extracted on 25 February 2025.,This data point is NOT APPLICABLE for the submitting nation.,0.0
2005,SE_TOT_CPLR,231,M,U,Q3,ISCED11_1,PT,2025-03-05T00:00:00,A,0,2016,Ethiopia DHS 2016. The survey collected data on school attendance for age 5-24 and educational attainment for age 5 and above. Data extracted on 25 February 2025.,This data point is NOT APPLICABLE for the submitting nation.,0.0
2011,SE_TOT_CPLR,231,M,U,Q3,ISCED11_1,PT,2025-03-05T00:00:00,A,0,2016,Ethiopia DHS 2016. The survey collected data on school attendance for age 5-24 and educational attainment for age 5 and above. Data extracted on 25 February 2025.,This data point is NOT APPLICABLE for the submitting nation.,0.0
2016,SE_TOT_CPLR,231,M,U,Q3,ISCED11_1,PT,2025-03-05T00:00:00,A,0,2016,Ethiopia DHS 2016. The survey collected data on school attendance for age 5-24 and educational attainment for age 5 and above. Data extracted on 25 February 2025.,This data point is NOT APPLICABLE for the submitting nation.,0.0
2000,SE_TOT_CPLR,231,M,U,Q3,ISCED11_2,PT,2025-03-05T00:00:00,A,0,2016,Ethiopia DHS 2016. The survey collected data on school attendance for age 5-24 and educational attainment for age 5 and above. Data extracted on 25 February 2025.,This data point is NOT APPLICABLE for the submitting nation.,0.0
2005,SE_TOT_CPLR,231,M,U,Q3,ISCED11_2,PT,2025-03-05T00:00:00,A,0,2016,Ethiopia DHS 2016. The survey collected data on school attendance for age 5-24 and educational attainment for age 5 and above. Data extracted on 25 February 2025.,This data point is NOT APPLICABLE for the submitting nation.,0.0
2011,SE_TOT_CPLR,231,M,U,Q3,ISCED11_2,PT,2025-03-05T00:00:00,A,0,2016,Ethiopia DHS 2016. The survey collected data on school attendance for age 5-24 and educational attainment for age 5 and above. Data extracted on 25 February 2025.,This data point is NOT APPLICABLE for the submitting nation.,0.0
2016,SE_TOT_CPLR,231,M,U,Q3,ISCED11_2,PT,2025-03-05T00:00:00,A,0,2016,Ethiopia DHS 2016. The survey collected data on school attendance for age 5-24 and educational attainment for age 5 and above. Data extracted on 25 February 2025.,This data point is NOT APPLICABLE for the submitting nation.,0.0
2000,SE_TOT_CPLR,231,M,U,Q3,ISCED11_3,PT,2025-03-05T00:00:00,A,0,2011,Ethiopia DHS 2011. The survey collected data on school attendance for age 5-24 and educational attainment for age 5 and above. Data extracted on 25 February 2025.,This data point is NOT APPLICABLE for the submitting nation.,0.0
2005,SE_TOT_CPLR,231,M,U,Q3,ISCED11_3,PT,2025-03-05T00:00:00,A,0,2011,Ethiopia DHS 2011. The survey collected data on school attendance for age 5-24 and educational attainment for age 5 and above. Data extracted on 25 February 2025.,This data point is NOT APPLICABLE for the submitting nation.,0.0
2011,SE_TOT_CPLR,231,M,U,Q3,ISCED11_3,PT,2025-03-05T00:00:00,A,0,2011,Ethiopia DHS 2011. The survey collected data on school attendance for age 5-24 and educational attainment for age 5 and above. Data extracted on 25 February 2025.,This data point is NOT APPLICABLE for the submitting nation.,0.0
2000,SE_TOT_CPLR,231,M,U,Q4,ISCED11_1,PT,2025-03-05T00:00:00,A,0,2016,Ethiopia DHS 2016. The survey collected data on school attendance for age 5-24 and educational attainment for age 5 and above. Data extracted on 25 February 2025.,This data point is NOT APPLICABLE for the submitting nation.,0.0
2005,SE_TOT_CPLR,231,M,U,Q4,ISCED11_1,PT,2025-03-05T00:00:00,A,0,2016,Ethiopia DHS 2016. The survey collected data on school attendance for age 5-24 and educational attainment for age 5 and above. Data extracted on 25 February 2025.,This data point is NOT APPLICABLE for the submitting nation.,0.0
2011,SE_TOT_CPLR,231,M,U,Q4,ISCED11_1,PT,2025-03-05T00:00:00,A,0,2016,Ethiopia DHS 2016. The survey collected data on school attendance for age 5-24 and educational attainment for age 5 and above. Data extracted on 25 February 2025.,This data point is NOT APPLICABLE for the submitting nation.,45.17067
2016,SE_TOT_CPLR,231,M,U,Q4,ISCED11_1,PT,2025-03-05T00:00:00,A,0,2016,Ethiopia DHS 2016. The survey collected data on school attendance for age 5-24 and educational attainment for age 5 and above. Data extracted on 25 February 2025.,This data point is NOT APPLICABLE for the submitting nation.,0.0
2000,SE_TOT_CPLR,231,M,U,Q4,ISCED11_2,PT,2025-03-05T00:00:00,A,0,2016,Ethiopia DHS 2016. The survey collected data on school attendance for age 5-24 and educational attainment for age 5 and above. Data extracted on 25 February 2025.,This data point is NOT APPLICABLE for the submitting nation.,0.0
2005,SE_TOT_CPLR,231,M,U,Q4,ISCED11_2,PT,2025-03-05T00:00:00,A,0,2016,Ethiopia DHS 2016. The survey collected data on school attendance for age 5-24 and educational attainment for age 5 and above. Data extracted on 25 February 2025.,This data point is NOT APPLICABLE for the submitting nation.,0.0
2011,SE_TOT_CPLR,231,M,U,Q4,ISCED11_2,PT,2025-03-05T00:00:00,A,0,2016,Ethiopia DHS 2016. The survey collected data on school attendance for age 5-24 and educational attainment for age 5 and above. Data extracted on 25 February 2025.,This data point is NOT APPLICABLE for the submitting nation.,33.4078
2016,SE_TOT_CPLR,231,M,U,Q4,ISCED11_2,PT,2025-03-05T00:00:00,A,0,2016,Ethiopia DHS 2016. The survey collected data on school attendance for age 5-24 and educational attainment for age 5 and above. Data extracted on 25 February 2025.,This data point is NOT APPLICABLE for the submitting nation.,0.0
2000,SE_TOT_CPLR,231,M,U,Q4,ISCED11_3,PT,2025-03-05T00:00:00,A,0,2016,Ethiopia DHS 2016. The survey collected data on school attendance for age 5-24 and educational attainment for age 5 and above. Data extracted on 25 February 2025.,This data point is NOT APPLICABLE for the submitting nation.,0.0
2005,SE_TOT_CPLR,231,M,U,Q4,ISCED11_3,PT,2025-03-05T00:00:00,A,0,2016,Ethiopia DHS 2016. The survey collected data on school attendance for age 5-24 and educational attainment for age 5 and above. Data extracted on 25 February 2025.,This data point is NOT APPLICABLE for the submitting nation.,0.0
2011,SE_TOT_CPLR,231,M,U,Q4,ISCED11_3,PT,2025-03-05T00:00:00,A,0,2016,Ethiopia DHS 2016. The survey collected data on school attendance for age 5-24 and educational attainment for age 5 and above. Data extracted on 25 February 2025.,This data point is NOT APPLICABLE for the submitting nation.,0.0
2016,SE_TOT_CPLR,231,M,U,Q4,ISCED11_3,PT,2025-03-05T00:00:00,A,0,2016,Ethiopia DHS 2016. The survey collected data on school attendance for age 5-24 and educational attainment for age 5 and above. Data extracted on 25 February 2025.,This data point is NOT APPLICABLE for the submitting nation.,0.0
2000,SE_TOT_CPLR,231,M,U,Q5,ISCED11_1,PT,2025-03-05T00:00:00,A,0,2016,Ethiopia DHS 2016. The survey collected data on school attendance for age 5-24 and educational attainment for age 5 and above. Data extracted on 25 February 2025.,This data point is NOT APPLICABLE for the submitting nation.,0.0
2005,SE_TOT_CPLR,231,M,U,Q5,ISCED11_1,PT,2025-03-05T00:00:00,A,0,2016,Ethiopia DHS 2016. The survey collected data on school attendance for age 5-24 and educational attainment for age 5 and above. Data extracted on 25 February 2025.,This data point is NOT APPLICABLE for the submitting nation.,84.0329
2011,SE_TOT_CPLR,231,M,U,Q5,ISCED11_1,PT,2025-03-05T00:00:00,A,0,2016,Ethiopia DHS 2016. The survey collected data on school attendance for age 5-24 and educational attainment for age 5 and above. Data extracted on 25 February 2025.,This data point is NOT APPLICABLE for the submitting nation.,80.72997
2016,SE_TOT_CPLR,231,M,U,Q5,ISCED11_1,PT,2025-03-05T00:00:00,A,0,2016,Ethiopia DHS 2016. The survey collected data on school attendance for age 5-24 and educational attainment for age 5 and above. Data extracted on 25 February 2025.,This data point is NOT APPLICABLE for the submitting nation.,85.4199
2000,SE_TOT_CPLR,231,M,U,Q5,ISCED11_2,PT,2025-03-05T00:00:00,A,0,2016,Ethiopia DHS 2016. The survey collected data on school attendance for age 5-24 and educational attainment for age 5 and above. Data extracted on 25 February 2025.,This data point is NOT APPLICABLE for the submitting nation.,0.0
2005,SE_TOT_CPLR,231,M,U,Q5,ISCED11_2,PT,2025-03-05T00:00:00,A,0,2016,Ethiopia DHS 2016. The survey collected data on school attendance for age 5-24 and educational attainment for age 5 and above. Data extracted on 25 February 2025.,This data point is NOT APPLICABLE for the submitting nation.,47.35972
2011,SE_TOT_CPLR,231,M,U,Q5,ISCED11_2,PT,2025-03-05T00:00:00,A,0,2016,Ethiopia DHS 2016. The survey collected data on school attendance for age 5-24 and educational attainment for age 5 and above. Data extracted on 25 February 2025.,This data point is NOT APPLICABLE for the submitting nation.,55.43966
2016,SE_TOT_CPLR,231,M,U,Q5,ISCED11_2,PT,2025-03-05T00:00:00,A,0,2016,Ethiopia DHS 2016. The survey collected data on school attendance for age 5-24 and educational attainment for age 5 and above. Data extracted on 25 February 2025.,This data point is NOT APPLICABLE for the submitting nation.,66.36615
2000,SE_TOT_CPLR,231,M,U,Q5,ISCED11_3,PT,2025-03-05T00:00:00,A,0,2016,Ethiopia DHS 2016. The survey collected data on school attendance for age 5-24 and educational attainment for age 5 and above. Data extracted on 25 February 2025.,This data point is NOT APPLICABLE for the submitting nation.,0.0
2005,SE_TOT_CPLR,231,M,U,Q5,ISCED11_3,PT,2025-03-05T00:00:00,A,0,2016,Ethiopia DHS 2016. The survey collected data on school attendance for age 5-24 and educational attainment for age 5 and above. Data extracted on 25 February 2025.,This data point is NOT APPLICABLE for the submitting nation.,38.15036
2011,SE_TOT_CPLR,231,M,U,Q5,ISCED11_3,PT,2025-03-05T00:00:00,A,0,2016,Ethiopia DHS 2016. The survey collected data on school attendance for age 5-24 and educational attainment for age 5 and above. Data extracted on 25 February 2025.,This data point is NOT APPLICABLE for the submitting nation.,35.90369
2016,SE_TOT_CPLR,231,M,U,Q5,ISCED11_3,PT,2025-03-05T00:00:00,A,0,2016,Ethiopia DHS 2016. The survey collected data on school attendance for age 5-24 and educational attainment for age 5 and above. Data extracted on 25 February 2025.,This data point is NOT APPLICABLE for the submitting nation.,37.04114
