Year,SERIES,REF_AREA,SEX,AGE,URBANISATION,INCOME_WEALTH_QUANTILE,EDUCATION_LEV,UNIT_MEASURE,DATA_LAST_UPDATE,OBS_STATUS,UNIT_MULT,TIME_DETAIL,SOURCE_DETAIL,COMMENT_OBS,Value
2000,SE_AGP_CPRA,231,None,None,None,None,ISCED11_1,RO,2025-03-05T00:00:00,A,0,2019,Ethiopian Socioeconomic Survey (ESS) 2018-19. The survey collected data on school attendance and educational attainment for age 4 and above. Data extracted on 25 February 2025.,,0.82486
2005,SE_AGP_CPRA,231,None,None,None,None,ISCED11_1,RO,2025-03-05T00:00:00,A,0,2019,Ethiopian Socioeconomic Survey (ESS) 2018-19. The survey collected data on school attendance and educational attainment for age 4 and above. Data extracted on 25 February 2025.,,0.70703
2007,SE_AGP_CPRA,231,None,None,None,None,ISCED11_1,RO,2025-03-05T00:00:00,A,0,2019,Ethiopian Socioeconomic Survey (ESS) 2018-19. The survey collected data on school attendance and educational attainment for age 4 and above. Data extracted on 25 February 2025.,,0.91671
2011,SE_AGP_CPRA,231,None,None,None,None,ISCED11_1,RO,2025-03-05T00:00:00,A,0,2019,Ethiopian Socioeconomic Survey (ESS) 2018-19. The survey collected data on school attendance and educational attainment for age 4 and above. Data extracted on 25 February 2025.,,1.06516
2016,SE_AGP_CPRA,231,None,None,None,None,ISCED11_1,RO,2025-03-05T00:00:00,A,0,2019,Ethiopian Socioeconomic Survey (ESS) 2018-19. The survey collected data on school attendance and educational attainment for age 4 and above. Data extracted on 25 February 2025.,,0.98553
2019,SE_AGP_CPRA,231,None,None,None,None,ISCED11_1,RO,2025-03-05T00:00:00,A,0,2019,Ethiopian Socioeconomic Survey (ESS) 2018-19. The survey collected data on school attendance and educational attainment for age 4 and above. Data extracted on 25 February 2025.,,1.05093
2000,SE_AGP_CPRA,231,None,None,None,None,ISCED11_2,RO,2025-03-05T00:00:00,A,0,2019,Ethiopian Socioeconomic Survey (ESS) 2018-19. The survey collected data on school attendance and educational attainment for age 4 and above. Data extracted on 25 February 2025.,,0.62627
2005,SE_AGP_CPRA,231,None,None,None,None,ISCED11_2,RO,2025-03-05T00:00:00,A,0,2019,Ethiopian Socioeconomic Survey (ESS) 2018-19. The survey collected data on school attendance and educational attainment for age 4 and above. Data extracted on 25 February 2025.,,0.71977
2007,SE_AGP_CPRA,231,None,None,None,None,ISCED11_2,RO,2025-03-05T00:00:00,A,0,2019,Ethiopian Socioeconomic Survey (ESS) 2018-19. The survey collected data on school attendance and educational attainment for age 4 and above. Data extracted on 25 February 2025.,,0.69484
2011,SE_AGP_CPRA,231,None,None,None,None,ISCED11_2,RO,2025-03-05T00:00:00,A,0,2019,Ethiopian Socioeconomic Survey (ESS) 2018-19. The survey collected data on school attendance and educational attainment for age 4 and above. Data extracted on 25 February 2025.,,0.97554
2016,SE_AGP_CPRA,231,None,None,None,None,ISCED11_2,RO,2025-03-05T00:00:00,A,0,2019,Ethiopian Socioeconomic Survey (ESS) 2018-19. The survey collected data on school attendance and educational attainment for age 4 and above. Data extracted on 25 February 2025.,,0.9917
2019,SE_AGP_CPRA,231,None,None,None,None,ISCED11_2,RO,2025-03-05T00:00:00,A,0,2019,Ethiopian Socioeconomic Survey (ESS) 2018-19. The survey collected data on school attendance and educational attainment for age 4 and above. Data extracted on 25 February 2025.,,1.04767
2000,SE_AGP_CPRA,231,None,None,None,None,ISCED11_3,RO,2025-03-05T00:00:00,A,0,2019,Ethiopian Socioeconomic Survey (ESS) 2018-19. The survey collected data on school attendance and educational attainment for age 4 and above. Data extracted on 25 February 2025.,,0.88515
2005,SE_AGP_CPRA,231,None,None,None,None,ISCED11_3,RO,2025-03-05T00:00:00,A,0,2019,Ethiopian Socioeconomic Survey (ESS) 2018-19. The survey collected data on school attendance and educational attainment for age 4 and above. Data extracted on 25 February 2025.,,0.99811
2007,SE_AGP_CPRA,231,None,None,None,None,ISCED11_3,RO,2025-03-05T00:00:00,A,0,2019,Ethiopian Socioeconomic Survey (ESS) 2018-19. The survey collected data on school attendance and educational attainment for age 4 and above. Data extracted on 25 February 2025.,,0.70687
2011,SE_AGP_CPRA,231,None,None,None,None,ISCED11_3,RO,2025-03-05T00:00:00,A,0,2019,Ethiopian Socioeconomic Survey (ESS) 2018-19. The survey collected data on school attendance and educational attainment for age 4 and above. Data extracted on 25 February 2025.,,0.95535
2016,SE_AGP_CPRA,231,None,None,None,None,ISCED11_3,RO,2025-03-05T00:00:00,A,0,2019,Ethiopian Socioeconomic Survey (ESS) 2018-19. The survey collected data on school attendance and educational attainment for age 4 and above. Data extracted on 25 February 2025.,,1.04478
2019,SE_AGP_CPRA,231,None,None,None,None,ISCED11_3,RO,2025-03-05T00:00:00,A,0,2019,Ethiopian Socioeconomic Survey (ESS) 2018-19. The survey collected data on school attendance and educational attainment for age 4 and above. Data extracted on 25 February 2025.,,1.2008
2000,SE_AGP_CPRA,231,None,None,None,Q1,ISCED11_1,RO,2025-03-05T00:00:00,A,0,2016,Ethiopia DHS 2016. The survey collected data on school attendance for age 5-24 and educational attainment for age 5 and above. Data extracted on 25 February 2025.,This data point is NOT APPLICABLE for the submitting nation.,0.0
2005,SE_AGP_CPRA,231,None,None,None,Q1,ISCED11_1,RO,2025-03-05T00:00:00,A,0,2016,Ethiopia DHS 2016. The survey collected data on school attendance for age 5-24 and educational attainment for age 5 and above. Data extracted on 25 February 2025.,This data point is NOT APPLICABLE for the submitting nation.,0.5403
2011,SE_AGP_CPRA,231,None,None,None,Q1,ISCED11_1,RO,2025-03-05T00:00:00,A,0,2016,Ethiopia DHS 2016. The survey collected data on school attendance for age 5-24 and educational attainment for age 5 and above. Data extracted on 25 February 2025.,This data point is NOT APPLICABLE for the submitting nation.,1.24722
2016,SE_AGP_CPRA,231,None,None,None,Q1,ISCED11_1,RO,2025-03-05T00:00:00,A,0,2016,Ethiopia DHS 2016. The survey collected data on school attendance for age 5-24 and educational attainment for age 5 and above. Data extracted on 25 February 2025.,This data point is NOT APPLICABLE for the submitting nation.,0.93949
2000,SE_AGP_CPRA,231,None,None,None,Q1,ISCED11_2,RO,2025-03-05T00:00:00,A,0,2016,Ethiopia DHS 2016. The survey collected data on school attendance for age 5-24 and educational attainment for age 5 and above. Data extracted on 25 February 2025.,This data point is NIL for the submitting nation.,0.0
2005,SE_AGP_CPRA,231,None,None,None,Q1,ISCED11_2,RO,2025-03-05T00:00:00,A,0,2016,Ethiopia DHS 2016. The survey collected data on school attendance for age 5-24 and educational attainment for age 5 and above. Data extracted on 25 February 2025.,This data point is NIL for the submitting nation.,0.0
2011,SE_AGP_CPRA,231,None,None,None,Q1,ISCED11_2,RO,2025-03-05T00:00:00,A,0,2016,Ethiopia DHS 2016. The survey collected data on school attendance for age 5-24 and educational attainment for age 5 and above. Data extracted on 25 February 2025.,This data point is NIL for the submitting nation.,1.59998
2016,SE_AGP_CPRA,231,None,None,None,Q1,ISCED11_2,RO,2025-03-05T00:00:00,A,0,2016,Ethiopia DHS 2016. The survey collected data on school attendance for age 5-24 and educational attainment for age 5 and above. Data extracted on 25 February 2025.,This data point is NIL for the submitting nation.,1.38356
2000,SE_AGP_CPRA,231,None,None,None,Q1,ISCED11_3,RO,2025-03-05T00:00:00,A,0,2016,Ethiopia DHS 2016. The survey collected data on school attendance for age 5-24 and educational attainment for age 5 and above. Data extracted on 25 February 2025.,This data point is NIL for the submitting nation.,0.0
2005,SE_AGP_CPRA,231,None,None,None,Q1,ISCED11_3,RO,2025-03-05T00:00:00,A,0,2016,Ethiopia DHS 2016. The survey collected data on school attendance for age 5-24 and educational attainment for age 5 and above. Data extracted on 25 February 2025.,This data point is NIL for the submitting nation.,0.0
2011,SE_AGP_CPRA,231,None,None,None,Q1,ISCED11_3,RO,2025-03-05T00:00:00,A,0,2016,Ethiopia DHS 2016. The survey collected data on school attendance for age 5-24 and educational attainment for age 5 and above. Data extracted on 25 February 2025.,This data point is NIL for the submitting nation.,0.0
2016,SE_AGP_CPRA,231,None,None,None,Q1,ISCED11_3,RO,2025-03-05T00:00:00,A,0,2016,Ethiopia DHS 2016. The survey collected data on school attendance for age 5-24 and educational attainment for age 5 and above. Data extracted on 25 February 2025.,This data point is NIL for the submitting nation.,1.13321
2000,SE_AGP_CPRA,231,None,None,None,Q2,ISCED11_1,RO,2025-03-05T00:00:00,A,0,2016,Ethiopia DHS 2016. The survey collected data on school attendance for age 5-24 and educational attainment for age 5 and above. Data extracted on 25 February 2025.,This data point is NOT APPLICABLE for the submitting nation.,0.0
2005,SE_AGP_CPRA,231,None,None,None,Q2,ISCED11_1,RO,2025-03-05T00:00:00,A,0,2016,Ethiopia DHS 2016. The survey collected data on school attendance for age 5-24 and educational attainment for age 5 and above. Data extracted on 25 February 2025.,This data point is NOT APPLICABLE for the submitting nation.,0.25157
2011,SE_AGP_CPRA,231,None,None,None,Q2,ISCED11_1,RO,2025-03-05T00:00:00,A,0,2016,Ethiopia DHS 2016. The survey collected data on school attendance for age 5-24 and educational attainment for age 5 and above. Data extracted on 25 February 2025.,This data point is NOT APPLICABLE for the submitting nation.,1.15212
2016,SE_AGP_CPRA,231,None,None,None,Q2,ISCED11_1,RO,2025-03-05T00:00:00,A,0,2016,Ethiopia DHS 2016. The survey collected data on school attendance for age 5-24 and educational attainment for age 5 and above. Data extracted on 25 February 2025.,This data point is NOT APPLICABLE for the submitting nation.,0.73493
2000,SE_AGP_CPRA,231,None,None,None,Q2,ISCED11_2,RO,2025-03-05T00:00:00,A,0,2016,Ethiopia DHS 2016. The survey collected data on school attendance for age 5-24 and educational attainment for age 5 and above. Data extracted on 25 February 2025.,This data point is NOT APPLICABLE for the submitting nation.,0.0
2005,SE_AGP_CPRA,231,None,None,None,Q2,ISCED11_2,RO,2025-03-05T00:00:00,A,0,2016,Ethiopia DHS 2016. The survey collected data on school attendance for age 5-24 and educational attainment for age 5 and above. Data extracted on 25 February 2025.,This data point is NOT APPLICABLE for the submitting nation.,0.26982
2011,SE_AGP_CPRA,231,None,None,None,Q2,ISCED11_2,RO,2025-03-05T00:00:00,A,0,2016,Ethiopia DHS 2016. The survey collected data on school attendance for age 5-24 and educational attainment for age 5 and above. Data extracted on 25 February 2025.,This data point is NOT APPLICABLE for the submitting nation.,1.26981
2016,SE_AGP_CPRA,231,None,None,None,Q2,ISCED11_2,RO,2025-03-05T00:00:00,A,0,2016,Ethiopia DHS 2016. The survey collected data on school attendance for age 5-24 and educational attainment for age 5 and above. Data extracted on 25 February 2025.,This data point is NOT APPLICABLE for the submitting nation.,1.0366
2000,SE_AGP_CPRA,231,None,None,None,Q2,ISCED11_3,RO,2025-03-05T00:00:00,A,0,2016,Ethiopia DHS 2016. The survey collected data on school attendance for age 5-24 and educational attainment for age 5 and above. Data extracted on 25 February 2025.,This data point is NIL for the submitting nation.,0.0
2005,SE_AGP_CPRA,231,None,None,None,Q2,ISCED11_3,RO,2025-03-05T00:00:00,A,0,2016,Ethiopia DHS 2016. The survey collected data on school attendance for age 5-24 and educational attainment for age 5 and above. Data extracted on 25 February 2025.,This data point is NIL for the submitting nation.,0.0
2011,SE_AGP_CPRA,231,None,None,None,Q2,ISCED11_3,RO,2025-03-05T00:00:00,A,0,2016,Ethiopia DHS 2016. The survey collected data on school attendance for age 5-24 and educational attainment for age 5 and above. Data extracted on 25 February 2025.,This data point is NIL for the submitting nation.,0.37305
2016,SE_AGP_CPRA,231,None,None,None,Q2,ISCED11_3,RO,2025-03-05T00:00:00,A,0,2016,Ethiopia DHS 2016. The survey collected data on school attendance for age 5-24 and educational attainment for age 5 and above. Data extracted on 25 February 2025.,This data point is NIL for the submitting nation.,0.64307
2000,SE_AGP_CPRA,231,None,None,None,Q3,ISCED11_1,RO,2025-03-05T00:00:00,A,0,2016,Ethiopia DHS 2016. The survey collected data on school attendance for age 5-24 and educational attainment for age 5 and above. Data extracted on 25 February 2025.,This data point is NOT APPLICABLE for the submitting nation.,0.0
2005,SE_AGP_CPRA,231,None,None,None,Q3,ISCED11_1,RO,2025-03-05T00:00:00,A,0,2016,Ethiopia DHS 2016. The survey collected data on school attendance for age 5-24 and educational attainment for age 5 and above. Data extracted on 25 February 2025.,This data point is NOT APPLICABLE for the submitting nation.,0.64494
2011,SE_AGP_CPRA,231,None,None,None,Q3,ISCED11_1,RO,2025-03-05T00:00:00,A,0,2016,Ethiopia DHS 2016. The survey collected data on school attendance for age 5-24 and educational attainment for age 5 and above. Data extracted on 25 February 2025.,This data point is NOT APPLICABLE for the submitting nation.,1.00432
2016,SE_AGP_CPRA,231,None,None,None,Q3,ISCED11_1,RO,2025-03-05T00:00:00,A,0,2016,Ethiopia DHS 2016. The survey collected data on school attendance for age 5-24 and educational attainment for age 5 and above. Data extracted on 25 February 2025.,This data point is NOT APPLICABLE for the submitting nation.,1.09614
2000,SE_AGP_CPRA,231,None,None,None,Q3,ISCED11_2,RO,2025-03-05T00:00:00,A,0,2016,Ethiopia DHS 2016. The survey collected data on school attendance for age 5-24 and educational attainment for age 5 and above. Data extracted on 25 February 2025.,This data point is NOT APPLICABLE for the submitting nation.,0.0
2005,SE_AGP_CPRA,231,None,None,None,Q3,ISCED11_2,RO,2025-03-05T00:00:00,A,0,2016,Ethiopia DHS 2016. The survey collected data on school attendance for age 5-24 and educational attainment for age 5 and above. Data extracted on 25 February 2025.,This data point is NOT APPLICABLE for the submitting nation.,0.20586
2011,SE_AGP_CPRA,231,None,None,None,Q3,ISCED11_2,RO,2025-03-05T00:00:00,A,0,2016,Ethiopia DHS 2016. The survey collected data on school attendance for age 5-24 and educational attainment for age 5 and above. Data extracted on 25 February 2025.,This data point is NOT APPLICABLE for the submitting nation.,0.83934
2016,SE_AGP_CPRA,231,None,None,None,Q3,ISCED11_2,RO,2025-03-05T00:00:00,A,0,2016,Ethiopia DHS 2016. The survey collected data on school attendance for age 5-24 and educational attainment for age 5 and above. Data extracted on 25 February 2025.,This data point is NOT APPLICABLE for the submitting nation.,0.84022
2000,SE_AGP_CPRA,231,None,None,None,Q3,ISCED11_3,RO,2025-03-05T00:00:00,A,0,2016,Ethiopia DHS 2016. The survey collected data on school attendance for age 5-24 and educational attainment for age 5 and above. Data extracted on 25 February 2025.,This data point is NOT APPLICABLE for the submitting nation.,0.0
2005,SE_AGP_CPRA,231,None,None,None,Q3,ISCED11_3,RO,2025-03-05T00:00:00,A,0,2016,Ethiopia DHS 2016. The survey collected data on school attendance for age 5-24 and educational attainment for age 5 and above. Data extracted on 25 February 2025.,This data point is NOT APPLICABLE for the submitting nation.,0.23726
2011,SE_AGP_CPRA,231,None,None,None,Q3,ISCED11_3,RO,2025-03-05T00:00:00,A,0,2016,Ethiopia DHS 2016. The survey collected data on school attendance for age 5-24 and educational attainment for age 5 and above. Data extracted on 25 February 2025.,This data point is NOT APPLICABLE for the submitting nation.,0.18409
2016,SE_AGP_CPRA,231,None,None,None,Q3,ISCED11_3,RO,2025-03-05T00:00:00,A,0,2016,Ethiopia DHS 2016. The survey collected data on school attendance for age 5-24 and educational attainment for age 5 and above. Data extracted on 25 February 2025.,This data point is NOT APPLICABLE for the submitting nation.,1.17197
2000,SE_AGP_CPRA,231,None,None,None,Q4,ISCED11_1,RO,2025-03-05T00:00:00,A,0,2016,Ethiopia DHS 2016. The survey collected data on school attendance for age 5-24 and educational attainment for age 5 and above. Data extracted on 25 February 2025.,This data point is NOT APPLICABLE for the submitting nation.,0.0
2005,SE_AGP_CPRA,231,None,None,None,Q4,ISCED11_1,RO,2025-03-05T00:00:00,A,0,2016,Ethiopia DHS 2016. The survey collected data on school attendance for age 5-24 and educational attainment for age 5 and above. Data extracted on 25 February 2025.,This data point is NOT APPLICABLE for the submitting nation.,0.68054
2011,SE_AGP_CPRA,231,None,None,None,Q4,ISCED11_1,RO,2025-03-05T00:00:00,A,0,2016,Ethiopia DHS 2016. The survey collected data on school attendance for age 5-24 and educational attainment for age 5 and above. Data extracted on 25 February 2025.,This data point is NOT APPLICABLE for the submitting nation.,1.06564
2016,SE_AGP_CPRA,231,None,None,None,Q4,ISCED11_1,RO,2025-03-05T00:00:00,A,0,2016,Ethiopia DHS 2016. The survey collected data on school attendance for age 5-24 and educational attainment for age 5 and above. Data extracted on 25 February 2025.,This data point is NOT APPLICABLE for the submitting nation.,1.06332
2000,SE_AGP_CPRA,231,None,None,None,Q4,ISCED11_2,RO,2025-03-05T00:00:00,A,0,2016,Ethiopia DHS 2016. The survey collected data on school attendance for age 5-24 and educational attainment for age 5 and above. Data extracted on 25 February 2025.,This data point is NOT APPLICABLE for the submitting nation.,0.0
2005,SE_AGP_CPRA,231,None,None,None,Q4,ISCED11_2,RO,2025-03-05T00:00:00,A,0,2016,Ethiopia DHS 2016. The survey collected data on school attendance for age 5-24 and educational attainment for age 5 and above. Data extracted on 25 February 2025.,This data point is NOT APPLICABLE for the submitting nation.,0.20622
2011,SE_AGP_CPRA,231,None,None,None,Q4,ISCED11_2,RO,2025-03-05T00:00:00,A,0,2016,Ethiopia DHS 2016. The survey collected data on school attendance for age 5-24 and educational attainment for age 5 and above. Data extracted on 25 February 2025.,This data point is NOT APPLICABLE for the submitting nation.,0.94025
2016,SE_AGP_CPRA,231,None,None,None,Q4,ISCED11_2,RO,2025-03-05T00:00:00,A,0,2016,Ethiopia DHS 2016. The survey collected data on school attendance for age 5-24 and educational attainment for age 5 and above. Data extracted on 25 February 2025.,This data point is NOT APPLICABLE for the submitting nation.,0.90775
2000,SE_AGP_CPRA,231,None,None,None,Q4,ISCED11_3,RO,2025-03-05T00:00:00,A,0,2016,Ethiopia DHS 2016. The survey collected data on school attendance for age 5-24 and educational attainment for age 5 and above. Data extracted on 25 February 2025.,This data point is NOT APPLICABLE for the submitting nation.,0.0
2005,SE_AGP_CPRA,231,None,None,None,Q4,ISCED11_3,RO,2025-03-05T00:00:00,A,0,2016,Ethiopia DHS 2016. The survey collected data on school attendance for age 5-24 and educational attainment for age 5 and above. Data extracted on 25 February 2025.,This data point is NOT APPLICABLE for the submitting nation.,0.87756
2011,SE_AGP_CPRA,231,None,None,None,Q4,ISCED11_3,RO,2025-03-05T00:00:00,A,0,2016,Ethiopia DHS 2016. The survey collected data on school attendance for age 5-24 and educational attainment for age 5 and above. Data extracted on 25 February 2025.,This data point is NOT APPLICABLE for the submitting nation.,1.40098
2016,SE_AGP_CPRA,231,None,None,None,Q4,ISCED11_3,RO,2025-03-05T00:00:00,A,0,2016,Ethiopia DHS 2016. The survey collected data on school attendance for age 5-24 and educational attainment for age 5 and above. Data extracted on 25 February 2025.,This data point is NOT APPLICABLE for the submitting nation.,0.74806
2000,SE_AGP_CPRA,231,None,None,None,Q5,ISCED11_1,RO,2025-03-05T00:00:00,A,0,2016,Ethiopia DHS 2016. The survey collected data on school attendance for age 5-24 and educational attainment for age 5 and above. Data extracted on 25 February 2025.,This data point is NOT APPLICABLE for the submitting nation.,0.0
2005,SE_AGP_CPRA,231,None,None,None,Q5,ISCED11_1,RO,2025-03-05T00:00:00,A,0,2016,Ethiopia DHS 2016. The survey collected data on school attendance for age 5-24 and educational attainment for age 5 and above. Data extracted on 25 February 2025.,This data point is NOT APPLICABLE for the submitting nation.,0.73814
2011,SE_AGP_CPRA,231,None,None,None,Q5,ISCED11_1,RO,2025-03-05T00:00:00,A,0,2016,Ethiopia DHS 2016. The survey collected data on school attendance for age 5-24 and educational attainment for age 5 and above. Data extracted on 25 February 2025.,This data point is NOT APPLICABLE for the submitting nation.,0.92689
2016,SE_AGP_CPRA,231,None,None,None,Q5,ISCED11_1,RO,2025-03-05T00:00:00,A,0,2016,Ethiopia DHS 2016. The survey collected data on school attendance for age 5-24 and educational attainment for age 5 and above. Data extracted on 25 February 2025.,This data point is NOT APPLICABLE for the submitting nation.,0.95937
2000,SE_AGP_CPRA,231,None,None,None,Q5,ISCED11_2,RO,2025-03-05T00:00:00,A,0,2016,Ethiopia DHS 2016. The survey collected data on school attendance for age 5-24 and educational attainment for age 5 and above. Data extracted on 25 February 2025.,This data point is NOT APPLICABLE for the submitting nation.,0.0
2005,SE_AGP_CPRA,231,None,None,None,Q5,ISCED11_2,RO,2025-03-05T00:00:00,A,0,2016,Ethiopia DHS 2016. The survey collected data on school attendance for age 5-24 and educational attainment for age 5 and above. Data extracted on 25 February 2025.,This data point is NOT APPLICABLE for the submitting nation.,0.79083
2011,SE_AGP_CPRA,231,None,None,None,Q5,ISCED11_2,RO,2025-03-05T00:00:00,A,0,2016,Ethiopia DHS 2016. The survey collected data on school attendance for age 5-24 and educational attainment for age 5 and above. Data extracted on 25 February 2025.,This data point is NOT APPLICABLE for the submitting nation.,0.78301
2016,SE_AGP_CPRA,231,None,None,None,Q5,ISCED11_2,RO,2025-03-05T00:00:00,A,0,2016,Ethiopia DHS 2016. The survey collected data on school attendance for age 5-24 and educational attainment for age 5 and above. Data extracted on 25 February 2025.,This data point is NOT APPLICABLE for the submitting nation.,0.92078
2000,SE_AGP_CPRA,231,None,None,None,Q5,ISCED11_3,RO,2025-03-05T00:00:00,A,0,2016,Ethiopia DHS 2016. The survey collected data on school attendance for age 5-24 and educational attainment for age 5 and above. Data extracted on 25 February 2025.,This data point is NOT APPLICABLE for the submitting nation.,0.0
2005,SE_AGP_CPRA,231,None,None,None,Q5,ISCED11_3,RO,2025-03-05T00:00:00,A,0,2016,Ethiopia DHS 2016. The survey collected data on school attendance for age 5-24 and educational attainment for age 5 and above. Data extracted on 25 February 2025.,This data point is NOT APPLICABLE for the submitting nation.,0.95602
2011,SE_AGP_CPRA,231,None,None,None,Q5,ISCED11_3,RO,2025-03-05T00:00:00,A,0,2016,Ethiopia DHS 2016. The survey collected data on school attendance for age 5-24 and educational attainment for age 5 and above. Data extracted on 25 February 2025.,This data point is NOT APPLICABLE for the submitting nation.,0.84792
2016,SE_AGP_CPRA,231,None,None,None,Q5,ISCED11_3,RO,2025-03-05T00:00:00,A,0,2016,Ethiopia DHS 2016. The survey collected data on school attendance for age 5-24 and educational attainment for age 5 and above. Data extracted on 25 February 2025.,This data point is NOT APPLICABLE for the submitting nation.,0.98546
2000,SE_AGP_CPRA,231,None,None,R,None,ISCED11_1,RO,2025-03-05T00:00:00,A,0,2019,Ethiopian Socioeconomic Survey (ESS) 2018-19. The survey collected data on school attendance and educational attainment for age 4 and above. Data extracted on 25 February 2025.,,0.51767
2005,SE_AGP_CPRA,231,None,None,R,None,ISCED11_1,RO,2025-03-05T00:00:00,A,0,2019,Ethiopian Socioeconomic Survey (ESS) 2018-19. The survey collected data on school attendance and educational attainment for age 4 and above. Data extracted on 25 February 2025.,,0.5832
2007,SE_AGP_CPRA,231,None,None,R,None,ISCED11_1,RO,2025-03-05T00:00:00,A,0,2019,Ethiopian Socioeconomic Survey (ESS) 2018-19. The survey collected data on school attendance and educational attainment for age 4 and above. Data extracted on 25 February 2025.,,0.81376
2011,SE_AGP_CPRA,231,None,None,R,None,ISCED11_1,RO,2025-03-05T00:00:00,A,0,2019,Ethiopian Socioeconomic Survey (ESS) 2018-19. The survey collected data on school attendance and educational attainment for age 4 and above. Data extracted on 25 February 2025.,,1.04967
2016,SE_AGP_CPRA,231,None,None,R,None,ISCED11_1,RO,2025-03-05T00:00:00,A,0,2019,Ethiopian Socioeconomic Survey (ESS) 2018-19. The survey collected data on school attendance and educational attainment for age 4 and above. Data extracted on 25 February 2025.,,0.96162
2019,SE_AGP_CPRA,231,None,None,R,None,ISCED11_1,RO,2025-03-05T00:00:00,A,0,2019,Ethiopian Socioeconomic Survey (ESS) 2018-19. The survey collected data on school attendance and educational attainment for age 4 and above. Data extracted on 25 February 2025.,,0.98277
2000,SE_AGP_CPRA,231,None,None,R,None,ISCED11_2,RO,2025-03-05T00:00:00,A,0,2019,Ethiopian Socioeconomic Survey (ESS) 2018-19. The survey collected data on school attendance and educational attainment for age 4 and above. Data extracted on 25 February 2025.,,0.4253
2005,SE_AGP_CPRA,231,None,None,R,None,ISCED11_2,RO,2025-03-05T00:00:00,A,0,2019,Ethiopian Socioeconomic Survey (ESS) 2018-19. The survey collected data on school attendance and educational attainment for age 4 and above. Data extracted on 25 February 2025.,,0.27552
2007,SE_AGP_CPRA,231,None,None,R,None,ISCED11_2,RO,2025-03-05T00:00:00,A,0,2019,Ethiopian Socioeconomic Survey (ESS) 2018-19. The survey collected data on school attendance and educational attainment for age 4 and above. Data extracted on 25 February 2025.,,0.59582
2011,SE_AGP_CPRA,231,None,None,R,None,ISCED11_2,RO,2025-03-05T00:00:00,A,0,2019,Ethiopian Socioeconomic Survey (ESS) 2018-19. The survey collected data on school attendance and educational attainment for age 4 and above. Data extracted on 25 February 2025.,,1.07302
2016,SE_AGP_CPRA,231,None,None,R,None,ISCED11_2,RO,2025-03-05T00:00:00,A,0,2019,Ethiopian Socioeconomic Survey (ESS) 2018-19. The survey collected data on school attendance and educational attainment for age 4 and above. Data extracted on 25 February 2025.,,0.86668
2019,SE_AGP_CPRA,231,None,None,R,None,ISCED11_2,RO,2025-03-05T00:00:00,A,0,2019,Ethiopian Socioeconomic Survey (ESS) 2018-19. The survey collected data on school attendance and educational attainment for age 4 and above. Data extracted on 25 February 2025.,,0.97081
2000,SE_AGP_CPRA,231,None,None,R,None,ISCED11_3,RO,2025-03-05T00:00:00,A,0,2019,Ethiopian Socioeconomic Survey (ESS) 2018-19. The survey collected data on school attendance and educational attainment for age 4 and above. Data extracted on 25 February 2025.,,0.95679
2005,SE_AGP_CPRA,231,None,None,R,None,ISCED11_3,RO,2025-03-05T00:00:00,A,0,2019,Ethiopian Socioeconomic Survey (ESS) 2018-19. The survey collected data on school attendance and educational attainment for age 4 and above. Data extracted on 25 February 2025.,,0.50895
2007,SE_AGP_CPRA,231,None,None,R,None,ISCED11_3,RO,2025-03-05T00:00:00,A,0,2019,Ethiopian Socioeconomic Survey (ESS) 2018-19. The survey collected data on school attendance and educational attainment for age 4 and above. Data extracted on 25 February 2025.,,0.53598
2011,SE_AGP_CPRA,231,None,None,R,None,ISCED11_3,RO,2025-03-05T00:00:00,A,0,2019,Ethiopian Socioeconomic Survey (ESS) 2018-19. The survey collected data on school attendance and educational attainment for age 4 and above. Data extracted on 25 February 2025.,,0.81383
2016,SE_AGP_CPRA,231,None,None,R,None,ISCED11_3,RO,2025-03-05T00:00:00,A,0,2019,Ethiopian Socioeconomic Survey (ESS) 2018-19. The survey collected data on school attendance and educational attainment for age 4 and above. Data extracted on 25 February 2025.,,0.73153
2019,SE_AGP_CPRA,231,None,None,R,None,ISCED11_3,RO,2025-03-05T00:00:00,A,0,2019,Ethiopian Socioeconomic Survey (ESS) 2018-19. The survey collected data on school attendance and educational attainment for age 4 and above. Data extracted on 25 February 2025.,,1.04336
2000,SE_AGP_CPRA,231,None,None,R,Q1,ISCED11_1,RO,2025-03-05T00:00:00,A,0,2016,Ethiopia DHS 2016. The survey collected data on school attendance for age 5-24 and educational attainment for age 5 and above. Data extracted on 25 February 2025.,This data point is NOT APPLICABLE for the submitting nation.,0.0
2005,SE_AGP_CPRA,231,None,None,R,Q1,ISCED11_1,RO,2025-03-05T00:00:00,A,0,2016,Ethiopia DHS 2016. The survey collected data on school attendance for age 5-24 and educational attainment for age 5 and above. Data extracted on 25 February 2025.,This data point is NOT APPLICABLE for the submitting nation.,0.53472
2011,SE_AGP_CPRA,231,None,None,R,Q1,ISCED11_1,RO,2025-03-05T00:00:00,A,0,2016,Ethiopia DHS 2016. The survey collected data on school attendance for age 5-24 and educational attainment for age 5 and above. Data extracted on 25 February 2025.,This data point is NOT APPLICABLE for the submitting nation.,1.15023
2016,SE_AGP_CPRA,231,None,None,R,Q1,ISCED11_1,RO,2025-03-05T00:00:00,A,0,2016,Ethiopia DHS 2016. The survey collected data on school attendance for age 5-24 and educational attainment for age 5 and above. Data extracted on 25 February 2025.,This data point is NOT APPLICABLE for the submitting nation.,1.03376
2000,SE_AGP_CPRA,231,None,None,R,Q1,ISCED11_2,RO,2025-03-05T00:00:00,A,0,2016,Ethiopia DHS 2016. The survey collected data on school attendance for age 5-24 and educational attainment for age 5 and above. Data extracted on 25 February 2025.,This data point is NIL for the submitting nation.,0.0
2005,SE_AGP_CPRA,231,None,None,R,Q1,ISCED11_2,RO,2025-03-05T00:00:00,A,0,2016,Ethiopia DHS 2016. The survey collected data on school attendance for age 5-24 and educational attainment for age 5 and above. Data extracted on 25 February 2025.,This data point is NIL for the submitting nation.,0.0
2011,SE_AGP_CPRA,231,None,None,R,Q1,ISCED11_2,RO,2025-03-05T00:00:00,A,0,2016,Ethiopia DHS 2016. The survey collected data on school attendance for age 5-24 and educational attainment for age 5 and above. Data extracted on 25 February 2025.,This data point is NIL for the submitting nation.,1.62628
2016,SE_AGP_CPRA,231,None,None,R,Q1,ISCED11_2,RO,2025-03-05T00:00:00,A,0,2016,Ethiopia DHS 2016. The survey collected data on school attendance for age 5-24 and educational attainment for age 5 and above. Data extracted on 25 February 2025.,This data point is NIL for the submitting nation.,1.28707
2000,SE_AGP_CPRA,231,None,None,R,Q1,ISCED11_3,RO,2025-03-05T00:00:00,A,0,2016,Ethiopia DHS 2016. The survey collected data on school attendance for age 5-24 and educational attainment for age 5 and above. Data extracted on 25 February 2025.,This data point is NIL for the submitting nation.,0.0
2005,SE_AGP_CPRA,231,None,None,R,Q1,ISCED11_3,RO,2025-03-05T00:00:00,A,0,2016,Ethiopia DHS 2016. The survey collected data on school attendance for age 5-24 and educational attainment for age 5 and above. Data extracted on 25 February 2025.,This data point is NIL for the submitting nation.,0.0
2011,SE_AGP_CPRA,231,None,None,R,Q1,ISCED11_3,RO,2025-03-05T00:00:00,A,0,2016,Ethiopia DHS 2016. The survey collected data on school attendance for age 5-24 and educational attainment for age 5 and above. Data extracted on 25 February 2025.,This data point is NIL for the submitting nation.,0.0
2016,SE_AGP_CPRA,231,None,None,R,Q1,ISCED11_3,RO,2025-03-05T00:00:00,A,0,2016,Ethiopia DHS 2016. The survey collected data on school attendance for age 5-24 and educational attainment for age 5 and above. Data extracted on 25 February 2025.,This data point is NIL for the submitting nation.,1.21426
2000,SE_AGP_CPRA,231,None,None,R,Q2,ISCED11_1,RO,2025-03-05T00:00:00,A,0,2016,Ethiopia DHS 2016. The survey collected data on school attendance for age 5-24 and educational attainment for age 5 and above. Data extracted on 25 February 2025.,This data point is NOT APPLICABLE for the submitting nation.,0.0
2005,SE_AGP_CPRA,231,None,None,R,Q2,ISCED11_1,RO,2025-03-05T00:00:00,A,0,2016,Ethiopia DHS 2016. The survey collected data on school attendance for age 5-24 and educational attainment for age 5 and above. Data extracted on 25 February 2025.,This data point is NOT APPLICABLE for the submitting nation.,0.21896
2011,SE_AGP_CPRA,231,None,None,R,Q2,ISCED11_1,RO,2025-03-05T00:00:00,A,0,2016,Ethiopia DHS 2016. The survey collected data on school attendance for age 5-24 and educational attainment for age 5 and above. Data extracted on 25 February 2025.,This data point is NOT APPLICABLE for the submitting nation.,1.14862
2016,SE_AGP_CPRA,231,None,None,R,Q2,ISCED11_1,RO,2025-03-05T00:00:00,A,0,2016,Ethiopia DHS 2016. The survey collected data on school attendance for age 5-24 and educational attainment for age 5 and above. Data extracted on 25 February 2025.,This data point is NOT APPLICABLE for the submitting nation.,0.72921
2000,SE_AGP_CPRA,231,None,None,R,Q2,ISCED11_2,RO,2025-03-05T00:00:00,A,0,2016,Ethiopia DHS 2016. The survey collected data on school attendance for age 5-24 and educational attainment for age 5 and above. Data extracted on 25 February 2025.,This data point is NOT APPLICABLE for the submitting nation.,0.0
2005,SE_AGP_CPRA,231,None,None,R,Q2,ISCED11_2,RO,2025-03-05T00:00:00,A,0,2016,Ethiopia DHS 2016. The survey collected data on school attendance for age 5-24 and educational attainment for age 5 and above. Data extracted on 25 February 2025.,This data point is NOT APPLICABLE for the submitting nation.,0.27399
2011,SE_AGP_CPRA,231,None,None,R,Q2,ISCED11_2,RO,2025-03-05T00:00:00,A,0,2016,Ethiopia DHS 2016. The survey collected data on school attendance for age 5-24 and educational attainment for age 5 and above. Data extracted on 25 February 2025.,This data point is NOT APPLICABLE for the submitting nation.,1.09105
2016,SE_AGP_CPRA,231,None,None,R,Q2,ISCED11_2,RO,2025-03-05T00:00:00,A,0,2016,Ethiopia DHS 2016. The survey collected data on school attendance for age 5-24 and educational attainment for age 5 and above. Data extracted on 25 February 2025.,This data point is NOT APPLICABLE for the submitting nation.,0.95087
2000,SE_AGP_CPRA,231,None,None,R,Q2,ISCED11_3,RO,2025-03-05T00:00:00,A,0,2016,Ethiopia DHS 2016. The survey collected data on school attendance for age 5-24 and educational attainment for age 5 and above. Data extracted on 25 February 2025.,This data point is NIL for the submitting nation.,0.0
2005,SE_AGP_CPRA,231,None,None,R,Q2,ISCED11_3,RO,2025-03-05T00:00:00,A,0,2016,Ethiopia DHS 2016. The survey collected data on school attendance for age 5-24 and educational attainment for age 5 and above. Data extracted on 25 February 2025.,This data point is NIL for the submitting nation.,0.0
2011,SE_AGP_CPRA,231,None,None,R,Q2,ISCED11_3,RO,2025-03-05T00:00:00,A,0,2016,Ethiopia DHS 2016. The survey collected data on school attendance for age 5-24 and educational attainment for age 5 and above. Data extracted on 25 February 2025.,This data point is NIL for the submitting nation.,0.37688
2016,SE_AGP_CPRA,231,None,None,R,Q2,ISCED11_3,RO,2025-03-05T00:00:00,A,0,2016,Ethiopia DHS 2016. The survey collected data on school attendance for age 5-24 and educational attainment for age 5 and above. Data extracted on 25 February 2025.,This data point is NIL for the submitting nation.,0.64717
2000,SE_AGP_CPRA,231,None,None,R,Q3,ISCED11_1,RO,2025-03-05T00:00:00,A,0,2016,Ethiopia DHS 2016. The survey collected data on school attendance for age 5-24 and educational attainment for age 5 and above. Data extracted on 25 February 2025.,This data point is NOT APPLICABLE for the submitting nation.,0.0
2005,SE_AGP_CPRA,231,None,None,R,Q3,ISCED11_1,RO,2025-03-05T00:00:00,A,0,2016,Ethiopia DHS 2016. The survey collected data on school attendance for age 5-24 and educational attainment for age 5 and above. Data extracted on 25 February 2025.,This data point is NOT APPLICABLE for the submitting nation.,0.64668
2011,SE_AGP_CPRA,231,None,None,R,Q3,ISCED11_1,RO,2025-03-05T00:00:00,A,0,2016,Ethiopia DHS 2016. The survey collected data on school attendance for age 5-24 and educational attainment for age 5 and above. Data extracted on 25 February 2025.,This data point is NOT APPLICABLE for the submitting nation.,0.97272
2016,SE_AGP_CPRA,231,None,None,R,Q3,ISCED11_1,RO,2025-03-05T00:00:00,A,0,2016,Ethiopia DHS 2016. The survey collected data on school attendance for age 5-24 and educational attainment for age 5 and above. Data extracted on 25 February 2025.,This data point is NOT APPLICABLE for the submitting nation.,1.10617
2000,SE_AGP_CPRA,231,None,None,R,Q3,ISCED11_2,RO,2025-03-05T00:00:00,A,0,2016,Ethiopia DHS 2016. The survey collected data on school attendance for age 5-24 and educational attainment for age 5 and above. Data extracted on 25 February 2025.,This data point is NOT APPLICABLE for the submitting nation.,0.0
2005,SE_AGP_CPRA,231,None,None,R,Q3,ISCED11_2,RO,2025-03-05T00:00:00,A,0,2016,Ethiopia DHS 2016. The survey collected data on school attendance for age 5-24 and educational attainment for age 5 and above. Data extracted on 25 February 2025.,This data point is NOT APPLICABLE for the submitting nation.,0.20895
2011,SE_AGP_CPRA,231,None,None,R,Q3,ISCED11_2,RO,2025-03-05T00:00:00,A,0,2016,Ethiopia DHS 2016. The survey collected data on school attendance for age 5-24 and educational attainment for age 5 and above. Data extracted on 25 February 2025.,This data point is NOT APPLICABLE for the submitting nation.,0.83897
2016,SE_AGP_CPRA,231,None,None,R,Q3,ISCED11_2,RO,2025-03-05T00:00:00,A,0,2016,Ethiopia DHS 2016. The survey collected data on school attendance for age 5-24 and educational attainment for age 5 and above. Data extracted on 25 February 2025.,This data point is NOT APPLICABLE for the submitting nation.,0.83517
2000,SE_AGP_CPRA,231,None,None,R,Q3,ISCED11_3,RO,2025-03-05T00:00:00,A,0,2016,Ethiopia DHS 2016. The survey collected data on school attendance for age 5-24 and educational attainment for age 5 and above. Data extracted on 25 February 2025.,This data point is NOT APPLICABLE for the submitting nation.,0.0
2005,SE_AGP_CPRA,231,None,None,R,Q3,ISCED11_3,RO,2025-03-05T00:00:00,A,0,2016,Ethiopia DHS 2016. The survey collected data on school attendance for age 5-24 and educational attainment for age 5 and above. Data extracted on 25 February 2025.,This data point is NOT APPLICABLE for the submitting nation.,0.23611
2011,SE_AGP_CPRA,231,None,None,R,Q3,ISCED11_3,RO,2025-03-05T00:00:00,A,0,2016,Ethiopia DHS 2016. The survey collected data on school attendance for age 5-24 and educational attainment for age 5 and above. Data extracted on 25 February 2025.,This data point is NOT APPLICABLE for the submitting nation.,0.18398
2016,SE_AGP_CPRA,231,None,None,R,Q3,ISCED11_3,RO,2025-03-05T00:00:00,A,0,2016,Ethiopia DHS 2016. The survey collected data on school attendance for age 5-24 and educational attainment for age 5 and above. Data extracted on 25 February 2025.,This data point is NOT APPLICABLE for the submitting nation.,1.15489
2000,SE_AGP_CPRA,231,None,None,R,Q4,ISCED11_1,RO,2025-03-05T00:00:00,A,0,2016,Ethiopia DHS 2016. The survey collected data on school attendance for age 5-24 and educational attainment for age 5 and above. Data extracted on 25 February 2025.,This data point is NOT APPLICABLE for the submitting nation.,0.0
2005,SE_AGP_CPRA,231,None,None,R,Q4,ISCED11_1,RO,2025-03-05T00:00:00,A,0,2016,Ethiopia DHS 2016. The survey collected data on school attendance for age 5-24 and educational attainment for age 5 and above. Data extracted on 25 February 2025.,This data point is NOT APPLICABLE for the submitting nation.,0.68184
2011,SE_AGP_CPRA,231,None,None,R,Q4,ISCED11_1,RO,2025-03-05T00:00:00,A,0,2016,Ethiopia DHS 2016. The survey collected data on school attendance for age 5-24 and educational attainment for age 5 and above. Data extracted on 25 February 2025.,This data point is NOT APPLICABLE for the submitting nation.,1.00566
2016,SE_AGP_CPRA,231,None,None,R,Q4,ISCED11_1,RO,2025-03-05T00:00:00,A,0,2016,Ethiopia DHS 2016. The survey collected data on school attendance for age 5-24 and educational attainment for age 5 and above. Data extracted on 25 February 2025.,This data point is NOT APPLICABLE for the submitting nation.,1.06284
2000,SE_AGP_CPRA,231,None,None,R,Q4,ISCED11_2,RO,2025-03-05T00:00:00,A,0,2016,Ethiopia DHS 2016. The survey collected data on school attendance for age 5-24 and educational attainment for age 5 and above. Data extracted on 25 February 2025.,This data point is NOT APPLICABLE for the submitting nation.,0.0
2005,SE_AGP_CPRA,231,None,None,R,Q4,ISCED11_2,RO,2025-03-05T00:00:00,A,0,2016,Ethiopia DHS 2016. The survey collected data on school attendance for age 5-24 and educational attainment for age 5 and above. Data extracted on 25 February 2025.,This data point is NOT APPLICABLE for the submitting nation.,0.21896
2011,SE_AGP_CPRA,231,None,None,R,Q4,ISCED11_2,RO,2025-03-05T00:00:00,A,0,2016,Ethiopia DHS 2016. The survey collected data on school attendance for age 5-24 and educational attainment for age 5 and above. Data extracted on 25 February 2025.,This data point is NOT APPLICABLE for the submitting nation.,1.11447
2016,SE_AGP_CPRA,231,None,None,R,Q4,ISCED11_2,RO,2025-03-05T00:00:00,A,0,2016,Ethiopia DHS 2016. The survey collected data on school attendance for age 5-24 and educational attainment for age 5 and above. Data extracted on 25 February 2025.,This data point is NOT APPLICABLE for the submitting nation.,0.85745
2000,SE_AGP_CPRA,231,None,None,R,Q4,ISCED11_3,RO,2025-03-05T00:00:00,A,0,2016,Ethiopia DHS 2016. The survey collected data on school attendance for age 5-24 and educational attainment for age 5 and above. Data extracted on 25 February 2025.,This data point is NOT APPLICABLE for the submitting nation.,0.0
2005,SE_AGP_CPRA,231,None,None,R,Q4,ISCED11_3,RO,2025-03-05T00:00:00,A,0,2016,Ethiopia DHS 2016. The survey collected data on school attendance for age 5-24 and educational attainment for age 5 and above. Data extracted on 25 February 2025.,This data point is NOT APPLICABLE for the submitting nation.,1.05926
2011,SE_AGP_CPRA,231,None,None,R,Q4,ISCED11_3,RO,2025-03-05T00:00:00,A,0,2016,Ethiopia DHS 2016. The survey collected data on school attendance for age 5-24 and educational attainment for age 5 and above. Data extracted on 25 February 2025.,This data point is NOT APPLICABLE for the submitting nation.,1.41031
2016,SE_AGP_CPRA,231,None,None,R,Q4,ISCED11_3,RO,2025-03-05T00:00:00,A,0,2016,Ethiopia DHS 2016. The survey collected data on school attendance for age 5-24 and educational attainment for age 5 and above. Data extracted on 25 February 2025.,This data point is NOT APPLICABLE for the submitting nation.,0.76068
2000,SE_AGP_CPRA,231,None,None,R,Q5,ISCED11_1,RO,2025-03-05T00:00:00,A,0,2016,Ethiopia DHS 2016. The survey collected data on school attendance for age 5-24 and educational attainment for age 5 and above. Data extracted on 25 February 2025.,This data point is NOT APPLICABLE for the submitting nation.,0.0
2005,SE_AGP_CPRA,231,None,None,R,Q5,ISCED11_1,RO,2025-03-05T00:00:00,A,0,2016,Ethiopia DHS 2016. The survey collected data on school attendance for age 5-24 and educational attainment for age 5 and above. Data extracted on 25 February 2025.,This data point is NOT APPLICABLE for the submitting nation.,0.6985
2011,SE_AGP_CPRA,231,None,None,R,Q5,ISCED11_1,RO,2025-03-05T00:00:00,A,0,2016,Ethiopia DHS 2016. The survey collected data on school attendance for age 5-24 and educational attainment for age 5 and above. Data extracted on 25 February 2025.,This data point is NOT APPLICABLE for the submitting nation.,0.97282
2016,SE_AGP_CPRA,231,None,None,R,Q5,ISCED11_1,RO,2025-03-05T00:00:00,A,0,2016,Ethiopia DHS 2016. The survey collected data on school attendance for age 5-24 and educational attainment for age 5 and above. Data extracted on 25 February 2025.,This data point is NOT APPLICABLE for the submitting nation.,0.93552
2000,SE_AGP_CPRA,231,None,None,R,Q5,ISCED11_2,RO,2025-03-05T00:00:00,A,0,2016,Ethiopia DHS 2016. The survey collected data on school attendance for age 5-24 and educational attainment for age 5 and above. Data extracted on 25 February 2025.,This data point is NOT APPLICABLE for the submitting nation.,0.0
2005,SE_AGP_CPRA,231,None,None,R,Q5,ISCED11_2,RO,2025-03-05T00:00:00,A,0,2016,Ethiopia DHS 2016. The survey collected data on school attendance for age 5-24 and educational attainment for age 5 and above. Data extracted on 25 February 2025.,This data point is NOT APPLICABLE for the submitting nation.,0.36878
2011,SE_AGP_CPRA,231,None,None,R,Q5,ISCED11_2,RO,2025-03-05T00:00:00,A,0,2016,Ethiopia DHS 2016. The survey collected data on school attendance for age 5-24 and educational attainment for age 5 and above. Data extracted on 25 February 2025.,This data point is NOT APPLICABLE for the submitting nation.,0.99906
2016,SE_AGP_CPRA,231,None,None,R,Q5,ISCED11_2,RO,2025-03-05T00:00:00,A,0,2016,Ethiopia DHS 2016. The survey collected data on school attendance for age 5-24 and educational attainment for age 5 and above. Data extracted on 25 February 2025.,This data point is NOT APPLICABLE for the submitting nation.,0.83359
2000,SE_AGP_CPRA,231,None,None,R,Q5,ISCED11_3,RO,2025-03-05T00:00:00,A,0,2016,Ethiopia DHS 2016. The survey collected data on school attendance for age 5-24 and educational attainment for age 5 and above. Data extracted on 25 February 2025.,This data point is NOT APPLICABLE for the submitting nation.,0.0
2005,SE_AGP_CPRA,231,None,None,R,Q5,ISCED11_3,RO,2025-03-05T00:00:00,A,0,2016,Ethiopia DHS 2016. The survey collected data on school attendance for age 5-24 and educational attainment for age 5 and above. Data extracted on 25 February 2025.,This data point is NOT APPLICABLE for the submitting nation.,0.72386
2011,SE_AGP_CPRA,231,None,None,R,Q5,ISCED11_3,RO,2025-03-05T00:00:00,A,0,2016,Ethiopia DHS 2016. The survey collected data on school attendance for age 5-24 and educational attainment for age 5 and above. Data extracted on 25 February 2025.,This data point is NOT APPLICABLE for the submitting nation.,0.61834
2016,SE_AGP_CPRA,231,None,None,R,Q5,ISCED11_3,RO,2025-03-05T00:00:00,A,0,2016,Ethiopia DHS 2016. The survey collected data on school attendance for age 5-24 and educational attainment for age 5 and above. Data extracted on 25 February 2025.,This data point is NOT APPLICABLE for the submitting nation.,0.48946
2000,SE_AGP_CPRA,231,None,None,U,None,ISCED11_1,RO,2025-03-05T00:00:00,A,0,2019,Ethiopian Socioeconomic Survey (ESS) 2018-19. The survey collected data on school attendance and educational attainment for age 4 and above. Data extracted on 25 February 2025.,,0.81409
2005,SE_AGP_CPRA,231,None,None,U,None,ISCED11_1,RO,2025-03-05T00:00:00,A,0,2019,Ethiopian Socioeconomic Survey (ESS) 2018-19. The survey collected data on school attendance and educational attainment for age 4 and above. Data extracted on 25 February 2025.,,0.73013
2007,SE_AGP_CPRA,231,None,None,U,None,ISCED11_1,RO,2025-03-05T00:00:00,A,0,2019,Ethiopian Socioeconomic Survey (ESS) 2018-19. The survey collected data on school attendance and educational attainment for age 4 and above. Data extracted on 25 February 2025.,,0.87506
2011,SE_AGP_CPRA,231,None,None,U,None,ISCED11_1,RO,2025-03-05T00:00:00,A,0,2019,Ethiopian Socioeconomic Survey (ESS) 2018-19. The survey collected data on school attendance and educational attainment for age 4 and above. Data extracted on 25 February 2025.,,0.97628
2016,SE_AGP_CPRA,231,None,None,U,None,ISCED11_1,RO,2025-03-05T00:00:00,A,0,2019,Ethiopian Socioeconomic Survey (ESS) 2018-19. The survey collected data on school attendance and educational attainment for age 4 and above. Data extracted on 25 February 2025.,,0.93999
2019,SE_AGP_CPRA,231,None,None,U,None,ISCED11_1,RO,2025-03-05T00:00:00,A,0,2019,Ethiopian Socioeconomic Survey (ESS) 2018-19. The survey collected data on school attendance and educational attainment for age 4 and above. Data extracted on 25 February 2025.,,0.99423
2000,SE_AGP_CPRA,231,None,None,U,None,ISCED11_2,RO,2025-03-05T00:00:00,A,0,2019,Ethiopian Socioeconomic Survey (ESS) 2018-19. The survey collected data on school attendance and educational attainment for age 4 and above. Data extracted on 25 February 2025.,,0.70662
2005,SE_AGP_CPRA,231,None,None,U,None,ISCED11_2,RO,2025-03-05T00:00:00,A,0,2019,Ethiopian Socioeconomic Survey (ESS) 2018-19. The survey collected data on school attendance and educational attainment for age 4 and above. Data extracted on 25 February 2025.,,0.81969
2007,SE_AGP_CPRA,231,None,None,U,None,ISCED11_2,RO,2025-03-05T00:00:00,A,0,2019,Ethiopian Socioeconomic Survey (ESS) 2018-19. The survey collected data on school attendance and educational attainment for age 4 and above. Data extracted on 25 February 2025.,,0.77009
2011,SE_AGP_CPRA,231,None,None,U,None,ISCED11_2,RO,2025-03-05T00:00:00,A,0,2019,Ethiopian Socioeconomic Survey (ESS) 2018-19. The survey collected data on school attendance and educational attainment for age 4 and above. Data extracted on 25 February 2025.,,0.77891
2016,SE_AGP_CPRA,231,None,None,U,None,ISCED11_2,RO,2025-03-05T00:00:00,A,0,2019,Ethiopian Socioeconomic Survey (ESS) 2018-19. The survey collected data on school attendance and educational attainment for age 4 and above. Data extracted on 25 February 2025.,,0.93613
2019,SE_AGP_CPRA,231,None,None,U,None,ISCED11_2,RO,2025-03-05T00:00:00,A,0,2019,Ethiopian Socioeconomic Survey (ESS) 2018-19. The survey collected data on school attendance and educational attainment for age 4 and above. Data extracted on 25 February 2025.,,0.9349
2000,SE_AGP_CPRA,231,None,None,U,None,ISCED11_3,RO,2025-03-05T00:00:00,A,0,2019,Ethiopian Socioeconomic Survey (ESS) 2018-19. The survey collected data on school attendance and educational attainment for age 4 and above. Data extracted on 25 February 2025.,,0.7887
2005,SE_AGP_CPRA,231,None,None,U,None,ISCED11_3,RO,2025-03-05T00:00:00,A,0,2019,Ethiopian Socioeconomic Survey (ESS) 2018-19. The survey collected data on school attendance and educational attainment for age 4 and above. Data extracted on 25 February 2025.,,0.91406
2007,SE_AGP_CPRA,231,None,None,U,None,ISCED11_3,RO,2025-03-05T00:00:00,A,0,2019,Ethiopian Socioeconomic Survey (ESS) 2018-19. The survey collected data on school attendance and educational attainment for age 4 and above. Data extracted on 25 February 2025.,,0.78994
2011,SE_AGP_CPRA,231,None,None,U,None,ISCED11_3,RO,2025-03-05T00:00:00,A,0,2019,Ethiopian Socioeconomic Survey (ESS) 2018-19. The survey collected data on school attendance and educational attainment for age 4 and above. Data extracted on 25 February 2025.,,0.90936
2016,SE_AGP_CPRA,231,None,None,U,None,ISCED11_3,RO,2025-03-05T00:00:00,A,0,2019,Ethiopian Socioeconomic Survey (ESS) 2018-19. The survey collected data on school attendance and educational attainment for age 4 and above. Data extracted on 25 February 2025.,,1.03137
2019,SE_AGP_CPRA,231,None,None,U,None,ISCED11_3,RO,2025-03-05T00:00:00,A,0,2019,Ethiopian Socioeconomic Survey (ESS) 2018-19. The survey collected data on school attendance and educational attainment for age 4 and above. Data extracted on 25 February 2025.,,1.13441
2000,SE_AGP_CPRA,231,None,None,U,Q1,ISCED11_1,RO,2025-03-05T00:00:00,A,0,2016,Ethiopia DHS 2016. The survey collected data on school attendance for age 5-24 and educational attainment for age 5 and above. Data extracted on 25 February 2025.,This data point is NOT APPLICABLE for the submitting nation.,0.0
2005,SE_AGP_CPRA,231,None,None,U,Q1,ISCED11_1,RO,2025-03-05T00:00:00,A,0,2016,Ethiopia DHS 2016. The survey collected data on school attendance for age 5-24 and educational attainment for age 5 and above. Data extracted on 25 February 2025.,This data point is NOT APPLICABLE for the submitting nation.,0.0
2011,SE_AGP_CPRA,231,None,None,U,Q1,ISCED11_1,RO,2025-03-05T00:00:00,A,0,2016,Ethiopia DHS 2016. The survey collected data on school attendance for age 5-24 and educational attainment for age 5 and above. Data extracted on 25 February 2025.,This data point is NOT APPLICABLE for the submitting nation.,0.0
2016,SE_AGP_CPRA,231,None,None,U,Q1,ISCED11_1,RO,2025-03-05T00:00:00,A,0,2016,Ethiopia DHS 2016. The survey collected data on school attendance for age 5-24 and educational attainment for age 5 and above. Data extracted on 25 February 2025.,This data point is NOT APPLICABLE for the submitting nation.,0.0
2000,SE_AGP_CPRA,231,None,None,U,Q1,ISCED11_2,RO,2025-03-05T00:00:00,A,0,2016,Ethiopia DHS 2016. The survey collected data on school attendance for age 5-24 and educational attainment for age 5 and above. Data extracted on 25 February 2025.,This data point is NOT APPLICABLE for the submitting nation.,0.0
2005,SE_AGP_CPRA,231,None,None,U,Q1,ISCED11_2,RO,2025-03-05T00:00:00,A,0,2016,Ethiopia DHS 2016. The survey collected data on school attendance for age 5-24 and educational attainment for age 5 and above. Data extracted on 25 February 2025.,This data point is NOT APPLICABLE for the submitting nation.,0.0
2011,SE_AGP_CPRA,231,None,None,U,Q1,ISCED11_2,RO,2025-03-05T00:00:00,A,0,2016,Ethiopia DHS 2016. The survey collected data on school attendance for age 5-24 and educational attainment for age 5 and above. Data extracted on 25 February 2025.,This data point is NOT APPLICABLE for the submitting nation.,0.0
2016,SE_AGP_CPRA,231,None,None,U,Q1,ISCED11_2,RO,2025-03-05T00:00:00,A,0,2016,Ethiopia DHS 2016. The survey collected data on school attendance for age 5-24 and educational attainment for age 5 and above. Data extracted on 25 February 2025.,This data point is NOT APPLICABLE for the submitting nation.,0.0
2000,SE_AGP_CPRA,231,None,None,U,Q1,ISCED11_3,RO,2025-03-05T00:00:00,A,0,2016,Ethiopia DHS 2016. The survey collected data on school attendance for age 5-24 and educational attainment for age 5 and above. Data extracted on 25 February 2025.,This data point is NOT APPLICABLE for the submitting nation.,0.0
2005,SE_AGP_CPRA,231,None,None,U,Q1,ISCED11_3,RO,2025-03-05T00:00:00,A,0,2016,Ethiopia DHS 2016. The survey collected data on school attendance for age 5-24 and educational attainment for age 5 and above. Data extracted on 25 February 2025.,This data point is NOT APPLICABLE for the submitting nation.,0.0
2011,SE_AGP_CPRA,231,None,None,U,Q1,ISCED11_3,RO,2025-03-05T00:00:00,A,0,2016,Ethiopia DHS 2016. The survey collected data on school attendance for age 5-24 and educational attainment for age 5 and above. Data extracted on 25 February 2025.,This data point is NOT APPLICABLE for the submitting nation.,0.0
2016,SE_AGP_CPRA,231,None,None,U,Q1,ISCED11_3,RO,2025-03-05T00:00:00,A,0,2016,Ethiopia DHS 2016. The survey collected data on school attendance for age 5-24 and educational attainment for age 5 and above. Data extracted on 25 February 2025.,This data point is NOT APPLICABLE for the submitting nation.,0.0
2000,SE_AGP_CPRA,231,None,None,U,Q2,ISCED11_1,RO,2025-03-05T00:00:00,A,0,2016,Ethiopia DHS 2016. The survey collected data on school attendance for age 5-24 and educational attainment for age 5 and above. Data extracted on 25 February 2025.,This data point is NOT APPLICABLE for the submitting nation.,0.0
2005,SE_AGP_CPRA,231,None,None,U,Q2,ISCED11_1,RO,2025-03-05T00:00:00,A,0,2016,Ethiopia DHS 2016. The survey collected data on school attendance for age 5-24 and educational attainment for age 5 and above. Data extracted on 25 February 2025.,This data point is NOT APPLICABLE for the submitting nation.,0.0
2011,SE_AGP_CPRA,231,None,None,U,Q2,ISCED11_1,RO,2025-03-05T00:00:00,A,0,2016,Ethiopia DHS 2016. The survey collected data on school attendance for age 5-24 and educational attainment for age 5 and above. Data extracted on 25 February 2025.,This data point is NOT APPLICABLE for the submitting nation.,0.0
2016,SE_AGP_CPRA,231,None,None,U,Q2,ISCED11_1,RO,2025-03-05T00:00:00,A,0,2016,Ethiopia DHS 2016. The survey collected data on school attendance for age 5-24 and educational attainment for age 5 and above. Data extracted on 25 February 2025.,This data point is NOT APPLICABLE for the submitting nation.,0.0
2000,SE_AGP_CPRA,231,None,None,U,Q2,ISCED11_2,RO,2025-03-05T00:00:00,A,0,2016,Ethiopia DHS 2016. The survey collected data on school attendance for age 5-24 and educational attainment for age 5 and above. Data extracted on 25 February 2025.,This data point is NOT APPLICABLE for the submitting nation.,0.0
2005,SE_AGP_CPRA,231,None,None,U,Q2,ISCED11_2,RO,2025-03-05T00:00:00,A,0,2016,Ethiopia DHS 2016. The survey collected data on school attendance for age 5-24 and educational attainment for age 5 and above. Data extracted on 25 February 2025.,This data point is NOT APPLICABLE for the submitting nation.,0.0
2011,SE_AGP_CPRA,231,None,None,U,Q2,ISCED11_2,RO,2025-03-05T00:00:00,A,0,2016,Ethiopia DHS 2016. The survey collected data on school attendance for age 5-24 and educational attainment for age 5 and above. Data extracted on 25 February 2025.,This data point is NOT APPLICABLE for the submitting nation.,0.0
2016,SE_AGP_CPRA,231,None,None,U,Q2,ISCED11_2,RO,2025-03-05T00:00:00,A,0,2016,Ethiopia DHS 2016. The survey collected data on school attendance for age 5-24 and educational attainment for age 5 and above. Data extracted on 25 February 2025.,This data point is NOT APPLICABLE for the submitting nation.,0.0
2000,SE_AGP_CPRA,231,None,None,U,Q2,ISCED11_3,RO,2025-03-05T00:00:00,A,0,2011,Ethiopia DHS 2011. The survey collected data on school attendance for age 5-24 and educational attainment for age 5 and above. Data extracted on 25 February 2025.,This data point is NOT APPLICABLE for the submitting nation.,0.0
2005,SE_AGP_CPRA,231,None,None,U,Q2,ISCED11_3,RO,2025-03-05T00:00:00,A,0,2011,Ethiopia DHS 2011. The survey collected data on school attendance for age 5-24 and educational attainment for age 5 and above. Data extracted on 25 February 2025.,This data point is NOT APPLICABLE for the submitting nation.,0.0
2011,SE_AGP_CPRA,231,None,None,U,Q2,ISCED11_3,RO,2025-03-05T00:00:00,A,0,2011,Ethiopia DHS 2011. The survey collected data on school attendance for age 5-24 and educational attainment for age 5 and above. Data extracted on 25 February 2025.,This data point is NOT APPLICABLE for the submitting nation.,0.0
2000,SE_AGP_CPRA,231,None,None,U,Q3,ISCED11_1,RO,2025-03-05T00:00:00,A,0,2016,Ethiopia DHS 2016. The survey collected data on school attendance for age 5-24 and educational attainment for age 5 and above. Data extracted on 25 February 2025.,This data point is NOT APPLICABLE for the submitting nation.,0.0
2005,SE_AGP_CPRA,231,None,None,U,Q3,ISCED11_1,RO,2025-03-05T00:00:00,A,0,2016,Ethiopia DHS 2016. The survey collected data on school attendance for age 5-24 and educational attainment for age 5 and above. Data extracted on 25 February 2025.,This data point is NOT APPLICABLE for the submitting nation.,0.0
2011,SE_AGP_CPRA,231,None,None,U,Q3,ISCED11_1,RO,2025-03-05T00:00:00,A,0,2016,Ethiopia DHS 2016. The survey collected data on school attendance for age 5-24 and educational attainment for age 5 and above. Data extracted on 25 February 2025.,This data point is NOT APPLICABLE for the submitting nation.,0.0
2016,SE_AGP_CPRA,231,None,None,U,Q3,ISCED11_1,RO,2025-03-05T00:00:00,A,0,2016,Ethiopia DHS 2016. The survey collected data on school attendance for age 5-24 and educational attainment for age 5 and above. Data extracted on 25 February 2025.,This data point is NOT APPLICABLE for the submitting nation.,0.0
2000,SE_AGP_CPRA,231,None,None,U,Q3,ISCED11_2,RO,2025-03-05T00:00:00,A,0,2016,Ethiopia DHS 2016. The survey collected data on school attendance for age 5-24 and educational attainment for age 5 and above. Data extracted on 25 February 2025.,This data point is NOT APPLICABLE for the submitting nation.,0.0
2005,SE_AGP_CPRA,231,None,None,U,Q3,ISCED11_2,RO,2025-03-05T00:00:00,A,0,2016,Ethiopia DHS 2016. The survey collected data on school attendance for age 5-24 and educational attainment for age 5 and above. Data extracted on 25 February 2025.,This data point is NOT APPLICABLE for the submitting nation.,0.0
2011,SE_AGP_CPRA,231,None,None,U,Q3,ISCED11_2,RO,2025-03-05T00:00:00,A,0,2016,Ethiopia DHS 2016. The survey collected data on school attendance for age 5-24 and educational attainment for age 5 and above. Data extracted on 25 February 2025.,This data point is NOT APPLICABLE for the submitting nation.,0.0
2016,SE_AGP_CPRA,231,None,None,U,Q3,ISCED11_2,RO,2025-03-05T00:00:00,A,0,2016,Ethiopia DHS 2016. The survey collected data on school attendance for age 5-24 and educational attainment for age 5 and above. Data extracted on 25 February 2025.,This data point is NOT APPLICABLE for the submitting nation.,0.0
2000,SE_AGP_CPRA,231,None,None,U,Q3,ISCED11_3,RO,2025-03-05T00:00:00,A,0,2011,Ethiopia DHS 2011. The survey collected data on school attendance for age 5-24 and educational attainment for age 5 and above. Data extracted on 25 February 2025.,This data point is NOT APPLICABLE for the submitting nation.,0.0
2005,SE_AGP_CPRA,231,None,None,U,Q3,ISCED11_3,RO,2025-03-05T00:00:00,A,0,2011,Ethiopia DHS 2011. The survey collected data on school attendance for age 5-24 and educational attainment for age 5 and above. Data extracted on 25 February 2025.,This data point is NOT APPLICABLE for the submitting nation.,0.0
2011,SE_AGP_CPRA,231,None,None,U,Q3,ISCED11_3,RO,2025-03-05T00:00:00,A,0,2011,Ethiopia DHS 2011. The survey collected data on school attendance for age 5-24 and educational attainment for age 5 and above. Data extracted on 25 February 2025.,This data point is NOT APPLICABLE for the submitting nation.,0.0
2000,SE_AGP_CPRA,231,None,None,U,Q4,ISCED11_1,RO,2025-03-05T00:00:00,A,0,2016,Ethiopia DHS 2016. The survey collected data on school attendance for age 5-24 and educational attainment for age 5 and above. Data extracted on 25 February 2025.,This data point is NOT APPLICABLE for the submitting nation.,0.0
2005,SE_AGP_CPRA,231,None,None,U,Q4,ISCED11_1,RO,2025-03-05T00:00:00,A,0,2016,Ethiopia DHS 2016. The survey collected data on school attendance for age 5-24 and educational attainment for age 5 and above. Data extracted on 25 February 2025.,This data point is NOT APPLICABLE for the submitting nation.,0.0
2011,SE_AGP_CPRA,231,None,None,U,Q4,ISCED11_1,RO,2025-03-05T00:00:00,A,0,2016,Ethiopia DHS 2016. The survey collected data on school attendance for age 5-24 and educational attainment for age 5 and above. Data extracted on 25 February 2025.,This data point is NOT APPLICABLE for the submitting nation.,1.39977
2016,SE_AGP_CPRA,231,None,None,U,Q4,ISCED11_1,RO,2025-03-05T00:00:00,A,0,2016,Ethiopia DHS 2016. The survey collected data on school attendance for age 5-24 and educational attainment for age 5 and above. Data extracted on 25 February 2025.,This data point is NOT APPLICABLE for the submitting nation.,0.0
2000,SE_AGP_CPRA,231,None,None,U,Q4,ISCED11_2,RO,2025-03-05T00:00:00,A,0,2016,Ethiopia DHS 2016. The survey collected data on school attendance for age 5-24 and educational attainment for age 5 and above. Data extracted on 25 February 2025.,This data point is NOT APPLICABLE for the submitting nation.,0.0
2005,SE_AGP_CPRA,231,None,None,U,Q4,ISCED11_2,RO,2025-03-05T00:00:00,A,0,2016,Ethiopia DHS 2016. The survey collected data on school attendance for age 5-24 and educational attainment for age 5 and above. Data extracted on 25 February 2025.,This data point is NOT APPLICABLE for the submitting nation.,0.0
2011,SE_AGP_CPRA,231,None,None,U,Q4,ISCED11_2,RO,2025-03-05T00:00:00,A,0,2016,Ethiopia DHS 2016. The survey collected data on school attendance for age 5-24 and educational attainment for age 5 and above. Data extracted on 25 February 2025.,This data point is NOT APPLICABLE for the submitting nation.,0.28028
2016,SE_AGP_CPRA,231,None,None,U,Q4,ISCED11_2,RO,2025-03-05T00:00:00,A,0,2016,Ethiopia DHS 2016. The survey collected data on school attendance for age 5-24 and educational attainment for age 5 and above. Data extracted on 25 February 2025.,This data point is NOT APPLICABLE for the submitting nation.,0.0
2000,SE_AGP_CPRA,231,None,None,U,Q4,ISCED11_3,RO,2025-03-05T00:00:00,A,0,2011,Ethiopia DHS 2011. The survey collected data on school attendance for age 5-24 and educational attainment for age 5 and above. Data extracted on 25 February 2025.,This data point is NOT APPLICABLE for the submitting nation.,0.0
2005,SE_AGP_CPRA,231,None,None,U,Q4,ISCED11_3,RO,2025-03-05T00:00:00,A,0,2011,Ethiopia DHS 2011. The survey collected data on school attendance for age 5-24 and educational attainment for age 5 and above. Data extracted on 25 February 2025.,This data point is NOT APPLICABLE for the submitting nation.,0.0
2011,SE_AGP_CPRA,231,None,None,U,Q4,ISCED11_3,RO,2025-03-05T00:00:00,A,0,2011,Ethiopia DHS 2011. The survey collected data on school attendance for age 5-24 and educational attainment for age 5 and above. Data extracted on 25 February 2025.,This data point is NOT APPLICABLE for the submitting nation.,0.0
2000,SE_AGP_CPRA,231,None,None,U,Q5,ISCED11_1,RO,2025-03-05T00:00:00,A,0,2016,Ethiopia DHS 2016. The survey collected data on school attendance for age 5-24 and educational attainment for age 5 and above. Data extracted on 25 February 2025.,This data point is NOT APPLICABLE for the submitting nation.,0.0
2005,SE_AGP_CPRA,231,None,None,U,Q5,ISCED11_1,RO,2025-03-05T00:00:00,A,0,2016,Ethiopia DHS 2016. The survey collected data on school attendance for age 5-24 and educational attainment for age 5 and above. Data extracted on 25 February 2025.,This data point is NOT APPLICABLE for the submitting nation.,0.72654
2011,SE_AGP_CPRA,231,None,None,U,Q5,ISCED11_1,RO,2025-03-05T00:00:00,A,0,2016,Ethiopia DHS 2016. The survey collected data on school attendance for age 5-24 and educational attainment for age 5 and above. Data extracted on 25 February 2025.,This data point is NOT APPLICABLE for the submitting nation.,0.90455
2016,SE_AGP_CPRA,231,None,None,U,Q5,ISCED11_1,RO,2025-03-05T00:00:00,A,0,2016,Ethiopia DHS 2016. The survey collected data on school attendance for age 5-24 and educational attainment for age 5 and above. Data extracted on 25 February 2025.,This data point is NOT APPLICABLE for the submitting nation.,0.93721
2000,SE_AGP_CPRA,231,None,None,U,Q5,ISCED11_2,RO,2025-03-05T00:00:00,A,0,2016,Ethiopia DHS 2016. The survey collected data on school attendance for age 5-24 and educational attainment for age 5 and above. Data extracted on 25 February 2025.,This data point is NOT APPLICABLE for the submitting nation.,0.0
2005,SE_AGP_CPRA,231,None,None,U,Q5,ISCED11_2,RO,2025-03-05T00:00:00,A,0,2016,Ethiopia DHS 2016. The survey collected data on school attendance for age 5-24 and educational attainment for age 5 and above. Data extracted on 25 February 2025.,This data point is NOT APPLICABLE for the submitting nation.,0.82474
2011,SE_AGP_CPRA,231,None,None,U,Q5,ISCED11_2,RO,2025-03-05T00:00:00,A,0,2016,Ethiopia DHS 2016. The survey collected data on school attendance for age 5-24 and educational attainment for age 5 and above. Data extracted on 25 February 2025.,This data point is NOT APPLICABLE for the submitting nation.,0.7523
2016,SE_AGP_CPRA,231,None,None,U,Q5,ISCED11_2,RO,2025-03-05T00:00:00,A,0,2016,Ethiopia DHS 2016. The survey collected data on school attendance for age 5-24 and educational attainment for age 5 and above. Data extracted on 25 February 2025.,This data point is NOT APPLICABLE for the submitting nation.,0.91329
2000,SE_AGP_CPRA,231,None,None,U,Q5,ISCED11_3,RO,2025-03-05T00:00:00,A,0,2016,Ethiopia DHS 2016. The survey collected data on school attendance for age 5-24 and educational attainment for age 5 and above. Data extracted on 25 February 2025.,This data point is NOT APPLICABLE for the submitting nation.,0.0
2005,SE_AGP_CPRA,231,None,None,U,Q5,ISCED11_3,RO,2025-03-05T00:00:00,A,0,2016,Ethiopia DHS 2016. The survey collected data on school attendance for age 5-24 and educational attainment for age 5 and above. Data extracted on 25 February 2025.,This data point is NOT APPLICABLE for the submitting nation.,0.88951
2011,SE_AGP_CPRA,231,None,None,U,Q5,ISCED11_3,RO,2025-03-05T00:00:00,A,0,2016,Ethiopia DHS 2016. The survey collected data on school attendance for age 5-24 and educational attainment for age 5 and above. Data extracted on 25 February 2025.,This data point is NOT APPLICABLE for the submitting nation.,0.9034
2016,SE_AGP_CPRA,231,None,None,U,Q5,ISCED11_3,RO,2025-03-05T00:00:00,A,0,2016,Ethiopia DHS 2016. The survey collected data on school attendance for age 5-24 and educational attainment for age 5 and above. Data extracted on 25 February 2025.,This data point is NOT APPLICABLE for the submitting nation.,1.0203
2000,SE_ALP_CPLR,231,None,None,None,None,ISCED11_1,RO,2025-03-05T00:00:00,A,0,2019,Ethiopian Socioeconomic Survey (ESS) 2018-19. The survey collected data on school attendance and educational attainment for age 4 and above. Data extracted on 25 February 2025.,,0.09678
2005,SE_ALP_CPLR,231,None,None,None,None,ISCED11_1,RO,2025-03-05T00:00:00,A,0,2019,Ethiopian Socioeconomic Survey (ESS) 2018-19. The survey collected data on school attendance and educational attainment for age 4 and above. Data extracted on 25 February 2025.,,0.27207
2007,SE_ALP_CPLR,231,None,None,None,None,ISCED11_1,RO,2025-03-05T00:00:00,A,0,2019,Ethiopian Socioeconomic Survey (ESS) 2018-19. The survey collected data on school attendance and educational attainment for age 4 and above. Data extracted on 25 February 2025.,,0.25768
2011,SE_ALP_CPLR,231,None,None,None,None,ISCED11_1,RO,2025-03-05T00:00:00,A,0,2019,Ethiopian Socioeconomic Survey (ESS) 2018-19. The survey collected data on school attendance and educational attainment for age 4 and above. Data extracted on 25 February 2025.,,0.40871
2016,SE_ALP_CPLR,231,None,None,None,None,ISCED11_1,RO,2025-03-05T00:00:00,A,0,2019,Ethiopian Socioeconomic Survey (ESS) 2018-19. The survey collected data on school attendance and educational attainment for age 4 and above. Data extracted on 25 February 2025.,,0.50192
2019,SE_ALP_CPLR,231,None,None,None,None,ISCED11_1,RO,2025-03-05T00:00:00,A,0,2019,Ethiopian Socioeconomic Survey (ESS) 2018-19. The survey collected data on school attendance and educational attainment for age 4 and above. Data extracted on 25 February 2025.,,0.5731
2000,SE_ALP_CPLR,231,None,None,None,None,ISCED11_2,RO,2025-03-05T00:00:00,A,0,2019,Ethiopian Socioeconomic Survey (ESS) 2018-19. The survey collected data on school attendance and educational attainment for age 4 and above. Data extracted on 25 February 2025.,,0.05999
2005,SE_ALP_CPLR,231,None,None,None,None,ISCED11_2,RO,2025-03-05T00:00:00,A,0,2019,Ethiopian Socioeconomic Survey (ESS) 2018-19. The survey collected data on school attendance and educational attainment for age 4 and above. Data extracted on 25 February 2025.,,0.05994
2007,SE_ALP_CPLR,231,None,None,None,None,ISCED11_2,RO,2025-03-05T00:00:00,A,0,2019,Ethiopian Socioeconomic Survey (ESS) 2018-19. The survey collected data on school attendance and educational attainment for age 4 and above. Data extracted on 25 February 2025.,,0.09953
2011,SE_ALP_CPLR,231,None,None,None,None,ISCED11_2,RO,2025-03-05T00:00:00,A,0,2019,Ethiopian Socioeconomic Survey (ESS) 2018-19. The survey collected data on school attendance and educational attainment for age 4 and above. Data extracted on 25 February 2025.,,0.15205
2016,SE_ALP_CPLR,231,None,None,None,None,ISCED11_2,RO,2025-03-05T00:00:00,A,0,2019,Ethiopian Socioeconomic Survey (ESS) 2018-19. The survey collected data on school attendance and educational attainment for age 4 and above. Data extracted on 25 February 2025.,,0.19646
2019,SE_ALP_CPLR,231,None,None,None,None,ISCED11_2,RO,2025-03-05T00:00:00,A,0,2019,Ethiopian Socioeconomic Survey (ESS) 2018-19. The survey collected data on school attendance and educational attainment for age 4 and above. Data extracted on 25 February 2025.,,0.30185
2000,SE_ALP_CPLR,231,None,None,None,None,ISCED11_3,RO,2025-03-05T00:00:00,A,0,2019,Ethiopian Socioeconomic Survey (ESS) 2018-19. The survey collected data on school attendance and educational attainment for age 4 and above. Data extracted on 25 February 2025.,,0.06941
2005,SE_ALP_CPLR,231,None,None,None,None,ISCED11_3,RO,2025-03-05T00:00:00,A,0,2019,Ethiopian Socioeconomic Survey (ESS) 2018-19. The survey collected data on school attendance and educational attainment for age 4 and above. Data extracted on 25 February 2025.,,0.04222
2007,SE_ALP_CPLR,231,None,None,None,None,ISCED11_3,RO,2025-03-05T00:00:00,A,0,2019,Ethiopian Socioeconomic Survey (ESS) 2018-19. The survey collected data on school attendance and educational attainment for age 4 and above. Data extracted on 25 February 2025.,,0.11066
2011,SE_ALP_CPLR,231,None,None,None,None,ISCED11_3,RO,2025-03-05T00:00:00,A,0,2019,Ethiopian Socioeconomic Survey (ESS) 2018-19. The survey collected data on school attendance and educational attainment for age 4 and above. Data extracted on 25 February 2025.,,0.1467
2016,SE_ALP_CPLR,231,None,None,None,None,ISCED11_3,RO,2025-03-05T00:00:00,A,0,2019,Ethiopian Socioeconomic Survey (ESS) 2018-19. The survey collected data on school attendance and educational attainment for age 4 and above. Data extracted on 25 February 2025.,,0.13685
2019,SE_ALP_CPLR,231,None,None,None,None,ISCED11_3,RO,2025-03-05T00:00:00,A,0,2019,Ethiopian Socioeconomic Survey (ESS) 2018-19. The survey collected data on school attendance and educational attainment for age 4 and above. Data extracted on 25 February 2025.,,0.11729
2000,SE_ALP_CPLR,231,None,None,None,Q1,ISCED11_1,RO,2025-03-05T00:00:00,A,0,2016,Ethiopia DHS 2016. The survey collected data on school attendance for age 5-24 and educational attainment for age 5 and above. Data extracted on 25 February 2025.,This data point is NOT APPLICABLE for the submitting nation.,0.0
2005,SE_ALP_CPLR,231,None,None,None,Q1,ISCED11_1,RO,2025-03-05T00:00:00,A,0,2016,Ethiopia DHS 2016. The survey collected data on school attendance for age 5-24 and educational attainment for age 5 and above. Data extracted on 25 February 2025.,This data point is NOT APPLICABLE for the submitting nation.,0.0
2011,SE_ALP_CPLR,231,None,None,None,Q1,ISCED11_1,RO,2025-03-05T00:00:00,A,0,2016,Ethiopia DHS 2016. The survey collected data on school attendance for age 5-24 and educational attainment for age 5 and above. Data extracted on 25 February 2025.,This data point is NOT APPLICABLE for the submitting nation.,0.29586
2016,SE_ALP_CPLR,231,None,None,None,Q1,ISCED11_1,RO,2025-03-05T00:00:00,A,0,2016,Ethiopia DHS 2016. The survey collected data on school attendance for age 5-24 and educational attainment for age 5 and above. Data extracted on 25 February 2025.,This data point is NOT APPLICABLE for the submitting nation.,0.26608
2000,SE_ALP_CPLR,231,None,None,None,Q1,ISCED11_2,RO,2025-03-05T00:00:00,A,0,2016,Ethiopia DHS 2016. The survey collected data on school attendance for age 5-24 and educational attainment for age 5 and above. Data extracted on 25 February 2025.,This data point is NOT APPLICABLE for the submitting nation.,0.0
2005,SE_ALP_CPLR,231,None,None,None,Q1,ISCED11_2,RO,2025-03-05T00:00:00,A,0,2016,Ethiopia DHS 2016. The survey collected data on school attendance for age 5-24 and educational attainment for age 5 and above. Data extracted on 25 February 2025.,This data point is NOT APPLICABLE for the submitting nation.,0.0
2011,SE_ALP_CPLR,231,None,None,None,Q1,ISCED11_2,RO,2025-03-05T00:00:00,A,0,2016,Ethiopia DHS 2016. The survey collected data on school attendance for age 5-24 and educational attainment for age 5 and above. Data extracted on 25 February 2025.,This data point is NOT APPLICABLE for the submitting nation.,0.0
2016,SE_ALP_CPLR,231,None,None,None,Q1,ISCED11_2,RO,2025-03-05T00:00:00,A,0,2016,Ethiopia DHS 2016. The survey collected data on school attendance for age 5-24 and educational attainment for age 5 and above. Data extracted on 25 February 2025.,This data point is NOT APPLICABLE for the submitting nation.,0.0
2000,SE_ALP_CPLR,231,None,None,None,Q1,ISCED11_3,RO,2025-03-05T00:00:00,A,0,2016,Ethiopia DHS 2016. The survey collected data on school attendance for age 5-24 and educational attainment for age 5 and above. Data extracted on 25 February 2025.,This data point is NOT APPLICABLE for the submitting nation.,0.0
2005,SE_ALP_CPLR,231,None,None,None,Q1,ISCED11_3,RO,2025-03-05T00:00:00,A,0,2016,Ethiopia DHS 2016. The survey collected data on school attendance for age 5-24 and educational attainment for age 5 and above. Data extracted on 25 February 2025.,This data point is NOT APPLICABLE for the submitting nation.,0.0
2011,SE_ALP_CPLR,231,None,None,None,Q1,ISCED11_3,RO,2025-03-05T00:00:00,A,0,2016,Ethiopia DHS 2016. The survey collected data on school attendance for age 5-24 and educational attainment for age 5 and above. Data extracted on 25 February 2025.,This data point is NOT APPLICABLE for the submitting nation.,0.0
2016,SE_ALP_CPLR,231,None,None,None,Q1,ISCED11_3,RO,2025-03-05T00:00:00,A,0,2016,Ethiopia DHS 2016. The survey collected data on school attendance for age 5-24 and educational attainment for age 5 and above. Data extracted on 25 February 2025.,This data point is NOT APPLICABLE for the submitting nation.,0.0
2000,SE_ALP_CPLR,231,None,None,None,Q2,ISCED11_1,RO,2025-03-05T00:00:00,A,0,2016,Ethiopia DHS 2016. The survey collected data on school attendance for age 5-24 and educational attainment for age 5 and above. Data extracted on 25 February 2025.,This data point is NOT APPLICABLE for the submitting nation.,0.0
2005,SE_ALP_CPLR,231,None,None,None,Q2,ISCED11_1,RO,2025-03-05T00:00:00,A,0,2016,Ethiopia DHS 2016. The survey collected data on school attendance for age 5-24 and educational attainment for age 5 and above. Data extracted on 25 February 2025.,This data point is NOT APPLICABLE for the submitting nation.,0.0
2011,SE_ALP_CPLR,231,None,None,None,Q2,ISCED11_1,RO,2025-03-05T00:00:00,A,0,2016,Ethiopia DHS 2016. The survey collected data on school attendance for age 5-24 and educational attainment for age 5 and above. Data extracted on 25 February 2025.,This data point is NOT APPLICABLE for the submitting nation.,0.0
2016,SE_ALP_CPLR,231,None,None,None,Q2,ISCED11_1,RO,2025-03-05T00:00:00,A,0,2016,Ethiopia DHS 2016. The survey collected data on school attendance for age 5-24 and educational attainment for age 5 and above. Data extracted on 25 February 2025.,This data point is NOT APPLICABLE for the submitting nation.,0.0
2000,SE_ALP_CPLR,231,None,None,None,Q2,ISCED11_2,RO,2025-03-05T00:00:00,A,0,2016,Ethiopia DHS 2016. The survey collected data on school attendance for age 5-24 and educational attainment for age 5 and above. Data extracted on 25 February 2025.,This data point is NOT APPLICABLE for the submitting nation.,0.0
2005,SE_ALP_CPLR,231,None,None,None,Q2,ISCED11_2,RO,2025-03-05T00:00:00,A,0,2016,Ethiopia DHS 2016. The survey collected data on school attendance for age 5-24 and educational attainment for age 5 and above. Data extracted on 25 February 2025.,This data point is NOT APPLICABLE for the submitting nation.,0.0
2011,SE_ALP_CPLR,231,None,None,None,Q2,ISCED11_2,RO,2025-03-05T00:00:00,A,0,2016,Ethiopia DHS 2016. The survey collected data on school attendance for age 5-24 and educational attainment for age 5 and above. Data extracted on 25 February 2025.,This data point is NOT APPLICABLE for the submitting nation.,0.0
2016,SE_ALP_CPLR,231,None,None,None,Q2,ISCED11_2,RO,2025-03-05T00:00:00,A,0,2016,Ethiopia DHS 2016. The survey collected data on school attendance for age 5-24 and educational attainment for age 5 and above. Data extracted on 25 February 2025.,This data point is NOT APPLICABLE for the submitting nation.,0.0
2000,SE_ALP_CPLR,231,None,None,None,Q2,ISCED11_3,RO,2025-03-05T00:00:00,A,0,2011,Ethiopia DHS 2011. The survey collected data on school attendance for age 5-24 and educational attainment for age 5 and above. Data extracted on 25 February 2025.,This data point is NOT APPLICABLE for the submitting nation.,0.0
2005,SE_ALP_CPLR,231,None,None,None,Q2,ISCED11_3,RO,2025-03-05T00:00:00,A,0,2011,Ethiopia DHS 2011. The survey collected data on school attendance for age 5-24 and educational attainment for age 5 and above. Data extracted on 25 February 2025.,This data point is NOT APPLICABLE for the submitting nation.,0.0
2011,SE_ALP_CPLR,231,None,None,None,Q2,ISCED11_3,RO,2025-03-05T00:00:00,A,0,2011,Ethiopia DHS 2011. The survey collected data on school attendance for age 5-24 and educational attainment for age 5 and above. Data extracted on 25 February 2025.,This data point is NOT APPLICABLE for the submitting nation.,0.0
2000,SE_ALP_CPLR,231,None,None,None,Q3,ISCED11_1,RO,2025-03-05T00:00:00,A,0,2016,Ethiopia DHS 2016. The survey collected data on school attendance for age 5-24 and educational attainment for age 5 and above. Data extracted on 25 February 2025.,This data point is NOT APPLICABLE for the submitting nation.,0.0
2005,SE_ALP_CPLR,231,None,None,None,Q3,ISCED11_1,RO,2025-03-05T00:00:00,A,0,2016,Ethiopia DHS 2016. The survey collected data on school attendance for age 5-24 and educational attainment for age 5 and above. Data extracted on 25 February 2025.,This data point is NOT APPLICABLE for the submitting nation.,0.0
2011,SE_ALP_CPLR,231,None,None,None,Q3,ISCED11_1,RO,2025-03-05T00:00:00,A,0,2016,Ethiopia DHS 2016. The survey collected data on school attendance for age 5-24 and educational attainment for age 5 and above. Data extracted on 25 February 2025.,This data point is NOT APPLICABLE for the submitting nation.,0.0
2016,SE_ALP_CPLR,231,None,None,None,Q3,ISCED11_1,RO,2025-03-05T00:00:00,A,0,2016,Ethiopia DHS 2016. The survey collected data on school attendance for age 5-24 and educational attainment for age 5 and above. Data extracted on 25 February 2025.,This data point is NOT APPLICABLE for the submitting nation.,0.0
2000,SE_ALP_CPLR,231,None,None,None,Q3,ISCED11_2,RO,2025-03-05T00:00:00,A,0,2016,Ethiopia DHS 2016. The survey collected data on school attendance for age 5-24 and educational attainment for age 5 and above. Data extracted on 25 February 2025.,This data point is NOT APPLICABLE for the submitting nation.,0.0
2005,SE_ALP_CPLR,231,None,None,None,Q3,ISCED11_2,RO,2025-03-05T00:00:00,A,0,2016,Ethiopia DHS 2016. The survey collected data on school attendance for age 5-24 and educational attainment for age 5 and above. Data extracted on 25 February 2025.,This data point is NOT APPLICABLE for the submitting nation.,0.0
2011,SE_ALP_CPLR,231,None,None,None,Q3,ISCED11_2,RO,2025-03-05T00:00:00,A,0,2016,Ethiopia DHS 2016. The survey collected data on school attendance for age 5-24 and educational attainment for age 5 and above. Data extracted on 25 February 2025.,This data point is NOT APPLICABLE for the submitting nation.,0.0
2016,SE_ALP_CPLR,231,None,None,None,Q3,ISCED11_2,RO,2025-03-05T00:00:00,A,0,2016,Ethiopia DHS 2016. The survey collected data on school attendance for age 5-24 and educational attainment for age 5 and above. Data extracted on 25 February 2025.,This data point is NOT APPLICABLE for the submitting nation.,0.0
2000,SE_ALP_CPLR,231,None,None,None,Q3,ISCED11_3,RO,2025-03-05T00:00:00,A,0,2011,Ethiopia DHS 2011. The survey collected data on school attendance for age 5-24 and educational attainment for age 5 and above. Data extracted on 25 February 2025.,This data point is NOT APPLICABLE for the submitting nation.,0.0
2005,SE_ALP_CPLR,231,None,None,None,Q3,ISCED11_3,RO,2025-03-05T00:00:00,A,0,2011,Ethiopia DHS 2011. The survey collected data on school attendance for age 5-24 and educational attainment for age 5 and above. Data extracted on 25 February 2025.,This data point is NOT APPLICABLE for the submitting nation.,0.0
2011,SE_ALP_CPLR,231,None,None,None,Q3,ISCED11_3,RO,2025-03-05T00:00:00,A,0,2011,Ethiopia DHS 2011. The survey collected data on school attendance for age 5-24 and educational attainment for age 5 and above. Data extracted on 25 February 2025.,This data point is NOT APPLICABLE for the submitting nation.,0.0
2000,SE_ALP_CPLR,231,None,None,None,Q4,ISCED11_1,RO,2025-03-05T00:00:00,A,0,2016,Ethiopia DHS 2016. The survey collected data on school attendance for age 5-24 and educational attainment for age 5 and above. Data extracted on 25 February 2025.,This data point is NOT APPLICABLE for the submitting nation.,0.0
2005,SE_ALP_CPLR,231,None,None,None,Q4,ISCED11_1,RO,2025-03-05T00:00:00,A,0,2016,Ethiopia DHS 2016. The survey collected data on school attendance for age 5-24 and educational attainment for age 5 and above. Data extracted on 25 February 2025.,This data point is NOT APPLICABLE for the submitting nation.,0.50194
2011,SE_ALP_CPLR,231,None,None,None,Q4,ISCED11_1,RO,2025-03-05T00:00:00,A,0,2016,Ethiopia DHS 2016. The survey collected data on school attendance for age 5-24 and educational attainment for age 5 and above. Data extracted on 25 February 2025.,This data point is NOT APPLICABLE for the submitting nation.,0.61048
2016,SE_ALP_CPLR,231,None,None,None,Q4,ISCED11_1,RO,2025-03-05T00:00:00,A,0,2016,Ethiopia DHS 2016. The survey collected data on school attendance for age 5-24 and educational attainment for age 5 and above. Data extracted on 25 February 2025.,This data point is NOT APPLICABLE for the submitting nation.,0.67856
2000,SE_ALP_CPLR,231,None,None,None,Q4,ISCED11_2,RO,2025-03-05T00:00:00,A,0,2016,Ethiopia DHS 2016. The survey collected data on school attendance for age 5-24 and educational attainment for age 5 and above. Data extracted on 25 February 2025.,This data point is NOT APPLICABLE for the submitting nation.,0.0
2005,SE_ALP_CPLR,231,None,None,None,Q4,ISCED11_2,RO,2025-03-05T00:00:00,A,0,2016,Ethiopia DHS 2016. The survey collected data on school attendance for age 5-24 and educational attainment for age 5 and above. Data extracted on 25 February 2025.,This data point is NOT APPLICABLE for the submitting nation.,0.739
2011,SE_ALP_CPLR,231,None,None,None,Q4,ISCED11_2,RO,2025-03-05T00:00:00,A,0,2016,Ethiopia DHS 2016. The survey collected data on school attendance for age 5-24 and educational attainment for age 5 and above. Data extracted on 25 February 2025.,This data point is NOT APPLICABLE for the submitting nation.,0.49019
2016,SE_ALP_CPLR,231,None,None,None,Q4,ISCED11_2,RO,2025-03-05T00:00:00,A,0,2016,Ethiopia DHS 2016. The survey collected data on school attendance for age 5-24 and educational attainment for age 5 and above. Data extracted on 25 February 2025.,This data point is NOT APPLICABLE for the submitting nation.,0.0
2000,SE_ALP_CPLR,231,None,None,None,Q4,ISCED11_3,RO,2025-03-05T00:00:00,A,0,2016,Ethiopia DHS 2016. The survey collected data on school attendance for age 5-24 and educational attainment for age 5 and above. Data extracted on 25 February 2025.,This data point is NOT APPLICABLE for the submitting nation.,0.0
2005,SE_ALP_CPLR,231,None,None,None,Q4,ISCED11_3,RO,2025-03-05T00:00:00,A,0,2016,Ethiopia DHS 2016. The survey collected data on school attendance for age 5-24 and educational attainment for age 5 and above. Data extracted on 25 February 2025.,This data point is NOT APPLICABLE for the submitting nation.,0.0
2011,SE_ALP_CPLR,231,None,None,None,Q4,ISCED11_3,RO,2025-03-05T00:00:00,A,0,2016,Ethiopia DHS 2016. The survey collected data on school attendance for age 5-24 and educational attainment for age 5 and above. Data extracted on 25 February 2025.,This data point is NOT APPLICABLE for the submitting nation.,1.936
2016,SE_ALP_CPLR,231,None,None,None,Q4,ISCED11_3,RO,2025-03-05T00:00:00,A,0,2016,Ethiopia DHS 2016. The survey collected data on school attendance for age 5-24 and educational attainment for age 5 and above. Data extracted on 25 February 2025.,This data point is NOT APPLICABLE for the submitting nation.,0.0
2000,SE_ALP_CPLR,231,None,None,None,Q5,ISCED11_1,RO,2025-03-05T00:00:00,A,0,2016,Ethiopia DHS 2016. The survey collected data on school attendance for age 5-24 and educational attainment for age 5 and above. Data extracted on 25 February 2025.,This data point is NOT APPLICABLE for the submitting nation.,0.0
2005,SE_ALP_CPLR,231,None,None,None,Q5,ISCED11_1,RO,2025-03-05T00:00:00,A,0,2016,Ethiopia DHS 2016. The survey collected data on school attendance for age 5-24 and educational attainment for age 5 and above. Data extracted on 25 February 2025.,This data point is NOT APPLICABLE for the submitting nation.,0.53143
2011,SE_ALP_CPLR,231,None,None,None,Q5,ISCED11_1,RO,2025-03-05T00:00:00,A,0,2016,Ethiopia DHS 2016. The survey collected data on school attendance for age 5-24 and educational attainment for age 5 and above. Data extracted on 25 February 2025.,This data point is NOT APPLICABLE for the submitting nation.,0.67149
2016,SE_ALP_CPLR,231,None,None,None,Q5,ISCED11_1,RO,2025-03-05T00:00:00,A,0,2016,Ethiopia DHS 2016. The survey collected data on school attendance for age 5-24 and educational attainment for age 5 and above. Data extracted on 25 February 2025.,This data point is NOT APPLICABLE for the submitting nation.,0.77874
2000,SE_ALP_CPLR,231,None,None,None,Q5,ISCED11_2,RO,2025-03-05T00:00:00,A,0,2016,Ethiopia DHS 2016. The survey collected data on school attendance for age 5-24 and educational attainment for age 5 and above. Data extracted on 25 February 2025.,This data point is NOT APPLICABLE for the submitting nation.,0.0
2005,SE_ALP_CPLR,231,None,None,None,Q5,ISCED11_2,RO,2025-03-05T00:00:00,A,0,2016,Ethiopia DHS 2016. The survey collected data on school attendance for age 5-24 and educational attainment for age 5 and above. Data extracted on 25 February 2025.,This data point is NOT APPLICABLE for the submitting nation.,0.28503
2011,SE_ALP_CPLR,231,None,None,None,Q5,ISCED11_2,RO,2025-03-05T00:00:00,A,0,2016,Ethiopia DHS 2016. The survey collected data on school attendance for age 5-24 and educational attainment for age 5 and above. Data extracted on 25 February 2025.,This data point is NOT APPLICABLE for the submitting nation.,0.61913
2016,SE_ALP_CPLR,231,None,None,None,Q5,ISCED11_2,RO,2025-03-05T00:00:00,A,0,2016,Ethiopia DHS 2016. The survey collected data on school attendance for age 5-24 and educational attainment for age 5 and above. Data extracted on 25 February 2025.,This data point is NOT APPLICABLE for the submitting nation.,0.48265
2000,SE_ALP_CPLR,231,None,None,None,Q5,ISCED11_3,RO,2025-03-05T00:00:00,A,0,2016,Ethiopia DHS 2016. The survey collected data on school attendance for age 5-24 and educational attainment for age 5 and above. Data extracted on 25 February 2025.,This data point is NOT APPLICABLE for the submitting nation.,0.0
2005,SE_ALP_CPLR,231,None,None,None,Q5,ISCED11_3,RO,2025-03-05T00:00:00,A,0,2016,Ethiopia DHS 2016. The survey collected data on school attendance for age 5-24 and educational attainment for age 5 and above. Data extracted on 25 February 2025.,This data point is NOT APPLICABLE for the submitting nation.,0.2416
2011,SE_ALP_CPLR,231,None,None,None,Q5,ISCED11_3,RO,2025-03-05T00:00:00,A,0,2016,Ethiopia DHS 2016. The survey collected data on school attendance for age 5-24 and educational attainment for age 5 and above. Data extracted on 25 February 2025.,This data point is NOT APPLICABLE for the submitting nation.,1.02586
2016,SE_ALP_CPLR,231,None,None,None,Q5,ISCED11_3,RO,2025-03-05T00:00:00,A,0,2016,Ethiopia DHS 2016. The survey collected data on school attendance for age 5-24 and educational attainment for age 5 and above. Data extracted on 25 February 2025.,This data point is NOT APPLICABLE for the submitting nation.,0.37048
2000,SE_ALP_CPLR,231,F,None,None,None,ISCED11_1,RO,2025-03-05T00:00:00,A,0,2019,Ethiopian Socioeconomic Survey (ESS) 2018-19. The survey collected data on school attendance and educational attainment for age 4 and above. Data extracted on 25 February 2025.,,0.07214
2005,SE_ALP_CPLR,231,F,None,None,None,ISCED11_1,RO,2025-03-05T00:00:00,A,0,2019,Ethiopian Socioeconomic Survey (ESS) 2018-19. The survey collected data on school attendance and educational attainment for age 4 and above. Data extracted on 25 February 2025.,,0.23041
2007,SE_ALP_CPLR,231,F,None,None,None,ISCED11_1,RO,2025-03-05T00:00:00,A,0,2019,Ethiopian Socioeconomic Survey (ESS) 2018-19. The survey collected data on school attendance and educational attainment for age 4 and above. Data extracted on 25 February 2025.,,0.24491
2011,SE_ALP_CPLR,231,F,None,None,None,ISCED11_1,RO,2025-03-05T00:00:00,A,0,2019,Ethiopian Socioeconomic Survey (ESS) 2018-19. The survey collected data on school attendance and educational attainment for age 4 and above. Data extracted on 25 February 2025.,,0.42251
2016,SE_ALP_CPLR,231,F,None,None,None,ISCED11_1,RO,2025-03-05T00:00:00,A,0,2019,Ethiopian Socioeconomic Survey (ESS) 2018-19. The survey collected data on school attendance and educational attainment for age 4 and above. Data extracted on 25 February 2025.,,0.50586
2019,SE_ALP_CPLR,231,F,None,None,None,ISCED11_1,RO,2025-03-05T00:00:00,A,0,2019,Ethiopian Socioeconomic Survey (ESS) 2018-19. The survey collected data on school attendance and educational attainment for age 4 and above. Data extracted on 25 February 2025.,,0.56915
2000,SE_ALP_CPLR,231,F,None,None,None,ISCED11_2,RO,2025-03-05T00:00:00,A,0,2019,Ethiopian Socioeconomic Survey (ESS) 2018-19. The survey collected data on school attendance and educational attainment for age 4 and above. Data extracted on 25 February 2025.,,0.04429
2005,SE_ALP_CPLR,231,F,None,None,None,ISCED11_2,RO,2025-03-05T00:00:00,A,0,2019,Ethiopian Socioeconomic Survey (ESS) 2018-19. The survey collected data on school attendance and educational attainment for age 4 and above. Data extracted on 25 February 2025.,,0.02849
2007,SE_ALP_CPLR,231,F,None,None,None,ISCED11_2,RO,2025-03-05T00:00:00,A,0,2019,Ethiopian Socioeconomic Survey (ESS) 2018-19. The survey collected data on school attendance and educational attainment for age 4 and above. Data extracted on 25 February 2025.,,0.08646
2011,SE_ALP_CPLR,231,F,None,None,None,ISCED11_2,RO,2025-03-05T00:00:00,A,0,2019,Ethiopian Socioeconomic Survey (ESS) 2018-19. The survey collected data on school attendance and educational attainment for age 4 and above. Data extracted on 25 February 2025.,,0.17558
2016,SE_ALP_CPLR,231,F,None,None,None,ISCED11_2,RO,2025-03-05T00:00:00,A,0,2019,Ethiopian Socioeconomic Survey (ESS) 2018-19. The survey collected data on school attendance and educational attainment for age 4 and above. Data extracted on 25 February 2025.,,0.18862
2019,SE_ALP_CPLR,231,F,None,None,None,ISCED11_2,RO,2025-03-05T00:00:00,A,0,2019,Ethiopian Socioeconomic Survey (ESS) 2018-19. The survey collected data on school attendance and educational attainment for age 4 and above. Data extracted on 25 February 2025.,,0.30589
2000,SE_ALP_CPLR,231,F,None,None,None,ISCED11_3,RO,2025-03-05T00:00:00,A,0,2019,Ethiopian Socioeconomic Survey (ESS) 2018-19. The survey collected data on school attendance and educational attainment for age 4 and above. Data extracted on 25 February 2025.,,0.07619
2005,SE_ALP_CPLR,231,F,None,None,None,ISCED11_3,RO,2025-03-05T00:00:00,A,0,2019,Ethiopian Socioeconomic Survey (ESS) 2018-19. The survey collected data on school attendance and educational attainment for age 4 and above. Data extracted on 25 February 2025.,,0.02955
2007,SE_ALP_CPLR,231,F,None,None,None,ISCED11_3,RO,2025-03-05T00:00:00,A,0,2019,Ethiopian Socioeconomic Survey (ESS) 2018-19. The survey collected data on school attendance and educational attainment for age 4 and above. Data extracted on 25 February 2025.,,0.08812
2011,SE_ALP_CPLR,231,F,None,None,None,ISCED11_3,RO,2025-03-05T00:00:00,A,0,2019,Ethiopian Socioeconomic Survey (ESS) 2018-19. The survey collected data on school attendance and educational attainment for age 4 and above. Data extracted on 25 February 2025.,,0.13778
2016,SE_ALP_CPLR,231,F,None,None,None,ISCED11_3,RO,2025-03-05T00:00:00,A,0,2019,Ethiopian Socioeconomic Survey (ESS) 2018-19. The survey collected data on school attendance and educational attainment for age 4 and above. Data extracted on 25 February 2025.,,0.11612
2019,SE_ALP_CPLR,231,F,None,None,None,ISCED11_3,RO,2025-03-05T00:00:00,A,0,2019,Ethiopian Socioeconomic Survey (ESS) 2018-19. The survey collected data on school attendance and educational attainment for age 4 and above. Data extracted on 25 February 2025.,,0.11345
2000,SE_ALP_CPLR,231,F,None,None,Q1,ISCED11_1,RO,2025-03-05T00:00:00,A,0,2016,Ethiopia DHS 2016. The survey collected data on school attendance for age 5-24 and educational attainment for age 5 and above. Data extracted on 25 February 2025.,This data point is NOT APPLICABLE for the submitting nation.,0.0
2005,SE_ALP_CPLR,231,F,None,None,Q1,ISCED11_1,RO,2025-03-05T00:00:00,A,0,2016,Ethiopia DHS 2016. The survey collected data on school attendance for age 5-24 and educational attainment for age 5 and above. Data extracted on 25 February 2025.,This data point is NOT APPLICABLE for the submitting nation.,0.0
2011,SE_ALP_CPLR,231,F,None,None,Q1,ISCED11_1,RO,2025-03-05T00:00:00,A,0,2016,Ethiopia DHS 2016. The survey collected data on school attendance for age 5-24 and educational attainment for age 5 and above. Data extracted on 25 February 2025.,This data point is NOT APPLICABLE for the submitting nation.,0.0
2016,SE_ALP_CPLR,231,F,None,None,Q1,ISCED11_1,RO,2025-03-05T00:00:00,A,0,2016,Ethiopia DHS 2016. The survey collected data on school attendance for age 5-24 and educational attainment for age 5 and above. Data extracted on 25 February 2025.,This data point is NOT APPLICABLE for the submitting nation.,0.0
2000,SE_ALP_CPLR,231,F,None,None,Q1,ISCED11_2,RO,2025-03-05T00:00:00,A,0,2016,Ethiopia DHS 2016. The survey collected data on school attendance for age 5-24 and educational attainment for age 5 and above. Data extracted on 25 February 2025.,This data point is NOT APPLICABLE for the submitting nation.,0.0
2005,SE_ALP_CPLR,231,F,None,None,Q1,ISCED11_2,RO,2025-03-05T00:00:00,A,0,2016,Ethiopia DHS 2016. The survey collected data on school attendance for age 5-24 and educational attainment for age 5 and above. Data extracted on 25 February 2025.,This data point is NOT APPLICABLE for the submitting nation.,0.0
2011,SE_ALP_CPLR,231,F,None,None,Q1,ISCED11_2,RO,2025-03-05T00:00:00,A,0,2016,Ethiopia DHS 2016. The survey collected data on school attendance for age 5-24 and educational attainment for age 5 and above. Data extracted on 25 February 2025.,This data point is NOT APPLICABLE for the submitting nation.,0.0
2016,SE_ALP_CPLR,231,F,None,None,Q1,ISCED11_2,RO,2025-03-05T00:00:00,A,0,2016,Ethiopia DHS 2016. The survey collected data on school attendance for age 5-24 and educational attainment for age 5 and above. Data extracted on 25 February 2025.,This data point is NOT APPLICABLE for the submitting nation.,0.0
2000,SE_ALP_CPLR,231,F,None,None,Q1,ISCED11_3,RO,2025-03-05T00:00:00,A,0,2016,Ethiopia DHS 2016. The survey collected data on school attendance for age 5-24 and educational attainment for age 5 and above. Data extracted on 25 February 2025.,This data point is NOT APPLICABLE for the submitting nation.,0.0
2005,SE_ALP_CPLR,231,F,None,None,Q1,ISCED11_3,RO,2025-03-05T00:00:00,A,0,2016,Ethiopia DHS 2016. The survey collected data on school attendance for age 5-24 and educational attainment for age 5 and above. Data extracted on 25 February 2025.,This data point is NOT APPLICABLE for the submitting nation.,0.0
2011,SE_ALP_CPLR,231,F,None,None,Q1,ISCED11_3,RO,2025-03-05T00:00:00,A,0,2016,Ethiopia DHS 2016. The survey collected data on school attendance for age 5-24 and educational attainment for age 5 and above. Data extracted on 25 February 2025.,This data point is NOT APPLICABLE for the submitting nation.,0.0
2016,SE_ALP_CPLR,231,F,None,None,Q1,ISCED11_3,RO,2025-03-05T00:00:00,A,0,2016,Ethiopia DHS 2016. The survey collected data on school attendance for age 5-24 and educational attainment for age 5 and above. Data extracted on 25 February 2025.,This data point is NOT APPLICABLE for the submitting nation.,0.0
2000,SE_ALP_CPLR,231,F,None,None,Q2,ISCED11_1,RO,2025-03-05T00:00:00,A,0,2016,Ethiopia DHS 2016. The survey collected data on school attendance for age 5-24 and educational attainment for age 5 and above. Data extracted on 25 February 2025.,This data point is NOT APPLICABLE for the submitting nation.,0.0
2005,SE_ALP_CPLR,231,F,None,None,Q2,ISCED11_1,RO,2025-03-05T00:00:00,A,0,2016,Ethiopia DHS 2016. The survey collected data on school attendance for age 5-24 and educational attainment for age 5 and above. Data extracted on 25 February 2025.,This data point is NOT APPLICABLE for the submitting nation.,0.0
2011,SE_ALP_CPLR,231,F,None,None,Q2,ISCED11_1,RO,2025-03-05T00:00:00,A,0,2016,Ethiopia DHS 2016. The survey collected data on school attendance for age 5-24 and educational attainment for age 5 and above. Data extracted on 25 February 2025.,This data point is NOT APPLICABLE for the submitting nation.,0.0
2016,SE_ALP_CPLR,231,F,None,None,Q2,ISCED11_1,RO,2025-03-05T00:00:00,A,0,2016,Ethiopia DHS 2016. The survey collected data on school attendance for age 5-24 and educational attainment for age 5 and above. Data extracted on 25 February 2025.,This data point is NOT APPLICABLE for the submitting nation.,0.0
2000,SE_ALP_CPLR,231,F,None,None,Q2,ISCED11_2,RO,2025-03-05T00:00:00,A,0,2016,Ethiopia DHS 2016. The survey collected data on school attendance for age 5-24 and educational attainment for age 5 and above. Data extracted on 25 February 2025.,This data point is NOT APPLICABLE for the submitting nation.,0.0
2005,SE_ALP_CPLR,231,F,None,None,Q2,ISCED11_2,RO,2025-03-05T00:00:00,A,0,2016,Ethiopia DHS 2016. The survey collected data on school attendance for age 5-24 and educational attainment for age 5 and above. Data extracted on 25 February 2025.,This data point is NOT APPLICABLE for the submitting nation.,0.0
2011,SE_ALP_CPLR,231,F,None,None,Q2,ISCED11_2,RO,2025-03-05T00:00:00,A,0,2016,Ethiopia DHS 2016. The survey collected data on school attendance for age 5-24 and educational attainment for age 5 and above. Data extracted on 25 February 2025.,This data point is NOT APPLICABLE for the submitting nation.,0.0
2016,SE_ALP_CPLR,231,F,None,None,Q2,ISCED11_2,RO,2025-03-05T00:00:00,A,0,2016,Ethiopia DHS 2016. The survey collected data on school attendance for age 5-24 and educational attainment for age 5 and above. Data extracted on 25 February 2025.,This data point is NOT APPLICABLE for the submitting nation.,0.0
2000,SE_ALP_CPLR,231,F,None,None,Q2,ISCED11_3,RO,2025-03-05T00:00:00,A,0,2011,Ethiopia DHS 2011. The survey collected data on school attendance for age 5-24 and educational attainment for age 5 and above. Data extracted on 25 February 2025.,This data point is NOT APPLICABLE for the submitting nation.,0.0
2005,SE_ALP_CPLR,231,F,None,None,Q2,ISCED11_3,RO,2025-03-05T00:00:00,A,0,2011,Ethiopia DHS 2011. The survey collected data on school attendance for age 5-24 and educational attainment for age 5 and above. Data extracted on 25 February 2025.,This data point is NOT APPLICABLE for the submitting nation.,0.0
2011,SE_ALP_CPLR,231,F,None,None,Q2,ISCED11_3,RO,2025-03-05T00:00:00,A,0,2011,Ethiopia DHS 2011. The survey collected data on school attendance for age 5-24 and educational attainment for age 5 and above. Data extracted on 25 February 2025.,This data point is NOT APPLICABLE for the submitting nation.,0.0
2000,SE_ALP_CPLR,231,F,None,None,Q3,ISCED11_1,RO,2025-03-05T00:00:00,A,0,2016,Ethiopia DHS 2016. The survey collected data on school attendance for age 5-24 and educational attainment for age 5 and above. Data extracted on 25 February 2025.,This data point is NOT APPLICABLE for the submitting nation.,0.0
2005,SE_ALP_CPLR,231,F,None,None,Q3,ISCED11_1,RO,2025-03-05T00:00:00,A,0,2016,Ethiopia DHS 2016. The survey collected data on school attendance for age 5-24 and educational attainment for age 5 and above. Data extracted on 25 February 2025.,This data point is NOT APPLICABLE for the submitting nation.,0.0
2011,SE_ALP_CPLR,231,F,None,None,Q3,ISCED11_1,RO,2025-03-05T00:00:00,A,0,2016,Ethiopia DHS 2016. The survey collected data on school attendance for age 5-24 and educational attainment for age 5 and above. Data extracted on 25 February 2025.,This data point is NOT APPLICABLE for the submitting nation.,0.0
2016,SE_ALP_CPLR,231,F,None,None,Q3,ISCED11_1,RO,2025-03-05T00:00:00,A,0,2016,Ethiopia DHS 2016. The survey collected data on school attendance for age 5-24 and educational attainment for age 5 and above. Data extracted on 25 February 2025.,This data point is NOT APPLICABLE for the submitting nation.,0.0
2000,SE_ALP_CPLR,231,F,None,None,Q3,ISCED11_2,RO,2025-03-05T00:00:00,A,0,2016,Ethiopia DHS 2016. The survey collected data on school attendance for age 5-24 and educational attainment for age 5 and above. Data extracted on 25 February 2025.,This data point is NOT APPLICABLE for the submitting nation.,0.0
2005,SE_ALP_CPLR,231,F,None,None,Q3,ISCED11_2,RO,2025-03-05T00:00:00,A,0,2016,Ethiopia DHS 2016. The survey collected data on school attendance for age 5-24 and educational attainment for age 5 and above. Data extracted on 25 February 2025.,This data point is NOT APPLICABLE for the submitting nation.,0.0
2011,SE_ALP_CPLR,231,F,None,None,Q3,ISCED11_2,RO,2025-03-05T00:00:00,A,0,2016,Ethiopia DHS 2016. The survey collected data on school attendance for age 5-24 and educational attainment for age 5 and above. Data extracted on 25 February 2025.,This data point is NOT APPLICABLE for the submitting nation.,0.0
2016,SE_ALP_CPLR,231,F,None,None,Q3,ISCED11_2,RO,2025-03-05T00:00:00,A,0,2016,Ethiopia DHS 2016. The survey collected data on school attendance for age 5-24 and educational attainment for age 5 and above. Data extracted on 25 February 2025.,This data point is NOT APPLICABLE for the submitting nation.,0.0
2000,SE_ALP_CPLR,231,F,None,None,Q3,ISCED11_3,RO,2025-03-05T00:00:00,A,0,2011,Ethiopia DHS 2011. The survey collected data on school attendance for age 5-24 and educational attainment for age 5 and above. Data extracted on 25 February 2025.,This data point is NOT APPLICABLE for the submitting nation.,0.0
2005,SE_ALP_CPLR,231,F,None,None,Q3,ISCED11_3,RO,2025-03-05T00:00:00,A,0,2011,Ethiopia DHS 2011. The survey collected data on school attendance for age 5-24 and educational attainment for age 5 and above. Data extracted on 25 February 2025.,This data point is NOT APPLICABLE for the submitting nation.,0.0
2011,SE_ALP_CPLR,231,F,None,None,Q3,ISCED11_3,RO,2025-03-05T00:00:00,A,0,2011,Ethiopia DHS 2011. The survey collected data on school attendance for age 5-24 and educational attainment for age 5 and above. Data extracted on 25 February 2025.,This data point is NOT APPLICABLE for the submitting nation.,0.0
2000,SE_ALP_CPLR,231,F,None,None,Q4,ISCED11_1,RO,2025-03-05T00:00:00,A,0,2016,Ethiopia DHS 2016. The survey collected data on school attendance for age 5-24 and educational attainment for age 5 and above. Data extracted on 25 February 2025.,This data point is NOT APPLICABLE for the submitting nation.,0.0
2005,SE_ALP_CPLR,231,F,None,None,Q4,ISCED11_1,RO,2025-03-05T00:00:00,A,0,2016,Ethiopia DHS 2016. The survey collected data on school attendance for age 5-24 and educational attainment for age 5 and above. Data extracted on 25 February 2025.,This data point is NOT APPLICABLE for the submitting nation.,0.0
2011,SE_ALP_CPLR,231,F,None,None,Q4,ISCED11_1,RO,2025-03-05T00:00:00,A,0,2016,Ethiopia DHS 2016. The survey collected data on school attendance for age 5-24 and educational attainment for age 5 and above. Data extracted on 25 February 2025.,This data point is NOT APPLICABLE for the submitting nation.,0.51164
2016,SE_ALP_CPLR,231,F,None,None,Q4,ISCED11_1,RO,2025-03-05T00:00:00,A,0,2016,Ethiopia DHS 2016. The survey collected data on school attendance for age 5-24 and educational attainment for age 5 and above. Data extracted on 25 February 2025.,This data point is NOT APPLICABLE for the submitting nation.,0.0
2000,SE_ALP_CPLR,231,F,None,None,Q4,ISCED11_2,RO,2025-03-05T00:00:00,A,0,2016,Ethiopia DHS 2016. The survey collected data on school attendance for age 5-24 and educational attainment for age 5 and above. Data extracted on 25 February 2025.,This data point is NOT APPLICABLE for the submitting nation.,0.0
2005,SE_ALP_CPLR,231,F,None,None,Q4,ISCED11_2,RO,2025-03-05T00:00:00,A,0,2016,Ethiopia DHS 2016. The survey collected data on school attendance for age 5-24 and educational attainment for age 5 and above. Data extracted on 25 February 2025.,This data point is NOT APPLICABLE for the submitting nation.,0.0
2011,SE_ALP_CPLR,231,F,None,None,Q4,ISCED11_2,RO,2025-03-05T00:00:00,A,0,2016,Ethiopia DHS 2016. The survey collected data on school attendance for age 5-24 and educational attainment for age 5 and above. Data extracted on 25 February 2025.,This data point is NOT APPLICABLE for the submitting nation.,1.16441
2016,SE_ALP_CPLR,231,F,None,None,Q4,ISCED11_2,RO,2025-03-05T00:00:00,A,0,2016,Ethiopia DHS 2016. The survey collected data on school attendance for age 5-24 and educational attainment for age 5 and above. Data extracted on 25 February 2025.,This data point is NOT APPLICABLE for the submitting nation.,0.0
2000,SE_ALP_CPLR,231,F,None,None,Q4,ISCED11_3,RO,2025-03-05T00:00:00,A,0,2011,Ethiopia DHS 2011. The survey collected data on school attendance for age 5-24 and educational attainment for age 5 and above. Data extracted on 25 February 2025.,This data point is NOT APPLICABLE for the submitting nation.,0.0
2005,SE_ALP_CPLR,231,F,None,None,Q4,ISCED11_3,RO,2025-03-05T00:00:00,A,0,2011,Ethiopia DHS 2011. The survey collected data on school attendance for age 5-24 and educational attainment for age 5 and above. Data extracted on 25 February 2025.,This data point is NOT APPLICABLE for the submitting nation.,0.0
2011,SE_ALP_CPLR,231,F,None,None,Q4,ISCED11_3,RO,2025-03-05T00:00:00,A,0,2011,Ethiopia DHS 2011. The survey collected data on school attendance for age 5-24 and educational attainment for age 5 and above. Data extracted on 25 February 2025.,This data point is NOT APPLICABLE for the submitting nation.,0.0
2000,SE_ALP_CPLR,231,F,None,None,Q5,ISCED11_1,RO,2025-03-05T00:00:00,A,0,2016,Ethiopia DHS 2016. The survey collected data on school attendance for age 5-24 and educational attainment for age 5 and above. Data extracted on 25 February 2025.,This data point is NOT APPLICABLE for the submitting nation.,0.0
2005,SE_ALP_CPLR,231,F,None,None,Q5,ISCED11_1,RO,2025-03-05T00:00:00,A,0,2016,Ethiopia DHS 2016. The survey collected data on school attendance for age 5-24 and educational attainment for age 5 and above. Data extracted on 25 February 2025.,This data point is NOT APPLICABLE for the submitting nation.,0.51199
2011,SE_ALP_CPLR,231,F,None,None,Q5,ISCED11_1,RO,2025-03-05T00:00:00,A,0,2016,Ethiopia DHS 2016. The survey collected data on school attendance for age 5-24 and educational attainment for age 5 and above. Data extracted on 25 February 2025.,This data point is NOT APPLICABLE for the submitting nation.,0.69118
2016,SE_ALP_CPLR,231,F,None,None,Q5,ISCED11_1,RO,2025-03-05T00:00:00,A,0,2016,Ethiopia DHS 2016. The survey collected data on school attendance for age 5-24 and educational attainment for age 5 and above. Data extracted on 25 February 2025.,This data point is NOT APPLICABLE for the submitting nation.,0.77195
2000,SE_ALP_CPLR,231,F,None,None,Q5,ISCED11_2,RO,2025-03-05T00:00:00,A,0,2016,Ethiopia DHS 2016. The survey collected data on school attendance for age 5-24 and educational attainment for age 5 and above. Data extracted on 25 February 2025.,This data point is NOT APPLICABLE for the submitting nation.,0.0
2005,SE_ALP_CPLR,231,F,None,None,Q5,ISCED11_2,RO,2025-03-05T00:00:00,A,0,2016,Ethiopia DHS 2016. The survey collected data on school attendance for age 5-24 and educational attainment for age 5 and above. Data extracted on 25 February 2025.,This data point is NOT APPLICABLE for the submitting nation.,0.16384
2011,SE_ALP_CPLR,231,F,None,None,Q5,ISCED11_2,RO,2025-03-05T00:00:00,A,0,2016,Ethiopia DHS 2016. The survey collected data on school attendance for age 5-24 and educational attainment for age 5 and above. Data extracted on 25 February 2025.,This data point is NOT APPLICABLE for the submitting nation.,0.6983
2016,SE_ALP_CPLR,231,F,None,None,Q5,ISCED11_2,RO,2025-03-05T00:00:00,A,0,2016,Ethiopia DHS 2016. The survey collected data on school attendance for age 5-24 and educational attainment for age 5 and above. Data extracted on 25 February 2025.,This data point is NOT APPLICABLE for the submitting nation.,0.46053
2000,SE_ALP_CPLR,231,F,None,None,Q5,ISCED11_3,RO,2025-03-05T00:00:00,A,0,2016,Ethiopia DHS 2016. The survey collected data on school attendance for age 5-24 and educational attainment for age 5 and above. Data extracted on 25 February 2025.,This data point is NOT APPLICABLE for the submitting nation.,0.0
2005,SE_ALP_CPLR,231,F,None,None,Q5,ISCED11_3,RO,2025-03-05T00:00:00,A,0,2016,Ethiopia DHS 2016. The survey collected data on school attendance for age 5-24 and educational attainment for age 5 and above. Data extracted on 25 February 2025.,This data point is NOT APPLICABLE for the submitting nation.,0.21069
2011,SE_ALP_CPLR,231,F,None,None,Q5,ISCED11_3,RO,2025-03-05T00:00:00,A,0,2016,Ethiopia DHS 2016. The survey collected data on school attendance for age 5-24 and educational attainment for age 5 and above. Data extracted on 25 February 2025.,This data point is NOT APPLICABLE for the submitting nation.,0.85944
2016,SE_ALP_CPLR,231,F,None,None,Q5,ISCED11_3,RO,2025-03-05T00:00:00,A,0,2016,Ethiopia DHS 2016. The survey collected data on school attendance for age 5-24 and educational attainment for age 5 and above. Data extracted on 25 February 2025.,This data point is NOT APPLICABLE for the submitting nation.,0.2495
2000,SE_ALP_CPLR,231,M,None,None,None,ISCED11_1,RO,2025-03-05T00:00:00,A,0,2019,Ethiopian Socioeconomic Survey (ESS) 2018-19. The survey collected data on school attendance and educational attainment for age 4 and above. Data extracted on 25 February 2025.,,0.11344
2005,SE_ALP_CPLR,231,M,None,None,None,ISCED11_1,RO,2025-03-05T00:00:00,A,0,2019,Ethiopian Socioeconomic Survey (ESS) 2018-19. The survey collected data on school attendance and educational attainment for age 4 and above. Data extracted on 25 February 2025.,,0.28846
2007,SE_ALP_CPLR,231,M,None,None,None,ISCED11_1,RO,2025-03-05T00:00:00,A,0,2019,Ethiopian Socioeconomic Survey (ESS) 2018-19. The survey collected data on school attendance and educational attainment for age 4 and above. Data extracted on 25 February 2025.,,0.26336
2011,SE_ALP_CPLR,231,M,None,None,None,ISCED11_1,RO,2025-03-05T00:00:00,A,0,2019,Ethiopian Socioeconomic Survey (ESS) 2018-19. The survey collected data on school attendance and educational attainment for age 4 and above. Data extracted on 25 February 2025.,,0.392
2016,SE_ALP_CPLR,231,M,None,None,None,ISCED11_1,RO,2025-03-05T00:00:00,A,0,2019,Ethiopian Socioeconomic Survey (ESS) 2018-19. The survey collected data on school attendance and educational attainment for age 4 and above. Data extracted on 25 February 2025.,,0.49448
2019,SE_ALP_CPLR,231,M,None,None,None,ISCED11_1,RO,2025-03-05T00:00:00,A,0,2019,Ethiopian Socioeconomic Survey (ESS) 2018-19. The survey collected data on school attendance and educational attainment for age 4 and above. Data extracted on 25 February 2025.,,0.57578
2000,SE_ALP_CPLR,231,M,None,None,None,ISCED11_2,RO,2025-03-05T00:00:00,A,0,2019,Ethiopian Socioeconomic Survey (ESS) 2018-19. The survey collected data on school attendance and educational attainment for age 4 and above. Data extracted on 25 February 2025.,,0.07358
2005,SE_ALP_CPLR,231,M,None,None,None,ISCED11_2,RO,2025-03-05T00:00:00,A,0,2019,Ethiopian Socioeconomic Survey (ESS) 2018-19. The survey collected data on school attendance and educational attainment for age 4 and above. Data extracted on 25 February 2025.,,0.08476
2007,SE_ALP_CPLR,231,M,None,None,None,ISCED11_2,RO,2025-03-05T00:00:00,A,0,2019,Ethiopian Socioeconomic Survey (ESS) 2018-19. The survey collected data on school attendance and educational attainment for age 4 and above. Data extracted on 25 February 2025.,,0.11174
2011,SE_ALP_CPLR,231,M,None,None,None,ISCED11_2,RO,2025-03-05T00:00:00,A,0,2019,Ethiopian Socioeconomic Survey (ESS) 2018-19. The survey collected data on school attendance and educational attainment for age 4 and above. Data extracted on 25 February 2025.,,0.12678
2016,SE_ALP_CPLR,231,M,None,None,None,ISCED11_2,RO,2025-03-05T00:00:00,A,0,2019,Ethiopian Socioeconomic Survey (ESS) 2018-19. The survey collected data on school attendance and educational attainment for age 4 and above. Data extracted on 25 February 2025.,,0.20374
2019,SE_ALP_CPLR,231,M,None,None,None,ISCED11_2,RO,2025-03-05T00:00:00,A,0,2019,Ethiopian Socioeconomic Survey (ESS) 2018-19. The survey collected data on school attendance and educational attainment for age 4 and above. Data extracted on 25 February 2025.,,0.29458
2000,SE_ALP_CPLR,231,M,None,None,None,ISCED11_3,RO,2025-03-05T00:00:00,A,0,2019,Ethiopian Socioeconomic Survey (ESS) 2018-19. The survey collected data on school attendance and educational attainment for age 4 and above. Data extracted on 25 February 2025.,,0.06281
2005,SE_ALP_CPLR,231,M,None,None,None,ISCED11_3,RO,2025-03-05T00:00:00,A,0,2019,Ethiopian Socioeconomic Survey (ESS) 2018-19. The survey collected data on school attendance and educational attainment for age 4 and above. Data extracted on 25 February 2025.,,0.05308
2007,SE_ALP_CPLR,231,M,None,None,None,ISCED11_3,RO,2025-03-05T00:00:00,A,0,2019,Ethiopian Socioeconomic Survey (ESS) 2018-19. The survey collected data on school attendance and educational attainment for age 4 and above. Data extracted on 25 February 2025.,,0.12987
2011,SE_ALP_CPLR,231,M,None,None,None,ISCED11_3,RO,2025-03-05T00:00:00,A,0,2019,Ethiopian Socioeconomic Survey (ESS) 2018-19. The survey collected data on school attendance and educational attainment for age 4 and above. Data extracted on 25 February 2025.,,0.15395
2016,SE_ALP_CPLR,231,M,None,None,None,ISCED11_3,RO,2025-03-05T00:00:00,A,0,2019,Ethiopian Socioeconomic Survey (ESS) 2018-19. The survey collected data on school attendance and educational attainment for age 4 and above. Data extracted on 25 February 2025.,,0.16388
2019,SE_ALP_CPLR,231,M,None,None,None,ISCED11_3,RO,2025-03-05T00:00:00,A,0,2019,Ethiopian Socioeconomic Survey (ESS) 2018-19. The survey collected data on school attendance and educational attainment for age 4 and above. Data extracted on 25 February 2025.,,0.12539
2000,SE_ALP_CPLR,231,M,None,None,Q1,ISCED11_1,RO,2025-03-05T00:00:00,A,0,2016,Ethiopia DHS 2016. The survey collected data on school attendance for age 5-24 and educational attainment for age 5 and above. Data extracted on 25 February 2025.,This data point is NOT APPLICABLE for the submitting nation.,0.0
2005,SE_ALP_CPLR,231,M,None,None,Q1,ISCED11_1,RO,2025-03-05T00:00:00,A,0,2016,Ethiopia DHS 2016. The survey collected data on school attendance for age 5-24 and educational attainment for age 5 and above. Data extracted on 25 February 2025.,This data point is NOT APPLICABLE for the submitting nation.,0.0
2011,SE_ALP_CPLR,231,M,None,None,Q1,ISCED11_1,RO,2025-03-05T00:00:00,A,0,2016,Ethiopia DHS 2016. The survey collected data on school attendance for age 5-24 and educational attainment for age 5 and above. Data extracted on 25 February 2025.,This data point is NOT APPLICABLE for the submitting nation.,0.0
2016,SE_ALP_CPLR,231,M,None,None,Q1,ISCED11_1,RO,2025-03-05T00:00:00,A,0,2016,Ethiopia DHS 2016. The survey collected data on school attendance for age 5-24 and educational attainment for age 5 and above. Data extracted on 25 February 2025.,This data point is NOT APPLICABLE for the submitting nation.,0.0
2000,SE_ALP_CPLR,231,M,None,None,Q1,ISCED11_2,RO,2025-03-05T00:00:00,A,0,2016,Ethiopia DHS 2016. The survey collected data on school attendance for age 5-24 and educational attainment for age 5 and above. Data extracted on 25 February 2025.,This data point is NOT APPLICABLE for the submitting nation.,0.0
2005,SE_ALP_CPLR,231,M,None,None,Q1,ISCED11_2,RO,2025-03-05T00:00:00,A,0,2016,Ethiopia DHS 2016. The survey collected data on school attendance for age 5-24 and educational attainment for age 5 and above. Data extracted on 25 February 2025.,This data point is NOT APPLICABLE for the submitting nation.,0.0
2011,SE_ALP_CPLR,231,M,None,None,Q1,ISCED11_2,RO,2025-03-05T00:00:00,A,0,2016,Ethiopia DHS 2016. The survey collected data on school attendance for age 5-24 and educational attainment for age 5 and above. Data extracted on 25 February 2025.,This data point is NOT APPLICABLE for the submitting nation.,0.0
2016,SE_ALP_CPLR,231,M,None,None,Q1,ISCED11_2,RO,2025-03-05T00:00:00,A,0,2016,Ethiopia DHS 2016. The survey collected data on school attendance for age 5-24 and educational attainment for age 5 and above. Data extracted on 25 February 2025.,This data point is NOT APPLICABLE for the submitting nation.,0.0
2000,SE_ALP_CPLR,231,M,None,None,Q1,ISCED11_3,RO,2025-03-05T00:00:00,A,0,2016,Ethiopia DHS 2016. The survey collected data on school attendance for age 5-24 and educational attainment for age 5 and above. Data extracted on 25 February 2025.,This data point is NOT APPLICABLE for the submitting nation.,0.0
2005,SE_ALP_CPLR,231,M,None,None,Q1,ISCED11_3,RO,2025-03-05T00:00:00,A,0,2016,Ethiopia DHS 2016. The survey collected data on school attendance for age 5-24 and educational attainment for age 5 and above. Data extracted on 25 February 2025.,This data point is NOT APPLICABLE for the submitting nation.,0.0
2011,SE_ALP_CPLR,231,M,None,None,Q1,ISCED11_3,RO,2025-03-05T00:00:00,A,0,2016,Ethiopia DHS 2016. The survey collected data on school attendance for age 5-24 and educational attainment for age 5 and above. Data extracted on 25 February 2025.,This data point is NOT APPLICABLE for the submitting nation.,0.0
2016,SE_ALP_CPLR,231,M,None,None,Q1,ISCED11_3,RO,2025-03-05T00:00:00,A,0,2016,Ethiopia DHS 2016. The survey collected data on school attendance for age 5-24 and educational attainment for age 5 and above. Data extracted on 25 February 2025.,This data point is NOT APPLICABLE for the submitting nation.,0.0
2000,SE_ALP_CPLR,231,M,None,None,Q2,ISCED11_1,RO,2025-03-05T00:00:00,A,0,2016,Ethiopia DHS 2016. The survey collected data on school attendance for age 5-24 and educational attainment for age 5 and above. Data extracted on 25 February 2025.,This data point is NOT APPLICABLE for the submitting nation.,0.0
2005,SE_ALP_CPLR,231,M,None,None,Q2,ISCED11_1,RO,2025-03-05T00:00:00,A,0,2016,Ethiopia DHS 2016. The survey collected data on school attendance for age 5-24 and educational attainment for age 5 and above. Data extracted on 25 February 2025.,This data point is NOT APPLICABLE for the submitting nation.,0.0
2011,SE_ALP_CPLR,231,M,None,None,Q2,ISCED11_1,RO,2025-03-05T00:00:00,A,0,2016,Ethiopia DHS 2016. The survey collected data on school attendance for age 5-24 and educational attainment for age 5 and above. Data extracted on 25 February 2025.,This data point is NOT APPLICABLE for the submitting nation.,0.0
2016,SE_ALP_CPLR,231,M,None,None,Q2,ISCED11_1,RO,2025-03-05T00:00:00,A,0,2016,Ethiopia DHS 2016. The survey collected data on school attendance for age 5-24 and educational attainment for age 5 and above. Data extracted on 25 February 2025.,This data point is NOT APPLICABLE for the submitting nation.,0.0
2000,SE_ALP_CPLR,231,M,None,None,Q2,ISCED11_2,RO,2025-03-05T00:00:00,A,0,2016,Ethiopia DHS 2016. The survey collected data on school attendance for age 5-24 and educational attainment for age 5 and above. Data extracted on 25 February 2025.,This data point is NOT APPLICABLE for the submitting nation.,0.0
2005,SE_ALP_CPLR,231,M,None,None,Q2,ISCED11_2,RO,2025-03-05T00:00:00,A,0,2016,Ethiopia DHS 2016. The survey collected data on school attendance for age 5-24 and educational attainment for age 5 and above. Data extracted on 25 February 2025.,This data point is NOT APPLICABLE for the submitting nation.,0.0
2011,SE_ALP_CPLR,231,M,None,None,Q2,ISCED11_2,RO,2025-03-05T00:00:00,A,0,2016,Ethiopia DHS 2016. The survey collected data on school attendance for age 5-24 and educational attainment for age 5 and above. Data extracted on 25 February 2025.,This data point is NOT APPLICABLE for the submitting nation.,0.0
2016,SE_ALP_CPLR,231,M,None,None,Q2,ISCED11_2,RO,2025-03-05T00:00:00,A,0,2016,Ethiopia DHS 2016. The survey collected data on school attendance for age 5-24 and educational attainment for age 5 and above. Data extracted on 25 February 2025.,This data point is NOT APPLICABLE for the submitting nation.,0.0
2000,SE_ALP_CPLR,231,M,None,None,Q2,ISCED11_3,RO,2025-03-05T00:00:00,A,0,2011,Ethiopia DHS 2011. The survey collected data on school attendance for age 5-24 and educational attainment for age 5 and above. Data extracted on 25 February 2025.,This data point is NOT APPLICABLE for the submitting nation.,0.0
2005,SE_ALP_CPLR,231,M,None,None,Q2,ISCED11_3,RO,2025-03-05T00:00:00,A,0,2011,Ethiopia DHS 2011. The survey collected data on school attendance for age 5-24 and educational attainment for age 5 and above. Data extracted on 25 February 2025.,This data point is NOT APPLICABLE for the submitting nation.,0.0
2011,SE_ALP_CPLR,231,M,None,None,Q2,ISCED11_3,RO,2025-03-05T00:00:00,A,0,2011,Ethiopia DHS 2011. The survey collected data on school attendance for age 5-24 and educational attainment for age 5 and above. Data extracted on 25 February 2025.,This data point is NOT APPLICABLE for the submitting nation.,0.0
2000,SE_ALP_CPLR,231,M,None,None,Q3,ISCED11_1,RO,2025-03-05T00:00:00,A,0,2016,Ethiopia DHS 2016. The survey collected data on school attendance for age 5-24 and educational attainment for age 5 and above. Data extracted on 25 February 2025.,This data point is NOT APPLICABLE for the submitting nation.,0.0
2005,SE_ALP_CPLR,231,M,None,None,Q3,ISCED11_1,RO,2025-03-05T00:00:00,A,0,2016,Ethiopia DHS 2016. The survey collected data on school attendance for age 5-24 and educational attainment for age 5 and above. Data extracted on 25 February 2025.,This data point is NOT APPLICABLE for the submitting nation.,0.0
2011,SE_ALP_CPLR,231,M,None,None,Q3,ISCED11_1,RO,2025-03-05T00:00:00,A,0,2016,Ethiopia DHS 2016. The survey collected data on school attendance for age 5-24 and educational attainment for age 5 and above. Data extracted on 25 February 2025.,This data point is NOT APPLICABLE for the submitting nation.,0.0
2016,SE_ALP_CPLR,231,M,None,None,Q3,ISCED11_1,RO,2025-03-05T00:00:00,A,0,2016,Ethiopia DHS 2016. The survey collected data on school attendance for age 5-24 and educational attainment for age 5 and above. Data extracted on 25 February 2025.,This data point is NOT APPLICABLE for the submitting nation.,0.0
2000,SE_ALP_CPLR,231,M,None,None,Q3,ISCED11_2,RO,2025-03-05T00:00:00,A,0,2016,Ethiopia DHS 2016. The survey collected data on school attendance for age 5-24 and educational attainment for age 5 and above. Data extracted on 25 February 2025.,This data point is NOT APPLICABLE for the submitting nation.,0.0
2005,SE_ALP_CPLR,231,M,None,None,Q3,ISCED11_2,RO,2025-03-05T00:00:00,A,0,2016,Ethiopia DHS 2016. The survey collected data on school attendance for age 5-24 and educational attainment for age 5 and above. Data extracted on 25 February 2025.,This data point is NOT APPLICABLE for the submitting nation.,0.0
2011,SE_ALP_CPLR,231,M,None,None,Q3,ISCED11_2,RO,2025-03-05T00:00:00,A,0,2016,Ethiopia DHS 2016. The survey collected data on school attendance for age 5-24 and educational attainment for age 5 and above. Data extracted on 25 February 2025.,This data point is NOT APPLICABLE for the submitting nation.,0.0
2016,SE_ALP_CPLR,231,M,None,None,Q3,ISCED11_2,RO,2025-03-05T00:00:00,A,0,2016,Ethiopia DHS 2016. The survey collected data on school attendance for age 5-24 and educational attainment for age 5 and above. Data extracted on 25 February 2025.,This data point is NOT APPLICABLE for the submitting nation.,0.0
2000,SE_ALP_CPLR,231,M,None,None,Q3,ISCED11_3,RO,2025-03-05T00:00:00,A,0,2011,Ethiopia DHS 2011. The survey collected data on school attendance for age 5-24 and educational attainment for age 5 and above. Data extracted on 25 February 2025.,This data point is NOT APPLICABLE for the submitting nation.,0.0
2005,SE_ALP_CPLR,231,M,None,None,Q3,ISCED11_3,RO,2025-03-05T00:00:00,A,0,2011,Ethiopia DHS 2011. The survey collected data on school attendance for age 5-24 and educational attainment for age 5 and above. Data extracted on 25 February 2025.,This data point is NOT APPLICABLE for the submitting nation.,0.0
2011,SE_ALP_CPLR,231,M,None,None,Q3,ISCED11_3,RO,2025-03-05T00:00:00,A,0,2011,Ethiopia DHS 2011. The survey collected data on school attendance for age 5-24 and educational attainment for age 5 and above. Data extracted on 25 February 2025.,This data point is NOT APPLICABLE for the submitting nation.,0.0
2000,SE_ALP_CPLR,231,M,None,None,Q4,ISCED11_1,RO,2025-03-05T00:00:00,A,0,2016,Ethiopia DHS 2016. The survey collected data on school attendance for age 5-24 and educational attainment for age 5 and above. Data extracted on 25 February 2025.,This data point is NOT APPLICABLE for the submitting nation.,0.0
2005,SE_ALP_CPLR,231,M,None,None,Q4,ISCED11_1,RO,2025-03-05T00:00:00,A,0,2016,Ethiopia DHS 2016. The survey collected data on school attendance for age 5-24 and educational attainment for age 5 and above. Data extracted on 25 February 2025.,This data point is NOT APPLICABLE for the submitting nation.,0.0
2011,SE_ALP_CPLR,231,M,None,None,Q4,ISCED11_1,RO,2025-03-05T00:00:00,A,0,2016,Ethiopia DHS 2016. The survey collected data on school attendance for age 5-24 and educational attainment for age 5 and above. Data extracted on 25 February 2025.,This data point is NOT APPLICABLE for the submitting nation.,0.84758
2016,SE_ALP_CPLR,231,M,None,None,Q4,ISCED11_1,RO,2025-03-05T00:00:00,A,0,2016,Ethiopia DHS 2016. The survey collected data on school attendance for age 5-24 and educational attainment for age 5 and above. Data extracted on 25 February 2025.,This data point is NOT APPLICABLE for the submitting nation.,0.0
2000,SE_ALP_CPLR,231,M,None,None,Q4,ISCED11_2,RO,2025-03-05T00:00:00,A,0,2016,Ethiopia DHS 2016. The survey collected data on school attendance for age 5-24 and educational attainment for age 5 and above. Data extracted on 25 February 2025.,This data point is NOT APPLICABLE for the submitting nation.,0.0
2005,SE_ALP_CPLR,231,M,None,None,Q4,ISCED11_2,RO,2025-03-05T00:00:00,A,0,2016,Ethiopia DHS 2016. The survey collected data on school attendance for age 5-24 and educational attainment for age 5 and above. Data extracted on 25 February 2025.,This data point is NOT APPLICABLE for the submitting nation.,0.0
2011,SE_ALP_CPLR,231,M,None,None,Q4,ISCED11_2,RO,2025-03-05T00:00:00,A,0,2016,Ethiopia DHS 2016. The survey collected data on school attendance for age 5-24 and educational attainment for age 5 and above. Data extracted on 25 February 2025.,This data point is NOT APPLICABLE for the submitting nation.,0.29703
2016,SE_ALP_CPLR,231,M,None,None,Q4,ISCED11_2,RO,2025-03-05T00:00:00,A,0,2016,Ethiopia DHS 2016. The survey collected data on school attendance for age 5-24 and educational attainment for age 5 and above. Data extracted on 25 February 2025.,This data point is NOT APPLICABLE for the submitting nation.,0.0
2000,SE_ALP_CPLR,231,M,None,None,Q4,ISCED11_3,RO,2025-03-05T00:00:00,A,0,2016,Ethiopia DHS 2016. The survey collected data on school attendance for age 5-24 and educational attainment for age 5 and above. Data extracted on 25 February 2025.,This data point is NOT APPLICABLE for the submitting nation.,0.0
2005,SE_ALP_CPLR,231,M,None,None,Q4,ISCED11_3,RO,2025-03-05T00:00:00,A,0,2016,Ethiopia DHS 2016. The survey collected data on school attendance for age 5-24 and educational attainment for age 5 and above. Data extracted on 25 February 2025.,This data point is NOT APPLICABLE for the submitting nation.,0.0
2011,SE_ALP_CPLR,231,M,None,None,Q4,ISCED11_3,RO,2025-03-05T00:00:00,A,0,2016,Ethiopia DHS 2016. The survey collected data on school attendance for age 5-24 and educational attainment for age 5 and above. Data extracted on 25 February 2025.,This data point is NOT APPLICABLE for the submitting nation.,0.0
2016,SE_ALP_CPLR,231,M,None,None,Q4,ISCED11_3,RO,2025-03-05T00:00:00,A,0,2016,Ethiopia DHS 2016. The survey collected data on school attendance for age 5-24 and educational attainment for age 5 and above. Data extracted on 25 February 2025.,This data point is NOT APPLICABLE for the submitting nation.,0.0
2000,SE_ALP_CPLR,231,M,None,None,Q5,ISCED11_1,RO,2025-03-05T00:00:00,A,0,2016,Ethiopia DHS 2016. The survey collected data on school attendance for age 5-24 and educational attainment for age 5 and above. Data extracted on 25 February 2025.,This data point is NOT APPLICABLE for the submitting nation.,0.0
2005,SE_ALP_CPLR,231,M,None,None,Q5,ISCED11_1,RO,2025-03-05T00:00:00,A,0,2016,Ethiopia DHS 2016. The survey collected data on school attendance for age 5-24 and educational attainment for age 5 and above. Data extracted on 25 February 2025.,This data point is NOT APPLICABLE for the submitting nation.,0.53254
2011,SE_ALP_CPLR,231,M,None,None,Q5,ISCED11_1,RO,2025-03-05T00:00:00,A,0,2016,Ethiopia DHS 2016. The survey collected data on school attendance for age 5-24 and educational attainment for age 5 and above. Data extracted on 25 February 2025.,This data point is NOT APPLICABLE for the submitting nation.,0.64268
2016,SE_ALP_CPLR,231,M,None,None,Q5,ISCED11_1,RO,2025-03-05T00:00:00,A,0,2016,Ethiopia DHS 2016. The survey collected data on school attendance for age 5-24 and educational attainment for age 5 and above. Data extracted on 25 February 2025.,This data point is NOT APPLICABLE for the submitting nation.,0.77335
2000,SE_ALP_CPLR,231,M,None,None,Q5,ISCED11_2,RO,2025-03-05T00:00:00,A,0,2016,Ethiopia DHS 2016. The survey collected data on school attendance for age 5-24 and educational attainment for age 5 and above. Data extracted on 25 February 2025.,This data point is NOT APPLICABLE for the submitting nation.,0.0
2005,SE_ALP_CPLR,231,M,None,None,Q5,ISCED11_2,RO,2025-03-05T00:00:00,A,0,2016,Ethiopia DHS 2016. The survey collected data on school attendance for age 5-24 and educational attainment for age 5 and above. Data extracted on 25 February 2025.,This data point is NOT APPLICABLE for the submitting nation.,0.36641
2011,SE_ALP_CPLR,231,M,None,None,Q5,ISCED11_2,RO,2025-03-05T00:00:00,A,0,2016,Ethiopia DHS 2016. The survey collected data on school attendance for age 5-24 and educational attainment for age 5 and above. Data extracted on 25 February 2025.,This data point is NOT APPLICABLE for the submitting nation.,0.52582
2016,SE_ALP_CPLR,231,M,None,None,Q5,ISCED11_2,RO,2025-03-05T00:00:00,A,0,2016,Ethiopia DHS 2016. The survey collected data on school attendance for age 5-24 and educational attainment for age 5 and above. Data extracted on 25 February 2025.,This data point is NOT APPLICABLE for the submitting nation.,0.50456
2000,SE_ALP_CPLR,231,M,None,None,Q5,ISCED11_3,RO,2025-03-05T00:00:00,A,0,2016,Ethiopia DHS 2016. The survey collected data on school attendance for age 5-24 and educational attainment for age 5 and above. Data extracted on 25 February 2025.,This data point is NOT APPLICABLE for the submitting nation.,0.0
2005,SE_ALP_CPLR,231,M,None,None,Q5,ISCED11_3,RO,2025-03-05T00:00:00,A,0,2016,Ethiopia DHS 2016. The survey collected data on school attendance for age 5-24 and educational attainment for age 5 and above. Data extracted on 25 February 2025.,This data point is NOT APPLICABLE for the submitting nation.,0.25891
2011,SE_ALP_CPLR,231,M,None,None,Q5,ISCED11_3,RO,2025-03-05T00:00:00,A,0,2016,Ethiopia DHS 2016. The survey collected data on school attendance for age 5-24 and educational attainment for age 5 and above. Data extracted on 25 February 2025.,This data point is NOT APPLICABLE for the submitting nation.,1.20359
2016,SE_ALP_CPLR,231,M,None,None,Q5,ISCED11_3,RO,2025-03-05T00:00:00,A,0,2016,Ethiopia DHS 2016. The survey collected data on school attendance for age 5-24 and educational attainment for age 5 and above. Data extracted on 25 February 2025.,This data point is NOT APPLICABLE for the submitting nation.,0.5203
2000,SE_AWP_CPRA,231,None,None,None,None,ISCED11_1,RO,2025-03-05T00:00:00,A,0,2016,Ethiopia DHS 2016. The survey collected data on school attendance for age 5-24 and educational attainment for age 5 and above. Data extracted on 25 February 2025.,This data point is NOT APPLICABLE for the submitting nation.,0.0
2005,SE_AWP_CPRA,231,None,None,None,None,ISCED11_1,RO,2025-03-05T00:00:00,A,0,2016,Ethiopia DHS 2016. The survey collected data on school attendance for age 5-24 and educational attainment for age 5 and above. Data extracted on 25 February 2025.,This data point is NOT APPLICABLE for the submitting nation.,0.1478
2011,SE_AWP_CPRA,231,None,None,None,None,ISCED11_1,RO,2025-03-05T00:00:00,A,0,2016,Ethiopia DHS 2016. The survey collected data on school attendance for age 5-24 and educational attainment for age 5 and above. Data extracted on 25 February 2025.,This data point is NOT APPLICABLE for the submitting nation.,0.26459
2016,SE_AWP_CPRA,231,None,None,None,None,ISCED11_1,RO,2025-03-05T00:00:00,A,0,2016,Ethiopia DHS 2016. The survey collected data on school attendance for age 5-24 and educational attainment for age 5 and above. Data extracted on 25 February 2025.,This data point is NOT APPLICABLE for the submitting nation.,0.3569
2000,SE_AWP_CPRA,231,None,None,None,None,ISCED11_2,RO,2025-03-05T00:00:00,A,0,2016,Ethiopia DHS 2016. The survey collected data on school attendance for age 5-24 and educational attainment for age 5 and above. Data extracted on 25 February 2025.,This data point is NOT APPLICABLE for the submitting nation.,0.0
2005,SE_AWP_CPRA,231,None,None,None,None,ISCED11_2,RO,2025-03-05T00:00:00,A,0,2016,Ethiopia DHS 2016. The survey collected data on school attendance for age 5-24 and educational attainment for age 5 and above. Data extracted on 25 February 2025.,This data point is NOT APPLICABLE for the submitting nation.,0.0078
2011,SE_AWP_CPRA,231,None,None,None,None,ISCED11_2,RO,2025-03-05T00:00:00,A,0,2016,Ethiopia DHS 2016. The survey collected data on school attendance for age 5-24 and educational attainment for age 5 and above. Data extracted on 25 February 2025.,This data point is NOT APPLICABLE for the submitting nation.,0.0355
2016,SE_AWP_CPRA,231,None,None,None,None,ISCED11_2,RO,2025-03-05T00:00:00,A,0,2016,Ethiopia DHS 2016. The survey collected data on school attendance for age 5-24 and educational attainment for age 5 and above. Data extracted on 25 February 2025.,This data point is NOT APPLICABLE for the submitting nation.,0.08479
2000,SE_AWP_CPRA,231,None,None,None,None,ISCED11_3,RO,2025-03-05T00:00:00,A,0,2016,Ethiopia DHS 2016. The survey collected data on school attendance for age 5-24 and educational attainment for age 5 and above. Data extracted on 25 February 2025.,This data point is NOT APPLICABLE for the submitting nation.,0.0
2005,SE_AWP_CPRA,231,None,None,None,None,ISCED11_3,RO,2025-03-05T00:00:00,A,0,2016,Ethiopia DHS 2016. The survey collected data on school attendance for age 5-24 and educational attainment for age 5 and above. Data extracted on 25 February 2025.,This data point is NOT APPLICABLE for the submitting nation.,0.00046
2011,SE_AWP_CPRA,231,None,None,None,None,ISCED11_3,RO,2025-03-05T00:00:00,A,0,2016,Ethiopia DHS 2016. The survey collected data on school attendance for age 5-24 and educational attainment for age 5 and above. Data extracted on 25 February 2025.,This data point is NOT APPLICABLE for the submitting nation.,0.01253
2016,SE_AWP_CPRA,231,None,None,None,None,ISCED11_3,RO,2025-03-05T00:00:00,A,0,2016,Ethiopia DHS 2016. The survey collected data on school attendance for age 5-24 and educational attainment for age 5 and above. Data extracted on 25 February 2025.,This data point is NOT APPLICABLE for the submitting nation.,0.05151
2000,SE_AWP_CPRA,231,None,None,R,None,ISCED11_1,RO,2025-03-05T00:00:00,A,0,2016,Ethiopia DHS 2016. The survey collected data on school attendance for age 5-24 and educational attainment for age 5 and above. Data extracted on 25 February 2025.,This data point is NOT APPLICABLE for the submitting nation.,0.0
2005,SE_AWP_CPRA,231,None,None,R,None,ISCED11_1,RO,2025-03-05T00:00:00,A,0,2016,Ethiopia DHS 2016. The survey collected data on school attendance for age 5-24 and educational attainment for age 5 and above. Data extracted on 25 February 2025.,This data point is NOT APPLICABLE for the submitting nation.,0.22881
2011,SE_AWP_CPRA,231,None,None,R,None,ISCED11_1,RO,2025-03-05T00:00:00,A,0,2016,Ethiopia DHS 2016. The survey collected data on school attendance for age 5-24 and educational attainment for age 5 and above. Data extracted on 25 February 2025.,This data point is NOT APPLICABLE for the submitting nation.,0.34669
2016,SE_AWP_CPRA,231,None,None,R,None,ISCED11_1,RO,2025-03-05T00:00:00,A,0,2016,Ethiopia DHS 2016. The survey collected data on school attendance for age 5-24 and educational attainment for age 5 and above. Data extracted on 25 February 2025.,This data point is NOT APPLICABLE for the submitting nation.,0.38465
2000,SE_AWP_CPRA,231,None,None,R,None,ISCED11_2,RO,2025-03-05T00:00:00,A,0,2016,Ethiopia DHS 2016. The survey collected data on school attendance for age 5-24 and educational attainment for age 5 and above. Data extracted on 25 February 2025.,This data point is NOT APPLICABLE for the submitting nation.,0.0
2005,SE_AWP_CPRA,231,None,None,R,None,ISCED11_2,RO,2025-03-05T00:00:00,A,0,2016,Ethiopia DHS 2016. The survey collected data on school attendance for age 5-24 and educational attainment for age 5 and above. Data extracted on 25 February 2025.,This data point is NOT APPLICABLE for the submitting nation.,0.01905
2011,SE_AWP_CPRA,231,None,None,R,None,ISCED11_2,RO,2025-03-05T00:00:00,A,0,2016,Ethiopia DHS 2016. The survey collected data on school attendance for age 5-24 and educational attainment for age 5 and above. Data extracted on 25 February 2025.,This data point is NOT APPLICABLE for the submitting nation.,0.05349
2016,SE_AWP_CPRA,231,None,None,R,None,ISCED11_2,RO,2025-03-05T00:00:00,A,0,2016,Ethiopia DHS 2016. The survey collected data on school attendance for age 5-24 and educational attainment for age 5 and above. Data extracted on 25 February 2025.,This data point is NOT APPLICABLE for the submitting nation.,0.13958
2000,SE_AWP_CPRA,231,None,None,R,None,ISCED11_3,RO,2025-03-05T00:00:00,A,0,2016,Ethiopia DHS 2016. The survey collected data on school attendance for age 5-24 and educational attainment for age 5 and above. Data extracted on 25 February 2025.,This data point is NOT APPLICABLE for the submitting nation.,0.0
2005,SE_AWP_CPRA,231,None,None,R,None,ISCED11_3,RO,2025-03-05T00:00:00,A,0,2016,Ethiopia DHS 2016. The survey collected data on school attendance for age 5-24 and educational attainment for age 5 and above. Data extracted on 25 February 2025.,This data point is NOT APPLICABLE for the submitting nation.,0.00148
2011,SE_AWP_CPRA,231,None,None,R,None,ISCED11_3,RO,2025-03-05T00:00:00,A,0,2016,Ethiopia DHS 2016. The survey collected data on school attendance for age 5-24 and educational attainment for age 5 and above. Data extracted on 25 February 2025.,This data point is NOT APPLICABLE for the submitting nation.,0.01098
2016,SE_AWP_CPRA,231,None,None,R,None,ISCED11_3,RO,2025-03-05T00:00:00,A,0,2016,Ethiopia DHS 2016. The survey collected data on school attendance for age 5-24 and educational attainment for age 5 and above. Data extracted on 25 February 2025.,This data point is NOT APPLICABLE for the submitting nation.,0.11441
2000,SE_AWP_CPRA,231,None,None,U,None,ISCED11_1,RO,2025-03-05T00:00:00,A,0,2016,Ethiopia DHS 2016. The survey collected data on school attendance for age 5-24 and educational attainment for age 5 and above. Data extracted on 25 February 2025.,This data point is NOT APPLICABLE for the submitting nation.,0.0
2005,SE_AWP_CPRA,231,None,None,U,None,ISCED11_1,RO,2025-03-05T00:00:00,A,0,2016,Ethiopia DHS 2016. The survey collected data on school attendance for age 5-24 and educational attainment for age 5 and above. Data extracted on 25 February 2025.,This data point is NOT APPLICABLE for the submitting nation.,0.0
2011,SE_AWP_CPRA,231,None,None,U,None,ISCED11_1,RO,2025-03-05T00:00:00,A,0,2016,Ethiopia DHS 2016. The survey collected data on school attendance for age 5-24 and educational attainment for age 5 and above. Data extracted on 25 February 2025.,This data point is NOT APPLICABLE for the submitting nation.,0.78683
2016,SE_AWP_CPRA,231,None,None,U,None,ISCED11_1,RO,2025-03-05T00:00:00,A,0,2016,Ethiopia DHS 2016. The survey collected data on school attendance for age 5-24 and educational attainment for age 5 and above. Data extracted on 25 February 2025.,This data point is NOT APPLICABLE for the submitting nation.,1.11173
2000,SE_AWP_CPRA,231,None,None,U,None,ISCED11_2,RO,2025-03-05T00:00:00,A,0,2016,Ethiopia DHS 2016. The survey collected data on school attendance for age 5-24 and educational attainment for age 5 and above. Data extracted on 25 February 2025.,This data point is NOT APPLICABLE for the submitting nation.,0.0
2005,SE_AWP_CPRA,231,None,None,U,None,ISCED11_2,RO,2025-03-05T00:00:00,A,0,2016,Ethiopia DHS 2016. The survey collected data on school attendance for age 5-24 and educational attainment for age 5 and above. Data extracted on 25 February 2025.,This data point is NOT APPLICABLE for the submitting nation.,0.0
2011,SE_AWP_CPRA,231,None,None,U,None,ISCED11_2,RO,2025-03-05T00:00:00,A,0,2016,Ethiopia DHS 2016. The survey collected data on school attendance for age 5-24 and educational attainment for age 5 and above. Data extracted on 25 February 2025.,This data point is NOT APPLICABLE for the submitting nation.,0.0
2016,SE_AWP_CPRA,231,None,None,U,None,ISCED11_2,RO,2025-03-05T00:00:00,A,0,2016,Ethiopia DHS 2016. The survey collected data on school attendance for age 5-24 and educational attainment for age 5 and above. Data extracted on 25 February 2025.,This data point is NOT APPLICABLE for the submitting nation.,0.0
2000,SE_AWP_CPRA,231,None,None,U,None,ISCED11_3,RO,2025-03-05T00:00:00,A,0,2016,Ethiopia DHS 2016. The survey collected data on school attendance for age 5-24 and educational attainment for age 5 and above. Data extracted on 25 February 2025.,This data point is NOT APPLICABLE for the submitting nation.,0.0
2005,SE_AWP_CPRA,231,None,None,U,None,ISCED11_3,RO,2025-03-05T00:00:00,A,0,2016,Ethiopia DHS 2016. The survey collected data on school attendance for age 5-24 and educational attainment for age 5 and above. Data extracted on 25 February 2025.,This data point is NOT APPLICABLE for the submitting nation.,0.0
2011,SE_AWP_CPRA,231,None,None,U,None,ISCED11_3,RO,2025-03-05T00:00:00,A,0,2016,Ethiopia DHS 2016. The survey collected data on school attendance for age 5-24 and educational attainment for age 5 and above. Data extracted on 25 February 2025.,This data point is NOT APPLICABLE for the submitting nation.,0.0
2016,SE_AWP_CPRA,231,None,None,U,None,ISCED11_3,RO,2025-03-05T00:00:00,A,0,2016,Ethiopia DHS 2016. The survey collected data on school attendance for age 5-24 and educational attainment for age 5 and above. Data extracted on 25 February 2025.,This data point is NOT APPLICABLE for the submitting nation.,0.0
2000,SE_AWP_CPRA,231,F,None,None,None,ISCED11_1,RO,2025-03-05T00:00:00,A,0,2016,Ethiopia DHS 2016. The survey collected data on school attendance for age 5-24 and educational attainment for age 5 and above. Data extracted on 25 February 2025.,This data point is NOT APPLICABLE for the submitting nation.,0.0
2005,SE_AWP_CPRA,231,F,None,None,None,ISCED11_1,RO,2025-03-05T00:00:00,A,0,2016,Ethiopia DHS 2016. The survey collected data on school attendance for age 5-24 and educational attainment for age 5 and above. Data extracted on 25 February 2025.,This data point is NOT APPLICABLE for the submitting nation.,0.11541
2011,SE_AWP_CPRA,231,F,None,None,None,ISCED11_1,RO,2025-03-05T00:00:00,A,0,2016,Ethiopia DHS 2016. The survey collected data on school attendance for age 5-24 and educational attainment for age 5 and above. Data extracted on 25 February 2025.,This data point is NOT APPLICABLE for the submitting nation.,0.3099
2016,SE_AWP_CPRA,231,F,None,None,None,ISCED11_1,RO,2025-03-05T00:00:00,A,0,2016,Ethiopia DHS 2016. The survey collected data on school attendance for age 5-24 and educational attainment for age 5 and above. Data extracted on 25 February 2025.,This data point is NOT APPLICABLE for the submitting nation.,0.35276
2000,SE_AWP_CPRA,231,F,None,None,None,ISCED11_2,RO,2025-03-05T00:00:00,A,0,2016,Ethiopia DHS 2016. The survey collected data on school attendance for age 5-24 and educational attainment for age 5 and above. Data extracted on 25 February 2025.,This data point is NIL for the submitting nation.,0.0
2005,SE_AWP_CPRA,231,F,None,None,None,ISCED11_2,RO,2025-03-05T00:00:00,A,0,2016,Ethiopia DHS 2016. The survey collected data on school attendance for age 5-24 and educational attainment for age 5 and above. Data extracted on 25 February 2025.,This data point is NIL for the submitting nation.,0.0
2011,SE_AWP_CPRA,231,F,None,None,None,ISCED11_2,RO,2025-03-05T00:00:00,A,0,2016,Ethiopia DHS 2016. The survey collected data on school attendance for age 5-24 and educational attainment for age 5 and above. Data extracted on 25 February 2025.,This data point is NIL for the submitting nation.,0.05424
2016,SE_AWP_CPRA,231,F,None,None,None,ISCED11_2,RO,2025-03-05T00:00:00,A,0,2016,Ethiopia DHS 2016. The survey collected data on school attendance for age 5-24 and educational attainment for age 5 and above. Data extracted on 25 February 2025.,This data point is NIL for the submitting nation.,0.10486
2000,SE_AWP_CPRA,231,F,None,None,None,ISCED11_3,RO,2025-03-05T00:00:00,A,0,2016,Ethiopia DHS 2016. The survey collected data on school attendance for age 5-24 and educational attainment for age 5 and above. Data extracted on 25 February 2025.,This data point is NIL for the submitting nation.,0.0
2005,SE_AWP_CPRA,231,F,None,None,None,ISCED11_3,RO,2025-03-05T00:00:00,A,0,2016,Ethiopia DHS 2016. The survey collected data on school attendance for age 5-24 and educational attainment for age 5 and above. Data extracted on 25 February 2025.,This data point is NIL for the submitting nation.,0.0
2011,SE_AWP_CPRA,231,F,None,None,None,ISCED11_3,RO,2025-03-05T00:00:00,A,0,2016,Ethiopia DHS 2016. The survey collected data on school attendance for age 5-24 and educational attainment for age 5 and above. Data extracted on 25 February 2025.,This data point is NIL for the submitting nation.,0.0
2016,SE_AWP_CPRA,231,F,None,None,None,ISCED11_3,RO,2025-03-05T00:00:00,A,0,2016,Ethiopia DHS 2016. The survey collected data on school attendance for age 5-24 and educational attainment for age 5 and above. Data extracted on 25 February 2025.,This data point is NIL for the submitting nation.,0.05463
2000,SE_AWP_CPRA,231,F,None,R,None,ISCED11_1,RO,2025-03-05T00:00:00,A,0,2016,Ethiopia DHS 2016. The survey collected data on school attendance for age 5-24 and educational attainment for age 5 and above. Data extracted on 25 February 2025.,This data point is NOT APPLICABLE for the submitting nation.,0.0
2005,SE_AWP_CPRA,231,F,None,R,None,ISCED11_1,RO,2025-03-05T00:00:00,A,0,2016,Ethiopia DHS 2016. The survey collected data on school attendance for age 5-24 and educational attainment for age 5 and above. Data extracted on 25 February 2025.,This data point is NOT APPLICABLE for the submitting nation.,0.1847
2011,SE_AWP_CPRA,231,F,None,R,None,ISCED11_1,RO,2025-03-05T00:00:00,A,0,2016,Ethiopia DHS 2016. The survey collected data on school attendance for age 5-24 and educational attainment for age 5 and above. Data extracted on 25 February 2025.,This data point is NOT APPLICABLE for the submitting nation.,0.37866
2016,SE_AWP_CPRA,231,F,None,R,None,ISCED11_1,RO,2025-03-05T00:00:00,A,0,2016,Ethiopia DHS 2016. The survey collected data on school attendance for age 5-24 and educational attainment for age 5 and above. Data extracted on 25 February 2025.,This data point is NOT APPLICABLE for the submitting nation.,0.40544
2000,SE_AWP_CPRA,231,F,None,R,None,ISCED11_2,RO,2025-03-05T00:00:00,A,0,2016,Ethiopia DHS 2016. The survey collected data on school attendance for age 5-24 and educational attainment for age 5 and above. Data extracted on 25 February 2025.,This data point is NIL for the submitting nation.,0.0
2005,SE_AWP_CPRA,231,F,None,R,None,ISCED11_2,RO,2025-03-05T00:00:00,A,0,2016,Ethiopia DHS 2016. The survey collected data on school attendance for age 5-24 and educational attainment for age 5 and above. Data extracted on 25 February 2025.,This data point is NIL for the submitting nation.,0.0
2011,SE_AWP_CPRA,231,F,None,R,None,ISCED11_2,RO,2025-03-05T00:00:00,A,0,2016,Ethiopia DHS 2016. The survey collected data on school attendance for age 5-24 and educational attainment for age 5 and above. Data extracted on 25 February 2025.,This data point is NIL for the submitting nation.,0.07459
2016,SE_AWP_CPRA,231,F,None,R,None,ISCED11_2,RO,2025-03-05T00:00:00,A,0,2016,Ethiopia DHS 2016. The survey collected data on school attendance for age 5-24 and educational attainment for age 5 and above. Data extracted on 25 February 2025.,This data point is NIL for the submitting nation.,0.17288
2000,SE_AWP_CPRA,231,F,None,R,None,ISCED11_3,RO,2025-03-05T00:00:00,A,0,2016,Ethiopia DHS 2016. The survey collected data on school attendance for age 5-24 and educational attainment for age 5 and above. Data extracted on 25 February 2025.,This data point is NIL for the submitting nation.,0.0
2005,SE_AWP_CPRA,231,F,None,R,None,ISCED11_3,RO,2025-03-05T00:00:00,A,0,2016,Ethiopia DHS 2016. The survey collected data on school attendance for age 5-24 and educational attainment for age 5 and above. Data extracted on 25 February 2025.,This data point is NIL for the submitting nation.,0.0
2011,SE_AWP_CPRA,231,F,None,R,None,ISCED11_3,RO,2025-03-05T00:00:00,A,0,2016,Ethiopia DHS 2016. The survey collected data on school attendance for age 5-24 and educational attainment for age 5 and above. Data extracted on 25 February 2025.,This data point is NIL for the submitting nation.,0.0
2016,SE_AWP_CPRA,231,F,None,R,None,ISCED11_3,RO,2025-03-05T00:00:00,A,0,2016,Ethiopia DHS 2016. The survey collected data on school attendance for age 5-24 and educational attainment for age 5 and above. Data extracted on 25 February 2025.,This data point is NIL for the submitting nation.,0.18399
2000,SE_AWP_CPRA,231,F,None,U,None,ISCED11_1,RO,2025-03-05T00:00:00,A,0,2016,Ethiopia DHS 2016. The survey collected data on school attendance for age 5-24 and educational attainment for age 5 and above. Data extracted on 25 February 2025.,This data point is NOT APPLICABLE for the submitting nation.,0.0
2005,SE_AWP_CPRA,231,F,None,U,None,ISCED11_1,RO,2025-03-05T00:00:00,A,0,2016,Ethiopia DHS 2016. The survey collected data on school attendance for age 5-24 and educational attainment for age 5 and above. Data extracted on 25 February 2025.,This data point is NOT APPLICABLE for the submitting nation.,0.0
2011,SE_AWP_CPRA,231,F,None,U,None,ISCED11_1,RO,2025-03-05T00:00:00,A,0,2016,Ethiopia DHS 2016. The survey collected data on school attendance for age 5-24 and educational attainment for age 5 and above. Data extracted on 25 February 2025.,This data point is NOT APPLICABLE for the submitting nation.,0.0
2016,SE_AWP_CPRA,231,F,None,U,None,ISCED11_1,RO,2025-03-05T00:00:00,A,0,2016,Ethiopia DHS 2016. The survey collected data on school attendance for age 5-24 and educational attainment for age 5 and above. Data extracted on 25 February 2025.,This data point is NOT APPLICABLE for the submitting nation.,0.0
2000,SE_AWP_CPRA,231,F,None,U,None,ISCED11_2,RO,2025-03-05T00:00:00,A,0,2016,Ethiopia DHS 2016. The survey collected data on school attendance for age 5-24 and educational attainment for age 5 and above. Data extracted on 25 February 2025.,This data point is NOT APPLICABLE for the submitting nation.,0.0
2005,SE_AWP_CPRA,231,F,None,U,None,ISCED11_2,RO,2025-03-05T00:00:00,A,0,2016,Ethiopia DHS 2016. The survey collected data on school attendance for age 5-24 and educational attainment for age 5 and above. Data extracted on 25 February 2025.,This data point is NOT APPLICABLE for the submitting nation.,0.0
2011,SE_AWP_CPRA,231,F,None,U,None,ISCED11_2,RO,2025-03-05T00:00:00,A,0,2016,Ethiopia DHS 2016. The survey collected data on school attendance for age 5-24 and educational attainment for age 5 and above. Data extracted on 25 February 2025.,This data point is NOT APPLICABLE for the submitting nation.,0.0
2016,SE_AWP_CPRA,231,F,None,U,None,ISCED11_2,RO,2025-03-05T00:00:00,A,0,2016,Ethiopia DHS 2016. The survey collected data on school attendance for age 5-24 and educational attainment for age 5 and above. Data extracted on 25 February 2025.,This data point is NOT APPLICABLE for the submitting nation.,0.0
2000,SE_AWP_CPRA,231,F,None,U,None,ISCED11_3,RO,2025-03-05T00:00:00,A,0,2016,Ethiopia DHS 2016. The survey collected data on school attendance for age 5-24 and educational attainment for age 5 and above. Data extracted on 25 February 2025.,This data point is NOT APPLICABLE for the submitting nation.,0.0
2005,SE_AWP_CPRA,231,F,None,U,None,ISCED11_3,RO,2025-03-05T00:00:00,A,0,2016,Ethiopia DHS 2016. The survey collected data on school attendance for age 5-24 and educational attainment for age 5 and above. Data extracted on 25 February 2025.,This data point is NOT APPLICABLE for the submitting nation.,0.0
2011,SE_AWP_CPRA,231,F,None,U,None,ISCED11_3,RO,2025-03-05T00:00:00,A,0,2016,Ethiopia DHS 2016. The survey collected data on school attendance for age 5-24 and educational attainment for age 5 and above. Data extracted on 25 February 2025.,This data point is NOT APPLICABLE for the submitting nation.,0.0
2016,SE_AWP_CPRA,231,F,None,U,None,ISCED11_3,RO,2025-03-05T00:00:00,A,0,2016,Ethiopia DHS 2016. The survey collected data on school attendance for age 5-24 and educational attainment for age 5 and above. Data extracted on 25 February 2025.,This data point is NOT APPLICABLE for the submitting nation.,0.0
2000,SE_AWP_CPRA,231,M,None,None,None,ISCED11_1,RO,2025-03-05T00:00:00,A,0,2016,Ethiopia DHS 2016. The survey collected data on school attendance for age 5-24 and educational attainment for age 5 and above. Data extracted on 25 February 2025.,This data point is NOT APPLICABLE for the submitting nation.,0.0
2005,SE_AWP_CPRA,231,M,None,None,None,ISCED11_1,RO,2025-03-05T00:00:00,A,0,2016,Ethiopia DHS 2016. The survey collected data on school attendance for age 5-24 and educational attainment for age 5 and above. Data extracted on 25 February 2025.,This data point is NOT APPLICABLE for the submitting nation.,0.15767
2011,SE_AWP_CPRA,231,M,None,None,None,ISCED11_1,RO,2025-03-05T00:00:00,A,0,2016,Ethiopia DHS 2016. The survey collected data on school attendance for age 5-24 and educational attainment for age 5 and above. Data extracted on 25 February 2025.,This data point is NOT APPLICABLE for the submitting nation.,0.21623
2016,SE_AWP_CPRA,231,M,None,None,None,ISCED11_1,RO,2025-03-05T00:00:00,A,0,2016,Ethiopia DHS 2016. The survey collected data on school attendance for age 5-24 and educational attainment for age 5 and above. Data extracted on 25 February 2025.,This data point is NOT APPLICABLE for the submitting nation.,0.36023
2000,SE_AWP_CPRA,231,M,None,None,None,ISCED11_2,RO,2025-03-05T00:00:00,A,0,2016,Ethiopia DHS 2016. The survey collected data on school attendance for age 5-24 and educational attainment for age 5 and above. Data extracted on 25 February 2025.,This data point is NOT APPLICABLE for the submitting nation.,0.0
2005,SE_AWP_CPRA,231,M,None,None,None,ISCED11_2,RO,2025-03-05T00:00:00,A,0,2016,Ethiopia DHS 2016. The survey collected data on school attendance for age 5-24 and educational attainment for age 5 and above. Data extracted on 25 February 2025.,This data point is NOT APPLICABLE for the submitting nation.,0.01321
2011,SE_AWP_CPRA,231,M,None,None,None,ISCED11_2,RO,2025-03-05T00:00:00,A,0,2016,Ethiopia DHS 2016. The survey collected data on school attendance for age 5-24 and educational attainment for age 5 and above. Data extracted on 25 February 2025.,This data point is NOT APPLICABLE for the submitting nation.,0.01699
2016,SE_AWP_CPRA,231,M,None,None,None,ISCED11_2,RO,2025-03-05T00:00:00,A,0,2016,Ethiopia DHS 2016. The survey collected data on school attendance for age 5-24 and educational attainment for age 5 and above. Data extracted on 25 February 2025.,This data point is NOT APPLICABLE for the submitting nation.,0.05952
2000,SE_AWP_CPRA,231,M,None,None,None,ISCED11_3,RO,2025-03-05T00:00:00,A,0,2016,Ethiopia DHS 2016. The survey collected data on school attendance for age 5-24 and educational attainment for age 5 and above. Data extracted on 25 February 2025.,This data point is NOT APPLICABLE for the submitting nation.,0.0
2005,SE_AWP_CPRA,231,M,None,None,None,ISCED11_3,RO,2025-03-05T00:00:00,A,0,2016,Ethiopia DHS 2016. The survey collected data on school attendance for age 5-24 and educational attainment for age 5 and above. Data extracted on 25 February 2025.,This data point is NOT APPLICABLE for the submitting nation.,0.0009
2011,SE_AWP_CPRA,231,M,None,None,None,ISCED11_3,RO,2025-03-05T00:00:00,A,0,2016,Ethiopia DHS 2016. The survey collected data on school attendance for age 5-24 and educational attainment for age 5 and above. Data extracted on 25 February 2025.,This data point is NOT APPLICABLE for the submitting nation.,0.02507
2016,SE_AWP_CPRA,231,M,None,None,None,ISCED11_3,RO,2025-03-05T00:00:00,A,0,2016,Ethiopia DHS 2016. The survey collected data on school attendance for age 5-24 and educational attainment for age 5 and above. Data extracted on 25 February 2025.,This data point is NOT APPLICABLE for the submitting nation.,0.04667
2000,SE_AWP_CPRA,231,M,None,R,None,ISCED11_1,RO,2025-03-05T00:00:00,A,0,2016,Ethiopia DHS 2016. The survey collected data on school attendance for age 5-24 and educational attainment for age 5 and above. Data extracted on 25 February 2025.,This data point is NOT APPLICABLE for the submitting nation.,0.0
2005,SE_AWP_CPRA,231,M,None,R,None,ISCED11_1,RO,2025-03-05T00:00:00,A,0,2016,Ethiopia DHS 2016. The survey collected data on school attendance for age 5-24 and educational attainment for age 5 and above. Data extracted on 25 February 2025.,This data point is NOT APPLICABLE for the submitting nation.,0.24128
2011,SE_AWP_CPRA,231,M,None,R,None,ISCED11_1,RO,2025-03-05T00:00:00,A,0,2016,Ethiopia DHS 2016. The survey collected data on school attendance for age 5-24 and educational attainment for age 5 and above. Data extracted on 25 February 2025.,This data point is NOT APPLICABLE for the submitting nation.,0.31303
2016,SE_AWP_CPRA,231,M,None,R,None,ISCED11_1,RO,2025-03-05T00:00:00,A,0,2016,Ethiopia DHS 2016. The survey collected data on school attendance for age 5-24 and educational attainment for age 5 and above. Data extracted on 25 February 2025.,This data point is NOT APPLICABLE for the submitting nation.,0.36649
2000,SE_AWP_CPRA,231,M,None,R,None,ISCED11_2,RO,2025-03-05T00:00:00,A,0,2016,Ethiopia DHS 2016. The survey collected data on school attendance for age 5-24 and educational attainment for age 5 and above. Data extracted on 25 February 2025.,This data point is NOT APPLICABLE for the submitting nation.,0.0
2005,SE_AWP_CPRA,231,M,None,R,None,ISCED11_2,RO,2025-03-05T00:00:00,A,0,2016,Ethiopia DHS 2016. The survey collected data on school attendance for age 5-24 and educational attainment for age 5 and above. Data extracted on 25 February 2025.,This data point is NOT APPLICABLE for the submitting nation.,0.02553
2011,SE_AWP_CPRA,231,M,None,R,None,ISCED11_2,RO,2025-03-05T00:00:00,A,0,2016,Ethiopia DHS 2016. The survey collected data on school attendance for age 5-24 and educational attainment for age 5 and above. Data extracted on 25 February 2025.,This data point is NOT APPLICABLE for the submitting nation.,0.02785
2016,SE_AWP_CPRA,231,M,None,R,None,ISCED11_2,RO,2025-03-05T00:00:00,A,0,2016,Ethiopia DHS 2016. The survey collected data on school attendance for age 5-24 and educational attainment for age 5 and above. Data extracted on 25 February 2025.,This data point is NOT APPLICABLE for the submitting nation.,0.10274
2000,SE_AWP_CPRA,231,M,None,R,None,ISCED11_3,RO,2025-03-05T00:00:00,A,0,2016,Ethiopia DHS 2016. The survey collected data on school attendance for age 5-24 and educational attainment for age 5 and above. Data extracted on 25 February 2025.,This data point is NOT APPLICABLE for the submitting nation.,0.0
2005,SE_AWP_CPRA,231,M,None,R,None,ISCED11_3,RO,2025-03-05T00:00:00,A,0,2016,Ethiopia DHS 2016. The survey collected data on school attendance for age 5-24 and educational attainment for age 5 and above. Data extracted on 25 February 2025.,This data point is NOT APPLICABLE for the submitting nation.,0.00261
2011,SE_AWP_CPRA,231,M,None,R,None,ISCED11_3,RO,2025-03-05T00:00:00,A,0,2016,Ethiopia DHS 2016. The survey collected data on school attendance for age 5-24 and educational attainment for age 5 and above. Data extracted on 25 February 2025.,This data point is NOT APPLICABLE for the submitting nation.,0.01859
2016,SE_AWP_CPRA,231,M,None,R,None,ISCED11_3,RO,2025-03-05T00:00:00,A,0,2016,Ethiopia DHS 2016. The survey collected data on school attendance for age 5-24 and educational attainment for age 5 and above. Data extracted on 25 February 2025.,This data point is NOT APPLICABLE for the submitting nation.,0.07076
2000,SE_AWP_CPRA,231,M,None,U,None,ISCED11_1,RO,2025-03-05T00:00:00,A,0,2016,Ethiopia DHS 2016. The survey collected data on school attendance for age 5-24 and educational attainment for age 5 and above. Data extracted on 25 February 2025.,This data point is NOT APPLICABLE for the submitting nation.,0.0
2005,SE_AWP_CPRA,231,M,None,U,None,ISCED11_1,RO,2025-03-05T00:00:00,A,0,2016,Ethiopia DHS 2016. The survey collected data on school attendance for age 5-24 and educational attainment for age 5 and above. Data extracted on 25 February 2025.,This data point is NOT APPLICABLE for the submitting nation.,0.0
2011,SE_AWP_CPRA,231,M,None,U,None,ISCED11_1,RO,2025-03-05T00:00:00,A,0,2016,Ethiopia DHS 2016. The survey collected data on school attendance for age 5-24 and educational attainment for age 5 and above. Data extracted on 25 February 2025.,This data point is NOT APPLICABLE for the submitting nation.,0.0
2016,SE_AWP_CPRA,231,M,None,U,None,ISCED11_1,RO,2025-03-05T00:00:00,A,0,2016,Ethiopia DHS 2016. The survey collected data on school attendance for age 5-24 and educational attainment for age 5 and above. Data extracted on 25 February 2025.,This data point is NOT APPLICABLE for the submitting nation.,0.0
2000,SE_AWP_CPRA,231,M,None,U,None,ISCED11_2,RO,2025-03-05T00:00:00,A,0,2016,Ethiopia DHS 2016. The survey collected data on school attendance for age 5-24 and educational attainment for age 5 and above. Data extracted on 25 February 2025.,This data point is NOT APPLICABLE for the submitting nation.,0.0
2005,SE_AWP_CPRA,231,M,None,U,None,ISCED11_2,RO,2025-03-05T00:00:00,A,0,2016,Ethiopia DHS 2016. The survey collected data on school attendance for age 5-24 and educational attainment for age 5 and above. Data extracted on 25 February 2025.,This data point is NOT APPLICABLE for the submitting nation.,0.0
2011,SE_AWP_CPRA,231,M,None,U,None,ISCED11_2,RO,2025-03-05T00:00:00,A,0,2016,Ethiopia DHS 2016. The survey collected data on school attendance for age 5-24 and educational attainment for age 5 and above. Data extracted on 25 February 2025.,This data point is NOT APPLICABLE for the submitting nation.,0.0
2016,SE_AWP_CPRA,231,M,None,U,None,ISCED11_2,RO,2025-03-05T00:00:00,A,0,2016,Ethiopia DHS 2016. The survey collected data on school attendance for age 5-24 and educational attainment for age 5 and above. Data extracted on 25 February 2025.,This data point is NOT APPLICABLE for the submitting nation.,0.0
2000,SE_AWP_CPRA,231,M,None,U,None,ISCED11_3,RO,2025-03-05T00:00:00,A,0,2016,Ethiopia DHS 2016. The survey collected data on school attendance for age 5-24 and educational attainment for age 5 and above. Data extracted on 25 February 2025.,This data point is NOT APPLICABLE for the submitting nation.,0.0
2005,SE_AWP_CPRA,231,M,None,U,None,ISCED11_3,RO,2025-03-05T00:00:00,A,0,2016,Ethiopia DHS 2016. The survey collected data on school attendance for age 5-24 and educational attainment for age 5 and above. Data extracted on 25 February 2025.,This data point is NOT APPLICABLE for the submitting nation.,0.0
2011,SE_AWP_CPRA,231,M,None,U,None,ISCED11_3,RO,2025-03-05T00:00:00,A,0,2016,Ethiopia DHS 2016. The survey collected data on school attendance for age 5-24 and educational attainment for age 5 and above. Data extracted on 25 February 2025.,This data point is NOT APPLICABLE for the submitting nation.,0.0
2016,SE_AWP_CPRA,231,M,None,U,None,ISCED11_3,RO,2025-03-05T00:00:00,A,0,2016,Ethiopia DHS 2016. The survey collected data on school attendance for age 5-24 and educational attainment for age 5 and above. Data extracted on 25 February 2025.,This data point is NOT APPLICABLE for the submitting nation.,0.0
2013,SE_GPI_PART,231,None,Y15T24,None,None,None,RO,2025-03-11T00:00:00,A,0,2021,UIS based on UIS based on ETH - LFS - National Labor Force Survey; Repository: ILO-STATISTICS - Micro data processing - Age coverage - minimum age: 15 years old - Age coverage - maximum age: None Data extracted on 25 February 2025.,,0.83352
2021,SE_GPI_PART,231,None,Y15T24,None,None,None,RO,2025-03-11T00:00:00,A,0,2021,UIS based on UIS based on ETH - LFS - National Labor Force Survey; Repository: ILO-STATISTICS - Micro data processing - Age coverage - minimum age: 15 years old - Age coverage - maximum age: None Data extracted on 25 February 2025.,,0.80079
2013,SE_GPI_PART,231,None,Y15T64,None,None,None,RO,2025-03-11T00:00:00,A,0,2021,UIS based on UIS based on ETH - LFS - National Labor Force Survey; Repository: ILO-STATISTICS - Micro data processing - Age coverage - minimum age: 15 years old - Age coverage - maximum age: None Data extracted on 25 February 2025.,,0.77223
2021,SE_GPI_PART,231,None,Y15T64,None,None,None,RO,2025-03-11T00:00:00,A,0,2021,UIS based on UIS based on ETH - LFS - National Labor Force Survey; Repository: ILO-STATISTICS - Micro data processing - Age coverage - minimum age: 15 years old - Age coverage - maximum age: None Data extracted on 25 February 2025.,,0.7262
2013,SE_GPI_PART,231,None,Y25T54,None,None,None,RO,2025-03-11T00:00:00,A,0,2021,UIS based on UIS based on ETH - LFS - National Labor Force Survey; Repository: ILO-STATISTICS - Micro data processing - Age coverage - minimum age: 15 years old - Age coverage - maximum age: None Data extracted on 25 February 2025.,,0.5019
2021,SE_GPI_PART,231,None,Y25T54,None,None,None,RO,2025-03-11T00:00:00,A,0,2021,UIS based on UIS based on ETH - LFS - National Labor Force Survey; Repository: ILO-STATISTICS - Micro data processing - Age coverage - minimum age: 15 years old - Age coverage - maximum age: None Data extracted on 25 February 2025.,,0.47352
2013,SE_GPI_PART,231,None,Y55T64,None,None,None,RO,2025-03-11T00:00:00,A,0,2021,UIS based on UIS based on ETH - LFS - National Labor Force Survey; Repository: ILO-STATISTICS - Micro data processing - Age coverage - minimum age: 15 years old - Age coverage - maximum age: None Data extracted on 25 February 2025.,,0.29123
2021,SE_GPI_PART,231,None,Y55T64,None,None,None,RO,2025-03-11T00:00:00,A,0,2021,UIS based on UIS based on ETH - LFS - National Labor Force Survey; Repository: ILO-STATISTICS - Micro data processing - Age coverage - minimum age: 15 years old - Age coverage - maximum age: None Data extracted on 25 February 2025.,,0.28827
2012,SE_GPI_PTNPRE,231,None,None,None,None,None,RO,2025-03-05T00:00:00,A,0,2021,Source: UIS Dynamic template based on UIS Education Survey Data extracted on 25 February 2025.,,1.11143
2014,SE_GPI_PTNPRE,231,None,None,None,None,None,RO,2025-03-05T00:00:00,A,0,2021,Source: UIS Dynamic template based on UIS Education Survey Data extracted on 25 February 2025.,,0.9365
2015,SE_GPI_PTNPRE,231,None,None,None,None,None,RO,2025-03-05T00:00:00,A,0,2021,Source: UIS Dynamic template based on UIS Education Survey Data extracted on 25 February 2025.,,0.94671
2021,SE_GPI_PTNPRE,231,None,None,None,None,None,RO,2025-03-05T00:00:00,A,0,2021,Source: UIS Dynamic template based on UIS Education Survey Data extracted on 25 February 2025.,,0.94962
2008,SE_GPI_TCAQ,231,None,None,None,None,AGG_2_3,RO,2025-03-05T00:00:00,A,0,2008,SOURCE: UIS Education Survey Data extracted on 25 February 2025.,,1.05249
2000,SE_GPI_TCAQ,231,None,None,None,None,ISCED11_02,RO,2025-03-05T00:00:00,A,0,2008,SOURCE: UIS Education Survey Data extracted on 25 February 2025.,,1.1937
2001,SE_GPI_TCAQ,231,None,None,None,None,ISCED11_02,RO,2025-03-05T00:00:00,A,0,2008,SOURCE: UIS Education Survey Data extracted on 25 February 2025.,,1.14306
2002,SE_GPI_TCAQ,231,None,None,None,None,ISCED11_02,RO,2025-03-05T00:00:00,A,0,2008,SOURCE: UIS Education Survey Data extracted on 25 February 2025.,,1.16282
2003,SE_GPI_TCAQ,231,None,None,None,None,ISCED11_02,RO,2025-03-05T00:00:00,A,0,2008,SOURCE: UIS Education Survey Data extracted on 25 February 2025.,,1.17516
2004,SE_GPI_TCAQ,231,None,None,None,None,ISCED11_02,RO,2025-03-05T00:00:00,A,0,2008,SOURCE: UIS Education Survey Data extracted on 25 February 2025.,,1.20322
2005,SE_GPI_TCAQ,231,None,None,None,None,ISCED11_02,RO,2025-03-05T00:00:00,A,0,2008,SOURCE: UIS Education Survey Data extracted on 25 February 2025.,,1.14401
2006,SE_GPI_TCAQ,231,None,None,None,None,ISCED11_02,RO,2025-03-05T00:00:00,A,0,2008,SOURCE: UIS Education Survey Data extracted on 25 February 2025.,,1.81578
2007,SE_GPI_TCAQ,231,None,None,None,None,ISCED11_02,RO,2025-03-05T00:00:00,A,0,2008,SOURCE: UIS Education Survey Data extracted on 25 February 2025.,,1.87888
2008,SE_GPI_TCAQ,231,None,None,None,None,ISCED11_02,RO,2025-03-05T00:00:00,A,0,2008,SOURCE: UIS Education Survey Data extracted on 25 February 2025.,,1.88816
2008,SE_GPI_TCAQ,231,None,None,None,None,ISCED11_1,RO,2025-03-05T00:00:00,A,0,2009,SOURCE: UIS Education Survey Data extracted on 25 February 2025.,,1.06657
2009,SE_GPI_TCAQ,231,None,None,None,None,ISCED11_1,RO,2025-03-05T00:00:00,A,0,2009,SOURCE: UIS Education Survey Data extracted on 25 February 2025.,,1.07835
2008,SE_GPI_TCAQ,231,None,None,None,None,ISCED11_2,RO,2025-03-05T00:00:00,A,0,2011,SOURCE: UIS Education Survey Data extracted on 25 February 2025.,,1.09113
2009,SE_GPI_TCAQ,231,None,None,None,None,ISCED11_2,RO,2025-03-05T00:00:00,A,0,2011,SOURCE: UIS Education Survey Data extracted on 25 February 2025.,,1.05602
2010,SE_GPI_TCAQ,231,None,None,None,None,ISCED11_2,RO,2025-03-05T00:00:00,A,0,2011,SOURCE: UIS Education Survey Data extracted on 25 February 2025.,,0.87447
2011,SE_GPI_TCAQ,231,None,None,None,None,ISCED11_2,RO,2025-03-05T00:00:00,A,0,2011,SOURCE: UIS Education Survey Data extracted on 25 February 2025.,,0.74246
2008,SE_GPI_TCAQ,231,None,None,None,None,ISCED11_3,RO,2025-03-05T00:00:00,A,0,2015,SOURCE: UIS Education Survey Data extracted on 25 February 2025.,,0.7444
2009,SE_GPI_TCAQ,231,None,None,None,None,ISCED11_3,RO,2025-03-05T00:00:00,A,0,2015,SOURCE: UIS Education Survey Data extracted on 25 February 2025.,,0.66283
2012,SE_GPI_TCAQ,231,None,None,None,None,ISCED11_3,RO,2025-03-05T00:00:00,A,0,2015,SOURCE: UIS Education Survey Data extracted on 25 February 2025.,,0.6748
2015,SE_GPI_TCAQ,231,None,None,None,None,ISCED11_3,RO,2025-03-05T00:00:00,A,0,2015,SOURCE: UIS Education Survey Data extracted on 25 February 2025.,,1.0
