Year,OBS_STATUS,UNIT_MULT,BASE_PER,COMMENT_OBS,SOURCE_DETAIL,SERIES,REF_AREA,COMPOSITE_BREAKDOWN,UNIT_MEASURE,DATA_LAST_UPDATE,TIME_DETAIL,Value
2000,A,6,2022,"Commitments by recipient country, in million USD at 2022 prices and exchange rates (using donor country deflators). The aggregated figures only include the historical list of developing countries with a few modifications to account for the shifting nature of international public finance.","DAC Statistics database, 2025, The Organisation for Economic Co-operation and Development (OECD) and IRENA Public Finance Database, 2025, The international Renewable Energy Agency (IRENA)",EG_IFF_RANDN,12,None,CON_USD,2025-03-14T00:00:00,2023,0.0
2001,A,6,2022,"Commitments by recipient country, in million USD at 2022 prices and exchange rates (using donor country deflators). The aggregated figures only include the historical list of developing countries with a few modifications to account for the shifting nature of international public finance.","DAC Statistics database, 2025, The Organisation for Economic Co-operation and Development (OECD) and IRENA Public Finance Database, 2025, The international Renewable Energy Agency (IRENA)",EG_IFF_RANDN,12,None,CON_USD,2025-03-14T00:00:00,2023,0.83
2002,A,6,2022,"Commitments by recipient country, in million USD at 2022 prices and exchange rates (using donor country deflators). The aggregated figures only include the historical list of developing countries with a few modifications to account for the shifting nature of international public finance.","DAC Statistics database, 2025, The Organisation for Economic Co-operation and Development (OECD) and IRENA Public Finance Database, 2025, The international Renewable Energy Agency (IRENA)",EG_IFF_RANDN,12,None,CON_USD,2025-03-14T00:00:00,2023,0.35
2003,A,6,2022,"Commitments by recipient country, in million USD at 2022 prices and exchange rates (using donor country deflators). The aggregated figures only include the historical list of developing countries with a few modifications to account for the shifting nature of international public finance.","DAC Statistics database, 2025, The Organisation for Economic Co-operation and Development (OECD) and IRENA Public Finance Database, 2025, The international Renewable Energy Agency (IRENA)",EG_IFF_RANDN,12,None,CON_USD,2025-03-14T00:00:00,2023,0.09
2004,A,6,2022,"Commitments by recipient country, in million USD at 2022 prices and exchange rates (using donor country deflators). The aggregated figures only include the historical list of developing countries with a few modifications to account for the shifting nature of international public finance.","DAC Statistics database, 2025, The Organisation for Economic Co-operation and Development (OECD) and IRENA Public Finance Database, 2025, The international Renewable Energy Agency (IRENA)",EG_IFF_RANDN,12,None,CON_USD,2025-03-14T00:00:00,2023,0.14
2005,A,6,2022,"Commitments by recipient country, in million USD at 2022 prices and exchange rates (using donor country deflators). The aggregated figures only include the historical list of developing countries with a few modifications to account for the shifting nature of international public finance.","DAC Statistics database, 2025, The Organisation for Economic Co-operation and Development (OECD) and IRENA Public Finance Database, 2025, The international Renewable Energy Agency (IRENA)",EG_IFF_RANDN,12,None,CON_USD,2025-03-14T00:00:00,2023,0.17
2006,A,6,2022,"Commitments by recipient country, in million USD at 2022 prices and exchange rates (using donor country deflators). The aggregated figures only include the historical list of developing countries with a few modifications to account for the shifting nature of international public finance.","DAC Statistics database, 2025, The Organisation for Economic Co-operation and Development (OECD) and IRENA Public Finance Database, 2025, The international Renewable Energy Agency (IRENA)",EG_IFF_RANDN,12,None,CON_USD,2025-03-14T00:00:00,2023,0.0
2007,A,6,2022,"Commitments by recipient country, in million USD at 2022 prices and exchange rates (using donor country deflators). The aggregated figures only include the historical list of developing countries with a few modifications to account for the shifting nature of international public finance.","DAC Statistics database, 2025, The Organisation for Economic Co-operation and Development (OECD) and IRENA Public Finance Database, 2025, The international Renewable Energy Agency (IRENA)",EG_IFF_RANDN,12,None,CON_USD,2025-03-14T00:00:00,2023,0.0
2008,A,6,2022,"Commitments by recipient country, in million USD at 2022 prices and exchange rates (using donor country deflators). The aggregated figures only include the historical list of developing countries with a few modifications to account for the shifting nature of international public finance.","DAC Statistics database, 2025, The Organisation for Economic Co-operation and Development (OECD) and IRENA Public Finance Database, 2025, The international Renewable Energy Agency (IRENA)",EG_IFF_RANDN,12,None,CON_USD,2025-03-14T00:00:00,2023,0.0
2009,A,6,2022,"Commitments by recipient country, in million USD at 2022 prices and exchange rates (using donor country deflators). The aggregated figures only include the historical list of developing countries with a few modifications to account for the shifting nature of international public finance.","DAC Statistics database, 2025, The Organisation for Economic Co-operation and Development (OECD) and IRENA Public Finance Database, 2025, The international Renewable Energy Agency (IRENA)",EG_IFF_RANDN,12,None,CON_USD,2025-03-14T00:00:00,2023,2.25
2010,A,6,2022,"Commitments by recipient country, in million USD at 2022 prices and exchange rates (using donor country deflators). The aggregated figures only include the historical list of developing countries with a few modifications to account for the shifting nature of international public finance.","DAC Statistics database, 2025, The Organisation for Economic Co-operation and Development (OECD) and IRENA Public Finance Database, 2025, The international Renewable Energy Agency (IRENA)",EG_IFF_RANDN,12,None,CON_USD,2025-03-14T00:00:00,2023,0.39
2011,A,6,2022,"Commitments by recipient country, in million USD at 2022 prices and exchange rates (using donor country deflators). The aggregated figures only include the historical list of developing countries with a few modifications to account for the shifting nature of international public finance.","DAC Statistics database, 2025, The Organisation for Economic Co-operation and Development (OECD) and IRENA Public Finance Database, 2025, The international Renewable Energy Agency (IRENA)",EG_IFF_RANDN,12,None,CON_USD,2025-03-14T00:00:00,2023,0.0
2012,A,6,2022,"Commitments by recipient country, in million USD at 2022 prices and exchange rates (using donor country deflators). The aggregated figures only include the historical list of developing countries with a few modifications to account for the shifting nature of international public finance.","DAC Statistics database, 2025, The Organisation for Economic Co-operation and Development (OECD) and IRENA Public Finance Database, 2025, The international Renewable Energy Agency (IRENA)",EG_IFF_RANDN,12,None,CON_USD,2025-03-14T00:00:00,2023,0.81
2013,A,6,2022,"Commitments by recipient country, in million USD at 2022 prices and exchange rates (using donor country deflators). The aggregated figures only include the historical list of developing countries with a few modifications to account for the shifting nature of international public finance.","DAC Statistics database, 2025, The Organisation for Economic Co-operation and Development (OECD) and IRENA Public Finance Database, 2025, The international Renewable Energy Agency (IRENA)",EG_IFF_RANDN,12,None,CON_USD,2025-03-14T00:00:00,2023,0.8
2014,A,6,2022,"Commitments by recipient country, in million USD at 2022 prices and exchange rates (using donor country deflators). The aggregated figures only include the historical list of developing countries with a few modifications to account for the shifting nature of international public finance.","DAC Statistics database, 2025, The Organisation for Economic Co-operation and Development (OECD) and IRENA Public Finance Database, 2025, The international Renewable Energy Agency (IRENA)",EG_IFF_RANDN,12,None,CON_USD,2025-03-14T00:00:00,2023,0.79
2015,A,6,2022,"Commitments by recipient country, in million USD at 2022 prices and exchange rates (using donor country deflators). The aggregated figures only include the historical list of developing countries with a few modifications to account for the shifting nature of international public finance.","DAC Statistics database, 2025, The Organisation for Economic Co-operation and Development (OECD) and IRENA Public Finance Database, 2025, The international Renewable Energy Agency (IRENA)",EG_IFF_RANDN,12,None,CON_USD,2025-03-14T00:00:00,2023,0.78
2016,A,6,2022,"Commitments by recipient country, in million USD at 2022 prices and exchange rates (using donor country deflators). The aggregated figures only include the historical list of developing countries with a few modifications to account for the shifting nature of international public finance.","DAC Statistics database, 2025, The Organisation for Economic Co-operation and Development (OECD) and IRENA Public Finance Database, 2025, The international Renewable Energy Agency (IRENA)",EG_IFF_RANDN,12,None,CON_USD,2025-03-14T00:00:00,2023,0.15
2017,A,6,2022,"Commitments by recipient country, in million USD at 2022 prices and exchange rates (using donor country deflators). The aggregated figures only include the historical list of developing countries with a few modifications to account for the shifting nature of international public finance.","DAC Statistics database, 2025, The Organisation for Economic Co-operation and Development (OECD) and IRENA Public Finance Database, 2025, The international Renewable Energy Agency (IRENA)",EG_IFF_RANDN,12,None,CON_USD,2025-03-14T00:00:00,2023,0.01
2018,A,6,2022,"Commitments by recipient country, in million USD at 2022 prices and exchange rates (using donor country deflators). The aggregated figures only include the historical list of developing countries with a few modifications to account for the shifting nature of international public finance.","DAC Statistics database, 2025, The Organisation for Economic Co-operation and Development (OECD) and IRENA Public Finance Database, 2025, The international Renewable Energy Agency (IRENA)",EG_IFF_RANDN,12,None,CON_USD,2025-03-14T00:00:00,2023,0.04
2019,A,6,2022,"Commitments by recipient country, in million USD at 2022 prices and exchange rates (using donor country deflators). The aggregated figures only include the historical list of developing countries with a few modifications to account for the shifting nature of international public finance.","DAC Statistics database, 2025, The Organisation for Economic Co-operation and Development (OECD) and IRENA Public Finance Database, 2025, The international Renewable Energy Agency (IRENA)",EG_IFF_RANDN,12,None,CON_USD,2025-03-14T00:00:00,2023,0.05
2020,A,6,2022,"Commitments by recipient country, in million USD at 2022 prices and exchange rates (using donor country deflators). The aggregated figures only include the historical list of developing countries with a few modifications to account for the shifting nature of international public finance.","DAC Statistics database, 2025, The Organisation for Economic Co-operation and Development (OECD) and IRENA Public Finance Database, 2025, The international Renewable Energy Agency (IRENA)",EG_IFF_RANDN,12,None,CON_USD,2025-03-14T00:00:00,2023,0.01
2021,A,6,2022,"Commitments by recipient country, in million USD at 2022 prices and exchange rates (using donor country deflators). The aggregated figures only include the historical list of developing countries with a few modifications to account for the shifting nature of international public finance.","DAC Statistics database, 2025, The Organisation for Economic Co-operation and Development (OECD) and IRENA Public Finance Database, 2025, The international Renewable Energy Agency (IRENA)",EG_IFF_RANDN,12,None,CON_USD,2025-03-14T00:00:00,2023,0.09
2022,A,6,2022,"Commitments by recipient country, in million USD at 2022 prices and exchange rates (using donor country deflators). The aggregated figures only include the historical list of developing countries with a few modifications to account for the shifting nature of international public finance.","DAC Statistics database, 2025, The Organisation for Economic Co-operation and Development (OECD) and IRENA Public Finance Database, 2025, The international Renewable Energy Agency (IRENA)",EG_IFF_RANDN,12,None,CON_USD,2025-03-14T00:00:00,2023,6.33
2023,A,6,2022,"Commitments by recipient country, in million USD at 2022 prices and exchange rates (using donor country deflators). The aggregated figures only include the historical list of developing countries with a few modifications to account for the shifting nature of international public finance.","DAC Statistics database, 2025, The Organisation for Economic Co-operation and Development (OECD) and IRENA Public Finance Database, 2025, The international Renewable Energy Agency (IRENA)",EG_IFF_RANDN,12,None,CON_USD,2025-03-14T00:00:00,2023,7.51
2000,A,6,2022,"Commitments by recipient country, in million USD at 2022 prices and exchange rates (using donor country deflators). The aggregated figures only include the historical list of developing countries with a few modifications to account for the shifting nature of international public finance.","DAC Statistics database, 2025, The Organisation for Economic Co-operation and Development (OECD) and IRENA Public Finance Database, 2025, The international Renewable Energy Agency (IRENA)",EG_IFF_RANDN,12,TRT_BIOENERGY,CON_USD,2025-03-14T00:00:00,2023,0.0
2001,A,6,2022,"Commitments by recipient country, in million USD at 2022 prices and exchange rates (using donor country deflators). The aggregated figures only include the historical list of developing countries with a few modifications to account for the shifting nature of international public finance.","DAC Statistics database, 2025, The Organisation for Economic Co-operation and Development (OECD) and IRENA Public Finance Database, 2025, The international Renewable Energy Agency (IRENA)",EG_IFF_RANDN,12,TRT_BIOENERGY,CON_USD,2025-03-14T00:00:00,2023,0.0
2002,A,6,2022,"Commitments by recipient country, in million USD at 2022 prices and exchange rates (using donor country deflators). The aggregated figures only include the historical list of developing countries with a few modifications to account for the shifting nature of international public finance.","DAC Statistics database, 2025, The Organisation for Economic Co-operation and Development (OECD) and IRENA Public Finance Database, 2025, The international Renewable Energy Agency (IRENA)",EG_IFF_RANDN,12,TRT_BIOENERGY,CON_USD,2025-03-14T00:00:00,2023,0.0
2003,A,6,2022,"Commitments by recipient country, in million USD at 2022 prices and exchange rates (using donor country deflators). The aggregated figures only include the historical list of developing countries with a few modifications to account for the shifting nature of international public finance.","DAC Statistics database, 2025, The Organisation for Economic Co-operation and Development (OECD) and IRENA Public Finance Database, 2025, The international Renewable Energy Agency (IRENA)",EG_IFF_RANDN,12,TRT_BIOENERGY,CON_USD,2025-03-14T00:00:00,2023,0.0
2004,A,6,2022,"Commitments by recipient country, in million USD at 2022 prices and exchange rates (using donor country deflators). The aggregated figures only include the historical list of developing countries with a few modifications to account for the shifting nature of international public finance.","DAC Statistics database, 2025, The Organisation for Economic Co-operation and Development (OECD) and IRENA Public Finance Database, 2025, The international Renewable Energy Agency (IRENA)",EG_IFF_RANDN,12,TRT_BIOENERGY,CON_USD,2025-03-14T00:00:00,2023,0.0
2005,A,6,2022,"Commitments by recipient country, in million USD at 2022 prices and exchange rates (using donor country deflators). The aggregated figures only include the historical list of developing countries with a few modifications to account for the shifting nature of international public finance.","DAC Statistics database, 2025, The Organisation for Economic Co-operation and Development (OECD) and IRENA Public Finance Database, 2025, The international Renewable Energy Agency (IRENA)",EG_IFF_RANDN,12,TRT_BIOENERGY,CON_USD,2025-03-14T00:00:00,2023,0.0
2006,A,6,2022,"Commitments by recipient country, in million USD at 2022 prices and exchange rates (using donor country deflators). The aggregated figures only include the historical list of developing countries with a few modifications to account for the shifting nature of international public finance.","DAC Statistics database, 2025, The Organisation for Economic Co-operation and Development (OECD) and IRENA Public Finance Database, 2025, The international Renewable Energy Agency (IRENA)",EG_IFF_RANDN,12,TRT_BIOENERGY,CON_USD,2025-03-14T00:00:00,2023,0.0
2007,A,6,2022,"Commitments by recipient country, in million USD at 2022 prices and exchange rates (using donor country deflators). The aggregated figures only include the historical list of developing countries with a few modifications to account for the shifting nature of international public finance.","DAC Statistics database, 2025, The Organisation for Economic Co-operation and Development (OECD) and IRENA Public Finance Database, 2025, The international Renewable Energy Agency (IRENA)",EG_IFF_RANDN,12,TRT_BIOENERGY,CON_USD,2025-03-14T00:00:00,2023,0.0
2008,A,6,2022,"Commitments by recipient country, in million USD at 2022 prices and exchange rates (using donor country deflators). The aggregated figures only include the historical list of developing countries with a few modifications to account for the shifting nature of international public finance.","DAC Statistics database, 2025, The Organisation for Economic Co-operation and Development (OECD) and IRENA Public Finance Database, 2025, The international Renewable Energy Agency (IRENA)",EG_IFF_RANDN,12,TRT_BIOENERGY,CON_USD,2025-03-14T00:00:00,2023,0.0
2009,A,6,2022,"Commitments by recipient country, in million USD at 2022 prices and exchange rates (using donor country deflators). The aggregated figures only include the historical list of developing countries with a few modifications to account for the shifting nature of international public finance.","DAC Statistics database, 2025, The Organisation for Economic Co-operation and Development (OECD) and IRENA Public Finance Database, 2025, The international Renewable Energy Agency (IRENA)",EG_IFF_RANDN,12,TRT_BIOENERGY,CON_USD,2025-03-14T00:00:00,2023,0.0
2010,A,6,2022,"Commitments by recipient country, in million USD at 2022 prices and exchange rates (using donor country deflators). The aggregated figures only include the historical list of developing countries with a few modifications to account for the shifting nature of international public finance.","DAC Statistics database, 2025, The Organisation for Economic Co-operation and Development (OECD) and IRENA Public Finance Database, 2025, The international Renewable Energy Agency (IRENA)",EG_IFF_RANDN,12,TRT_BIOENERGY,CON_USD,2025-03-14T00:00:00,2023,0.0
2011,A,6,2022,"Commitments by recipient country, in million USD at 2022 prices and exchange rates (using donor country deflators). The aggregated figures only include the historical list of developing countries with a few modifications to account for the shifting nature of international public finance.","DAC Statistics database, 2025, The Organisation for Economic Co-operation and Development (OECD) and IRENA Public Finance Database, 2025, The international Renewable Energy Agency (IRENA)",EG_IFF_RANDN,12,TRT_BIOENERGY,CON_USD,2025-03-14T00:00:00,2023,0.0
2012,A,6,2022,"Commitments by recipient country, in million USD at 2022 prices and exchange rates (using donor country deflators). The aggregated figures only include the historical list of developing countries with a few modifications to account for the shifting nature of international public finance.","DAC Statistics database, 2025, The Organisation for Economic Co-operation and Development (OECD) and IRENA Public Finance Database, 2025, The international Renewable Energy Agency (IRENA)",EG_IFF_RANDN,12,TRT_BIOENERGY,CON_USD,2025-03-14T00:00:00,2023,0.0
2013,A,6,2022,"Commitments by recipient country, in million USD at 2022 prices and exchange rates (using donor country deflators). The aggregated figures only include the historical list of developing countries with a few modifications to account for the shifting nature of international public finance.","DAC Statistics database, 2025, The Organisation for Economic Co-operation and Development (OECD) and IRENA Public Finance Database, 2025, The international Renewable Energy Agency (IRENA)",EG_IFF_RANDN,12,TRT_BIOENERGY,CON_USD,2025-03-14T00:00:00,2023,0.0
2014,A,6,2022,"Commitments by recipient country, in million USD at 2022 prices and exchange rates (using donor country deflators). The aggregated figures only include the historical list of developing countries with a few modifications to account for the shifting nature of international public finance.","DAC Statistics database, 2025, The Organisation for Economic Co-operation and Development (OECD) and IRENA Public Finance Database, 2025, The international Renewable Energy Agency (IRENA)",EG_IFF_RANDN,12,TRT_BIOENERGY,CON_USD,2025-03-14T00:00:00,2023,0.0
2015,A,6,2022,"Commitments by recipient country, in million USD at 2022 prices and exchange rates (using donor country deflators). The aggregated figures only include the historical list of developing countries with a few modifications to account for the shifting nature of international public finance.","DAC Statistics database, 2025, The Organisation for Economic Co-operation and Development (OECD) and IRENA Public Finance Database, 2025, The international Renewable Energy Agency (IRENA)",EG_IFF_RANDN,12,TRT_BIOENERGY,CON_USD,2025-03-14T00:00:00,2023,0.0
2016,A,6,2022,"Commitments by recipient country, in million USD at 2022 prices and exchange rates (using donor country deflators). The aggregated figures only include the historical list of developing countries with a few modifications to account for the shifting nature of international public finance.","DAC Statistics database, 2025, The Organisation for Economic Co-operation and Development (OECD) and IRENA Public Finance Database, 2025, The international Renewable Energy Agency (IRENA)",EG_IFF_RANDN,12,TRT_BIOENERGY,CON_USD,2025-03-14T00:00:00,2023,0.0
2017,A,6,2022,"Commitments by recipient country, in million USD at 2022 prices and exchange rates (using donor country deflators). The aggregated figures only include the historical list of developing countries with a few modifications to account for the shifting nature of international public finance.","DAC Statistics database, 2025, The Organisation for Economic Co-operation and Development (OECD) and IRENA Public Finance Database, 2025, The international Renewable Energy Agency (IRENA)",EG_IFF_RANDN,12,TRT_BIOENERGY,CON_USD,2025-03-14T00:00:00,2023,0.0
2018,A,6,2022,"Commitments by recipient country, in million USD at 2022 prices and exchange rates (using donor country deflators). The aggregated figures only include the historical list of developing countries with a few modifications to account for the shifting nature of international public finance.","DAC Statistics database, 2025, The Organisation for Economic Co-operation and Development (OECD) and IRENA Public Finance Database, 2025, The international Renewable Energy Agency (IRENA)",EG_IFF_RANDN,12,TRT_BIOENERGY,CON_USD,2025-03-14T00:00:00,2023,0.0
2019,A,6,2022,"Commitments by recipient country, in million USD at 2022 prices and exchange rates (using donor country deflators). The aggregated figures only include the historical list of developing countries with a few modifications to account for the shifting nature of international public finance.","DAC Statistics database, 2025, The Organisation for Economic Co-operation and Development (OECD) and IRENA Public Finance Database, 2025, The international Renewable Energy Agency (IRENA)",EG_IFF_RANDN,12,TRT_BIOENERGY,CON_USD,2025-03-14T00:00:00,2023,0.0
2020,A,6,2022,"Commitments by recipient country, in million USD at 2022 prices and exchange rates (using donor country deflators). The aggregated figures only include the historical list of developing countries with a few modifications to account for the shifting nature of international public finance.","DAC Statistics database, 2025, The Organisation for Economic Co-operation and Development (OECD) and IRENA Public Finance Database, 2025, The international Renewable Energy Agency (IRENA)",EG_IFF_RANDN,12,TRT_BIOENERGY,CON_USD,2025-03-14T00:00:00,2023,0.0
2021,A,6,2022,"Commitments by recipient country, in million USD at 2022 prices and exchange rates (using donor country deflators). The aggregated figures only include the historical list of developing countries with a few modifications to account for the shifting nature of international public finance.","DAC Statistics database, 2025, The Organisation for Economic Co-operation and Development (OECD) and IRENA Public Finance Database, 2025, The international Renewable Energy Agency (IRENA)",EG_IFF_RANDN,12,TRT_BIOENERGY,CON_USD,2025-03-14T00:00:00,2023,0.0
2022,A,6,2022,"Commitments by recipient country, in million USD at 2022 prices and exchange rates (using donor country deflators). The aggregated figures only include the historical list of developing countries with a few modifications to account for the shifting nature of international public finance.","DAC Statistics database, 2025, The Organisation for Economic Co-operation and Development (OECD) and IRENA Public Finance Database, 2025, The international Renewable Energy Agency (IRENA)",EG_IFF_RANDN,12,TRT_BIOENERGY,CON_USD,2025-03-14T00:00:00,2023,0.0
2023,A,6,2022,"Commitments by recipient country, in million USD at 2022 prices and exchange rates (using donor country deflators). The aggregated figures only include the historical list of developing countries with a few modifications to account for the shifting nature of international public finance.","DAC Statistics database, 2025, The Organisation for Economic Co-operation and Development (OECD) and IRENA Public Finance Database, 2025, The international Renewable Energy Agency (IRENA)",EG_IFF_RANDN,12,TRT_BIOENERGY,CON_USD,2025-03-14T00:00:00,2023,0.0
2000,A,6,2022,"Commitments by recipient country, in million USD at 2022 prices and exchange rates (using donor country deflators). The aggregated figures only include the historical list of developing countries with a few modifications to account for the shifting nature of international public finance.","DAC Statistics database, 2025, The Organisation for Economic Co-operation and Development (OECD) and IRENA Public Finance Database, 2025, The international Renewable Energy Agency (IRENA)",EG_IFF_RANDN,12,TRT_GEOTHERMAL,CON_USD,2025-03-14T00:00:00,2023,0.0
2001,A,6,2022,"Commitments by recipient country, in million USD at 2022 prices and exchange rates (using donor country deflators). The aggregated figures only include the historical list of developing countries with a few modifications to account for the shifting nature of international public finance.","DAC Statistics database, 2025, The Organisation for Economic Co-operation and Development (OECD) and IRENA Public Finance Database, 2025, The international Renewable Energy Agency (IRENA)",EG_IFF_RANDN,12,TRT_GEOTHERMAL,CON_USD,2025-03-14T00:00:00,2023,0.0
2002,A,6,2022,"Commitments by recipient country, in million USD at 2022 prices and exchange rates (using donor country deflators). The aggregated figures only include the historical list of developing countries with a few modifications to account for the shifting nature of international public finance.","DAC Statistics database, 2025, The Organisation for Economic Co-operation and Development (OECD) and IRENA Public Finance Database, 2025, The international Renewable Energy Agency (IRENA)",EG_IFF_RANDN,12,TRT_GEOTHERMAL,CON_USD,2025-03-14T00:00:00,2023,0.0
2003,A,6,2022,"Commitments by recipient country, in million USD at 2022 prices and exchange rates (using donor country deflators). The aggregated figures only include the historical list of developing countries with a few modifications to account for the shifting nature of international public finance.","DAC Statistics database, 2025, The Organisation for Economic Co-operation and Development (OECD) and IRENA Public Finance Database, 2025, The international Renewable Energy Agency (IRENA)",EG_IFF_RANDN,12,TRT_GEOTHERMAL,CON_USD,2025-03-14T00:00:00,2023,0.0
2004,A,6,2022,"Commitments by recipient country, in million USD at 2022 prices and exchange rates (using donor country deflators). The aggregated figures only include the historical list of developing countries with a few modifications to account for the shifting nature of international public finance.","DAC Statistics database, 2025, The Organisation for Economic Co-operation and Development (OECD) and IRENA Public Finance Database, 2025, The international Renewable Energy Agency (IRENA)",EG_IFF_RANDN,12,TRT_GEOTHERMAL,CON_USD,2025-03-14T00:00:00,2023,0.0
2005,A,6,2022,"Commitments by recipient country, in million USD at 2022 prices and exchange rates (using donor country deflators). The aggregated figures only include the historical list of developing countries with a few modifications to account for the shifting nature of international public finance.","DAC Statistics database, 2025, The Organisation for Economic Co-operation and Development (OECD) and IRENA Public Finance Database, 2025, The international Renewable Energy Agency (IRENA)",EG_IFF_RANDN,12,TRT_GEOTHERMAL,CON_USD,2025-03-14T00:00:00,2023,0.0
2006,A,6,2022,"Commitments by recipient country, in million USD at 2022 prices and exchange rates (using donor country deflators). The aggregated figures only include the historical list of developing countries with a few modifications to account for the shifting nature of international public finance.","DAC Statistics database, 2025, The Organisation for Economic Co-operation and Development (OECD) and IRENA Public Finance Database, 2025, The international Renewable Energy Agency (IRENA)",EG_IFF_RANDN,12,TRT_GEOTHERMAL,CON_USD,2025-03-14T00:00:00,2023,0.0
2007,A,6,2022,"Commitments by recipient country, in million USD at 2022 prices and exchange rates (using donor country deflators). The aggregated figures only include the historical list of developing countries with a few modifications to account for the shifting nature of international public finance.","DAC Statistics database, 2025, The Organisation for Economic Co-operation and Development (OECD) and IRENA Public Finance Database, 2025, The international Renewable Energy Agency (IRENA)",EG_IFF_RANDN,12,TRT_GEOTHERMAL,CON_USD,2025-03-14T00:00:00,2023,0.0
2008,A,6,2022,"Commitments by recipient country, in million USD at 2022 prices and exchange rates (using donor country deflators). The aggregated figures only include the historical list of developing countries with a few modifications to account for the shifting nature of international public finance.","DAC Statistics database, 2025, The Organisation for Economic Co-operation and Development (OECD) and IRENA Public Finance Database, 2025, The international Renewable Energy Agency (IRENA)",EG_IFF_RANDN,12,TRT_GEOTHERMAL,CON_USD,2025-03-14T00:00:00,2023,0.0
2009,A,6,2022,"Commitments by recipient country, in million USD at 2022 prices and exchange rates (using donor country deflators). The aggregated figures only include the historical list of developing countries with a few modifications to account for the shifting nature of international public finance.","DAC Statistics database, 2025, The Organisation for Economic Co-operation and Development (OECD) and IRENA Public Finance Database, 2025, The international Renewable Energy Agency (IRENA)",EG_IFF_RANDN,12,TRT_GEOTHERMAL,CON_USD,2025-03-14T00:00:00,2023,0.0
2010,A,6,2022,"Commitments by recipient country, in million USD at 2022 prices and exchange rates (using donor country deflators). The aggregated figures only include the historical list of developing countries with a few modifications to account for the shifting nature of international public finance.","DAC Statistics database, 2025, The Organisation for Economic Co-operation and Development (OECD) and IRENA Public Finance Database, 2025, The international Renewable Energy Agency (IRENA)",EG_IFF_RANDN,12,TRT_GEOTHERMAL,CON_USD,2025-03-14T00:00:00,2023,0.0
2011,A,6,2022,"Commitments by recipient country, in million USD at 2022 prices and exchange rates (using donor country deflators). The aggregated figures only include the historical list of developing countries with a few modifications to account for the shifting nature of international public finance.","DAC Statistics database, 2025, The Organisation for Economic Co-operation and Development (OECD) and IRENA Public Finance Database, 2025, The international Renewable Energy Agency (IRENA)",EG_IFF_RANDN,12,TRT_GEOTHERMAL,CON_USD,2025-03-14T00:00:00,2023,0.0
2012,A,6,2022,"Commitments by recipient country, in million USD at 2022 prices and exchange rates (using donor country deflators). The aggregated figures only include the historical list of developing countries with a few modifications to account for the shifting nature of international public finance.","DAC Statistics database, 2025, The Organisation for Economic Co-operation and Development (OECD) and IRENA Public Finance Database, 2025, The international Renewable Energy Agency (IRENA)",EG_IFF_RANDN,12,TRT_GEOTHERMAL,CON_USD,2025-03-14T00:00:00,2023,0.0
2013,A,6,2022,"Commitments by recipient country, in million USD at 2022 prices and exchange rates (using donor country deflators). The aggregated figures only include the historical list of developing countries with a few modifications to account for the shifting nature of international public finance.","DAC Statistics database, 2025, The Organisation for Economic Co-operation and Development (OECD) and IRENA Public Finance Database, 2025, The international Renewable Energy Agency (IRENA)",EG_IFF_RANDN,12,TRT_GEOTHERMAL,CON_USD,2025-03-14T00:00:00,2023,0.0
2014,A,6,2022,"Commitments by recipient country, in million USD at 2022 prices and exchange rates (using donor country deflators). The aggregated figures only include the historical list of developing countries with a few modifications to account for the shifting nature of international public finance.","DAC Statistics database, 2025, The Organisation for Economic Co-operation and Development (OECD) and IRENA Public Finance Database, 2025, The international Renewable Energy Agency (IRENA)",EG_IFF_RANDN,12,TRT_GEOTHERMAL,CON_USD,2025-03-14T00:00:00,2023,0.0
2015,A,6,2022,"Commitments by recipient country, in million USD at 2022 prices and exchange rates (using donor country deflators). The aggregated figures only include the historical list of developing countries with a few modifications to account for the shifting nature of international public finance.","DAC Statistics database, 2025, The Organisation for Economic Co-operation and Development (OECD) and IRENA Public Finance Database, 2025, The international Renewable Energy Agency (IRENA)",EG_IFF_RANDN,12,TRT_GEOTHERMAL,CON_USD,2025-03-14T00:00:00,2023,0.0
2016,A,6,2022,"Commitments by recipient country, in million USD at 2022 prices and exchange rates (using donor country deflators). The aggregated figures only include the historical list of developing countries with a few modifications to account for the shifting nature of international public finance.","DAC Statistics database, 2025, The Organisation for Economic Co-operation and Development (OECD) and IRENA Public Finance Database, 2025, The international Renewable Energy Agency (IRENA)",EG_IFF_RANDN,12,TRT_GEOTHERMAL,CON_USD,2025-03-14T00:00:00,2023,0.0
2017,A,6,2022,"Commitments by recipient country, in million USD at 2022 prices and exchange rates (using donor country deflators). The aggregated figures only include the historical list of developing countries with a few modifications to account for the shifting nature of international public finance.","DAC Statistics database, 2025, The Organisation for Economic Co-operation and Development (OECD) and IRENA Public Finance Database, 2025, The international Renewable Energy Agency (IRENA)",EG_IFF_RANDN,12,TRT_GEOTHERMAL,CON_USD,2025-03-14T00:00:00,2023,0.0
2018,A,6,2022,"Commitments by recipient country, in million USD at 2022 prices and exchange rates (using donor country deflators). The aggregated figures only include the historical list of developing countries with a few modifications to account for the shifting nature of international public finance.","DAC Statistics database, 2025, The Organisation for Economic Co-operation and Development (OECD) and IRENA Public Finance Database, 2025, The international Renewable Energy Agency (IRENA)",EG_IFF_RANDN,12,TRT_GEOTHERMAL,CON_USD,2025-03-14T00:00:00,2023,0.0
2019,A,6,2022,"Commitments by recipient country, in million USD at 2022 prices and exchange rates (using donor country deflators). The aggregated figures only include the historical list of developing countries with a few modifications to account for the shifting nature of international public finance.","DAC Statistics database, 2025, The Organisation for Economic Co-operation and Development (OECD) and IRENA Public Finance Database, 2025, The international Renewable Energy Agency (IRENA)",EG_IFF_RANDN,12,TRT_GEOTHERMAL,CON_USD,2025-03-14T00:00:00,2023,0.0
2020,A,6,2022,"Commitments by recipient country, in million USD at 2022 prices and exchange rates (using donor country deflators). The aggregated figures only include the historical list of developing countries with a few modifications to account for the shifting nature of international public finance.","DAC Statistics database, 2025, The Organisation for Economic Co-operation and Development (OECD) and IRENA Public Finance Database, 2025, The international Renewable Energy Agency (IRENA)",EG_IFF_RANDN,12,TRT_GEOTHERMAL,CON_USD,2025-03-14T00:00:00,2023,0.0
2021,A,6,2022,"Commitments by recipient country, in million USD at 2022 prices and exchange rates (using donor country deflators). The aggregated figures only include the historical list of developing countries with a few modifications to account for the shifting nature of international public finance.","DAC Statistics database, 2025, The Organisation for Economic Co-operation and Development (OECD) and IRENA Public Finance Database, 2025, The international Renewable Energy Agency (IRENA)",EG_IFF_RANDN,12,TRT_GEOTHERMAL,CON_USD,2025-03-14T00:00:00,2023,0.0
2022,A,6,2022,"Commitments by recipient country, in million USD at 2022 prices and exchange rates (using donor country deflators). The aggregated figures only include the historical list of developing countries with a few modifications to account for the shifting nature of international public finance.","DAC Statistics database, 2025, The Organisation for Economic Co-operation and Development (OECD) and IRENA Public Finance Database, 2025, The international Renewable Energy Agency (IRENA)",EG_IFF_RANDN,12,TRT_GEOTHERMAL,CON_USD,2025-03-14T00:00:00,2023,0.0
2023,A,6,2022,"Commitments by recipient country, in million USD at 2022 prices and exchange rates (using donor country deflators). The aggregated figures only include the historical list of developing countries with a few modifications to account for the shifting nature of international public finance.","DAC Statistics database, 2025, The Organisation for Economic Co-operation and Development (OECD) and IRENA Public Finance Database, 2025, The international Renewable Energy Agency (IRENA)",EG_IFF_RANDN,12,TRT_GEOTHERMAL,CON_USD,2025-03-14T00:00:00,2023,0.0
2000,A,6,2022,"Commitments by recipient country, in million USD at 2022 prices and exchange rates (using donor country deflators). The aggregated figures only include the historical list of developing countries with a few modifications to account for the shifting nature of international public finance.","DAC Statistics database, 2025, The Organisation for Economic Co-operation and Development (OECD) and IRENA Public Finance Database, 2025, The international Renewable Energy Agency (IRENA)",EG_IFF_RANDN,12,TRT_HYDROPOWER,CON_USD,2025-03-14T00:00:00,2023,0.0
2001,A,6,2022,"Commitments by recipient country, in million USD at 2022 prices and exchange rates (using donor country deflators). The aggregated figures only include the historical list of developing countries with a few modifications to account for the shifting nature of international public finance.","DAC Statistics database, 2025, The Organisation for Economic Co-operation and Development (OECD) and IRENA Public Finance Database, 2025, The international Renewable Energy Agency (IRENA)",EG_IFF_RANDN,12,TRT_HYDROPOWER,CON_USD,2025-03-14T00:00:00,2023,0.0
2002,A,6,2022,"Commitments by recipient country, in million USD at 2022 prices and exchange rates (using donor country deflators). The aggregated figures only include the historical list of developing countries with a few modifications to account for the shifting nature of international public finance.","DAC Statistics database, 2025, The Organisation for Economic Co-operation and Development (OECD) and IRENA Public Finance Database, 2025, The international Renewable Energy Agency (IRENA)",EG_IFF_RANDN,12,TRT_HYDROPOWER,CON_USD,2025-03-14T00:00:00,2023,0.0
2003,A,6,2022,"Commitments by recipient country, in million USD at 2022 prices and exchange rates (using donor country deflators). The aggregated figures only include the historical list of developing countries with a few modifications to account for the shifting nature of international public finance.","DAC Statistics database, 2025, The Organisation for Economic Co-operation and Development (OECD) and IRENA Public Finance Database, 2025, The international Renewable Energy Agency (IRENA)",EG_IFF_RANDN,12,TRT_HYDROPOWER,CON_USD,2025-03-14T00:00:00,2023,0.0
2004,A,6,2022,"Commitments by recipient country, in million USD at 2022 prices and exchange rates (using donor country deflators). The aggregated figures only include the historical list of developing countries with a few modifications to account for the shifting nature of international public finance.","DAC Statistics database, 2025, The Organisation for Economic Co-operation and Development (OECD) and IRENA Public Finance Database, 2025, The international Renewable Energy Agency (IRENA)",EG_IFF_RANDN,12,TRT_HYDROPOWER,CON_USD,2025-03-14T00:00:00,2023,0.0
2005,A,6,2022,"Commitments by recipient country, in million USD at 2022 prices and exchange rates (using donor country deflators). The aggregated figures only include the historical list of developing countries with a few modifications to account for the shifting nature of international public finance.","DAC Statistics database, 2025, The Organisation for Economic Co-operation and Development (OECD) and IRENA Public Finance Database, 2025, The international Renewable Energy Agency (IRENA)",EG_IFF_RANDN,12,TRT_HYDROPOWER,CON_USD,2025-03-14T00:00:00,2023,0.0
2006,A,6,2022,"Commitments by recipient country, in million USD at 2022 prices and exchange rates (using donor country deflators). The aggregated figures only include the historical list of developing countries with a few modifications to account for the shifting nature of international public finance.","DAC Statistics database, 2025, The Organisation for Economic Co-operation and Development (OECD) and IRENA Public Finance Database, 2025, The international Renewable Energy Agency (IRENA)",EG_IFF_RANDN,12,TRT_HYDROPOWER,CON_USD,2025-03-14T00:00:00,2023,0.0
2007,A,6,2022,"Commitments by recipient country, in million USD at 2022 prices and exchange rates (using donor country deflators). The aggregated figures only include the historical list of developing countries with a few modifications to account for the shifting nature of international public finance.","DAC Statistics database, 2025, The Organisation for Economic Co-operation and Development (OECD) and IRENA Public Finance Database, 2025, The international Renewable Energy Agency (IRENA)",EG_IFF_RANDN,12,TRT_HYDROPOWER,CON_USD,2025-03-14T00:00:00,2023,0.0
2008,A,6,2022,"Commitments by recipient country, in million USD at 2022 prices and exchange rates (using donor country deflators). The aggregated figures only include the historical list of developing countries with a few modifications to account for the shifting nature of international public finance.","DAC Statistics database, 2025, The Organisation for Economic Co-operation and Development (OECD) and IRENA Public Finance Database, 2025, The international Renewable Energy Agency (IRENA)",EG_IFF_RANDN,12,TRT_HYDROPOWER,CON_USD,2025-03-14T00:00:00,2023,0.0
2009,A,6,2022,"Commitments by recipient country, in million USD at 2022 prices and exchange rates (using donor country deflators). The aggregated figures only include the historical list of developing countries with a few modifications to account for the shifting nature of international public finance.","DAC Statistics database, 2025, The Organisation for Economic Co-operation and Development (OECD) and IRENA Public Finance Database, 2025, The international Renewable Energy Agency (IRENA)",EG_IFF_RANDN,12,TRT_HYDROPOWER,CON_USD,2025-03-14T00:00:00,2023,0.0
2010,A,6,2022,"Commitments by recipient country, in million USD at 2022 prices and exchange rates (using donor country deflators). The aggregated figures only include the historical list of developing countries with a few modifications to account for the shifting nature of international public finance.","DAC Statistics database, 2025, The Organisation for Economic Co-operation and Development (OECD) and IRENA Public Finance Database, 2025, The international Renewable Energy Agency (IRENA)",EG_IFF_RANDN,12,TRT_HYDROPOWER,CON_USD,2025-03-14T00:00:00,2023,0.0
2011,A,6,2022,"Commitments by recipient country, in million USD at 2022 prices and exchange rates (using donor country deflators). The aggregated figures only include the historical list of developing countries with a few modifications to account for the shifting nature of international public finance.","DAC Statistics database, 2025, The Organisation for Economic Co-operation and Development (OECD) and IRENA Public Finance Database, 2025, The international Renewable Energy Agency (IRENA)",EG_IFF_RANDN,12,TRT_HYDROPOWER,CON_USD,2025-03-14T00:00:00,2023,0.0
2012,A,6,2022,"Commitments by recipient country, in million USD at 2022 prices and exchange rates (using donor country deflators). The aggregated figures only include the historical list of developing countries with a few modifications to account for the shifting nature of international public finance.","DAC Statistics database, 2025, The Organisation for Economic Co-operation and Development (OECD) and IRENA Public Finance Database, 2025, The international Renewable Energy Agency (IRENA)",EG_IFF_RANDN,12,TRT_HYDROPOWER,CON_USD,2025-03-14T00:00:00,2023,0.0
2013,A,6,2022,"Commitments by recipient country, in million USD at 2022 prices and exchange rates (using donor country deflators). The aggregated figures only include the historical list of developing countries with a few modifications to account for the shifting nature of international public finance.","DAC Statistics database, 2025, The Organisation for Economic Co-operation and Development (OECD) and IRENA Public Finance Database, 2025, The international Renewable Energy Agency (IRENA)",EG_IFF_RANDN,12,TRT_HYDROPOWER,CON_USD,2025-03-14T00:00:00,2023,0.0
2014,A,6,2022,"Commitments by recipient country, in million USD at 2022 prices and exchange rates (using donor country deflators). The aggregated figures only include the historical list of developing countries with a few modifications to account for the shifting nature of international public finance.","DAC Statistics database, 2025, The Organisation for Economic Co-operation and Development (OECD) and IRENA Public Finance Database, 2025, The international Renewable Energy Agency (IRENA)",EG_IFF_RANDN,12,TRT_HYDROPOWER,CON_USD,2025-03-14T00:00:00,2023,0.0
2015,A,6,2022,"Commitments by recipient country, in million USD at 2022 prices and exchange rates (using donor country deflators). The aggregated figures only include the historical list of developing countries with a few modifications to account for the shifting nature of international public finance.","DAC Statistics database, 2025, The Organisation for Economic Co-operation and Development (OECD) and IRENA Public Finance Database, 2025, The international Renewable Energy Agency (IRENA)",EG_IFF_RANDN,12,TRT_HYDROPOWER,CON_USD,2025-03-14T00:00:00,2023,0.0
2016,A,6,2022,"Commitments by recipient country, in million USD at 2022 prices and exchange rates (using donor country deflators). The aggregated figures only include the historical list of developing countries with a few modifications to account for the shifting nature of international public finance.","DAC Statistics database, 2025, The Organisation for Economic Co-operation and Development (OECD) and IRENA Public Finance Database, 2025, The international Renewable Energy Agency (IRENA)",EG_IFF_RANDN,12,TRT_HYDROPOWER,CON_USD,2025-03-14T00:00:00,2023,0.0
2017,A,6,2022,"Commitments by recipient country, in million USD at 2022 prices and exchange rates (using donor country deflators). The aggregated figures only include the historical list of developing countries with a few modifications to account for the shifting nature of international public finance.","DAC Statistics database, 2025, The Organisation for Economic Co-operation and Development (OECD) and IRENA Public Finance Database, 2025, The international Renewable Energy Agency (IRENA)",EG_IFF_RANDN,12,TRT_HYDROPOWER,CON_USD,2025-03-14T00:00:00,2023,0.0
2018,A,6,2022,"Commitments by recipient country, in million USD at 2022 prices and exchange rates (using donor country deflators). The aggregated figures only include the historical list of developing countries with a few modifications to account for the shifting nature of international public finance.","DAC Statistics database, 2025, The Organisation for Economic Co-operation and Development (OECD) and IRENA Public Finance Database, 2025, The international Renewable Energy Agency (IRENA)",EG_IFF_RANDN,12,TRT_HYDROPOWER,CON_USD,2025-03-14T00:00:00,2023,0.0
2019,A,6,2022,"Commitments by recipient country, in million USD at 2022 prices and exchange rates (using donor country deflators). The aggregated figures only include the historical list of developing countries with a few modifications to account for the shifting nature of international public finance.","DAC Statistics database, 2025, The Organisation for Economic Co-operation and Development (OECD) and IRENA Public Finance Database, 2025, The international Renewable Energy Agency (IRENA)",EG_IFF_RANDN,12,TRT_HYDROPOWER,CON_USD,2025-03-14T00:00:00,2023,0.0
2020,A,6,2022,"Commitments by recipient country, in million USD at 2022 prices and exchange rates (using donor country deflators). The aggregated figures only include the historical list of developing countries with a few modifications to account for the shifting nature of international public finance.","DAC Statistics database, 2025, The Organisation for Economic Co-operation and Development (OECD) and IRENA Public Finance Database, 2025, The international Renewable Energy Agency (IRENA)",EG_IFF_RANDN,12,TRT_HYDROPOWER,CON_USD,2025-03-14T00:00:00,2023,0.0
2021,A,6,2022,"Commitments by recipient country, in million USD at 2022 prices and exchange rates (using donor country deflators). The aggregated figures only include the historical list of developing countries with a few modifications to account for the shifting nature of international public finance.","DAC Statistics database, 2025, The Organisation for Economic Co-operation and Development (OECD) and IRENA Public Finance Database, 2025, The international Renewable Energy Agency (IRENA)",EG_IFF_RANDN,12,TRT_HYDROPOWER,CON_USD,2025-03-14T00:00:00,2023,0.0
2022,A,6,2022,"Commitments by recipient country, in million USD at 2022 prices and exchange rates (using donor country deflators). The aggregated figures only include the historical list of developing countries with a few modifications to account for the shifting nature of international public finance.","DAC Statistics database, 2025, The Organisation for Economic Co-operation and Development (OECD) and IRENA Public Finance Database, 2025, The international Renewable Energy Agency (IRENA)",EG_IFF_RANDN,12,TRT_HYDROPOWER,CON_USD,2025-03-14T00:00:00,2023,0.0
2023,A,6,2022,"Commitments by recipient country, in million USD at 2022 prices and exchange rates (using donor country deflators). The aggregated figures only include the historical list of developing countries with a few modifications to account for the shifting nature of international public finance.","DAC Statistics database, 2025, The Organisation for Economic Co-operation and Development (OECD) and IRENA Public Finance Database, 2025, The international Renewable Energy Agency (IRENA)",EG_IFF_RANDN,12,TRT_HYDROPOWER,CON_USD,2025-03-14T00:00:00,2023,0.0
2000,A,6,2022,"Commitments by recipient country, in million USD at 2022 prices and exchange rates (using donor country deflators). The aggregated figures only include the historical list of developing countries with a few modifications to account for the shifting nature of international public finance.","DAC Statistics database, 2025, The Organisation for Economic Co-operation and Development (OECD) and IRENA Public Finance Database, 2025, The international Renewable Energy Agency (IRENA)",EG_IFF_RANDN,12,TRT_MARINE,CON_USD,2025-03-14T00:00:00,2023,0.0
2001,A,6,2022,"Commitments by recipient country, in million USD at 2022 prices and exchange rates (using donor country deflators). The aggregated figures only include the historical list of developing countries with a few modifications to account for the shifting nature of international public finance.","DAC Statistics database, 2025, The Organisation for Economic Co-operation and Development (OECD) and IRENA Public Finance Database, 2025, The international Renewable Energy Agency (IRENA)",EG_IFF_RANDN,12,TRT_MARINE,CON_USD,2025-03-14T00:00:00,2023,0.0
2002,A,6,2022,"Commitments by recipient country, in million USD at 2022 prices and exchange rates (using donor country deflators). The aggregated figures only include the historical list of developing countries with a few modifications to account for the shifting nature of international public finance.","DAC Statistics database, 2025, The Organisation for Economic Co-operation and Development (OECD) and IRENA Public Finance Database, 2025, The international Renewable Energy Agency (IRENA)",EG_IFF_RANDN,12,TRT_MARINE,CON_USD,2025-03-14T00:00:00,2023,0.0
2003,A,6,2022,"Commitments by recipient country, in million USD at 2022 prices and exchange rates (using donor country deflators). The aggregated figures only include the historical list of developing countries with a few modifications to account for the shifting nature of international public finance.","DAC Statistics database, 2025, The Organisation for Economic Co-operation and Development (OECD) and IRENA Public Finance Database, 2025, The international Renewable Energy Agency (IRENA)",EG_IFF_RANDN,12,TRT_MARINE,CON_USD,2025-03-14T00:00:00,2023,0.0
2004,A,6,2022,"Commitments by recipient country, in million USD at 2022 prices and exchange rates (using donor country deflators). The aggregated figures only include the historical list of developing countries with a few modifications to account for the shifting nature of international public finance.","DAC Statistics database, 2025, The Organisation for Economic Co-operation and Development (OECD) and IRENA Public Finance Database, 2025, The international Renewable Energy Agency (IRENA)",EG_IFF_RANDN,12,TRT_MARINE,CON_USD,2025-03-14T00:00:00,2023,0.0
2005,A,6,2022,"Commitments by recipient country, in million USD at 2022 prices and exchange rates (using donor country deflators). The aggregated figures only include the historical list of developing countries with a few modifications to account for the shifting nature of international public finance.","DAC Statistics database, 2025, The Organisation for Economic Co-operation and Development (OECD) and IRENA Public Finance Database, 2025, The international Renewable Energy Agency (IRENA)",EG_IFF_RANDN,12,TRT_MARINE,CON_USD,2025-03-14T00:00:00,2023,0.0
2006,A,6,2022,"Commitments by recipient country, in million USD at 2022 prices and exchange rates (using donor country deflators). The aggregated figures only include the historical list of developing countries with a few modifications to account for the shifting nature of international public finance.","DAC Statistics database, 2025, The Organisation for Economic Co-operation and Development (OECD) and IRENA Public Finance Database, 2025, The international Renewable Energy Agency (IRENA)",EG_IFF_RANDN,12,TRT_MARINE,CON_USD,2025-03-14T00:00:00,2023,0.0
2007,A,6,2022,"Commitments by recipient country, in million USD at 2022 prices and exchange rates (using donor country deflators). The aggregated figures only include the historical list of developing countries with a few modifications to account for the shifting nature of international public finance.","DAC Statistics database, 2025, The Organisation for Economic Co-operation and Development (OECD) and IRENA Public Finance Database, 2025, The international Renewable Energy Agency (IRENA)",EG_IFF_RANDN,12,TRT_MARINE,CON_USD,2025-03-14T00:00:00,2023,0.0
2008,A,6,2022,"Commitments by recipient country, in million USD at 2022 prices and exchange rates (using donor country deflators). The aggregated figures only include the historical list of developing countries with a few modifications to account for the shifting nature of international public finance.","DAC Statistics database, 2025, The Organisation for Economic Co-operation and Development (OECD) and IRENA Public Finance Database, 2025, The international Renewable Energy Agency (IRENA)",EG_IFF_RANDN,12,TRT_MARINE,CON_USD,2025-03-14T00:00:00,2023,0.0
2009,A,6,2022,"Commitments by recipient country, in million USD at 2022 prices and exchange rates (using donor country deflators). The aggregated figures only include the historical list of developing countries with a few modifications to account for the shifting nature of international public finance.","DAC Statistics database, 2025, The Organisation for Economic Co-operation and Development (OECD) and IRENA Public Finance Database, 2025, The international Renewable Energy Agency (IRENA)",EG_IFF_RANDN,12,TRT_MARINE,CON_USD,2025-03-14T00:00:00,2023,0.0
2010,A,6,2022,"Commitments by recipient country, in million USD at 2022 prices and exchange rates (using donor country deflators). The aggregated figures only include the historical list of developing countries with a few modifications to account for the shifting nature of international public finance.","DAC Statistics database, 2025, The Organisation for Economic Co-operation and Development (OECD) and IRENA Public Finance Database, 2025, The international Renewable Energy Agency (IRENA)",EG_IFF_RANDN,12,TRT_MARINE,CON_USD,2025-03-14T00:00:00,2023,0.0
2011,A,6,2022,"Commitments by recipient country, in million USD at 2022 prices and exchange rates (using donor country deflators). The aggregated figures only include the historical list of developing countries with a few modifications to account for the shifting nature of international public finance.","DAC Statistics database, 2025, The Organisation for Economic Co-operation and Development (OECD) and IRENA Public Finance Database, 2025, The international Renewable Energy Agency (IRENA)",EG_IFF_RANDN,12,TRT_MARINE,CON_USD,2025-03-14T00:00:00,2023,0.0
2012,A,6,2022,"Commitments by recipient country, in million USD at 2022 prices and exchange rates (using donor country deflators). The aggregated figures only include the historical list of developing countries with a few modifications to account for the shifting nature of international public finance.","DAC Statistics database, 2025, The Organisation for Economic Co-operation and Development (OECD) and IRENA Public Finance Database, 2025, The international Renewable Energy Agency (IRENA)",EG_IFF_RANDN,12,TRT_MARINE,CON_USD,2025-03-14T00:00:00,2023,0.0
2013,A,6,2022,"Commitments by recipient country, in million USD at 2022 prices and exchange rates (using donor country deflators). The aggregated figures only include the historical list of developing countries with a few modifications to account for the shifting nature of international public finance.","DAC Statistics database, 2025, The Organisation for Economic Co-operation and Development (OECD) and IRENA Public Finance Database, 2025, The international Renewable Energy Agency (IRENA)",EG_IFF_RANDN,12,TRT_MARINE,CON_USD,2025-03-14T00:00:00,2023,0.0
2014,A,6,2022,"Commitments by recipient country, in million USD at 2022 prices and exchange rates (using donor country deflators). The aggregated figures only include the historical list of developing countries with a few modifications to account for the shifting nature of international public finance.","DAC Statistics database, 2025, The Organisation for Economic Co-operation and Development (OECD) and IRENA Public Finance Database, 2025, The international Renewable Energy Agency (IRENA)",EG_IFF_RANDN,12,TRT_MARINE,CON_USD,2025-03-14T00:00:00,2023,0.0
2015,A,6,2022,"Commitments by recipient country, in million USD at 2022 prices and exchange rates (using donor country deflators). The aggregated figures only include the historical list of developing countries with a few modifications to account for the shifting nature of international public finance.","DAC Statistics database, 2025, The Organisation for Economic Co-operation and Development (OECD) and IRENA Public Finance Database, 2025, The international Renewable Energy Agency (IRENA)",EG_IFF_RANDN,12,TRT_MARINE,CON_USD,2025-03-14T00:00:00,2023,0.0
2016,A,6,2022,"Commitments by recipient country, in million USD at 2022 prices and exchange rates (using donor country deflators). The aggregated figures only include the historical list of developing countries with a few modifications to account for the shifting nature of international public finance.","DAC Statistics database, 2025, The Organisation for Economic Co-operation and Development (OECD) and IRENA Public Finance Database, 2025, The international Renewable Energy Agency (IRENA)",EG_IFF_RANDN,12,TRT_MARINE,CON_USD,2025-03-14T00:00:00,2023,0.0
2017,A,6,2022,"Commitments by recipient country, in million USD at 2022 prices and exchange rates (using donor country deflators). The aggregated figures only include the historical list of developing countries with a few modifications to account for the shifting nature of international public finance.","DAC Statistics database, 2025, The Organisation for Economic Co-operation and Development (OECD) and IRENA Public Finance Database, 2025, The international Renewable Energy Agency (IRENA)",EG_IFF_RANDN,12,TRT_MARINE,CON_USD,2025-03-14T00:00:00,2023,0.0
2018,A,6,2022,"Commitments by recipient country, in million USD at 2022 prices and exchange rates (using donor country deflators). The aggregated figures only include the historical list of developing countries with a few modifications to account for the shifting nature of international public finance.","DAC Statistics database, 2025, The Organisation for Economic Co-operation and Development (OECD) and IRENA Public Finance Database, 2025, The international Renewable Energy Agency (IRENA)",EG_IFF_RANDN,12,TRT_MARINE,CON_USD,2025-03-14T00:00:00,2023,0.0
2019,A,6,2022,"Commitments by recipient country, in million USD at 2022 prices and exchange rates (using donor country deflators). The aggregated figures only include the historical list of developing countries with a few modifications to account for the shifting nature of international public finance.","DAC Statistics database, 2025, The Organisation for Economic Co-operation and Development (OECD) and IRENA Public Finance Database, 2025, The international Renewable Energy Agency (IRENA)",EG_IFF_RANDN,12,TRT_MARINE,CON_USD,2025-03-14T00:00:00,2023,0.0
2020,A,6,2022,"Commitments by recipient country, in million USD at 2022 prices and exchange rates (using donor country deflators). The aggregated figures only include the historical list of developing countries with a few modifications to account for the shifting nature of international public finance.","DAC Statistics database, 2025, The Organisation for Economic Co-operation and Development (OECD) and IRENA Public Finance Database, 2025, The international Renewable Energy Agency (IRENA)",EG_IFF_RANDN,12,TRT_MARINE,CON_USD,2025-03-14T00:00:00,2023,0.0
2021,A,6,2022,"Commitments by recipient country, in million USD at 2022 prices and exchange rates (using donor country deflators). The aggregated figures only include the historical list of developing countries with a few modifications to account for the shifting nature of international public finance.","DAC Statistics database, 2025, The Organisation for Economic Co-operation and Development (OECD) and IRENA Public Finance Database, 2025, The international Renewable Energy Agency (IRENA)",EG_IFF_RANDN,12,TRT_MARINE,CON_USD,2025-03-14T00:00:00,2023,0.0
2022,A,6,2022,"Commitments by recipient country, in million USD at 2022 prices and exchange rates (using donor country deflators). The aggregated figures only include the historical list of developing countries with a few modifications to account for the shifting nature of international public finance.","DAC Statistics database, 2025, The Organisation for Economic Co-operation and Development (OECD) and IRENA Public Finance Database, 2025, The international Renewable Energy Agency (IRENA)",EG_IFF_RANDN,12,TRT_MARINE,CON_USD,2025-03-14T00:00:00,2023,0.0
2023,A,6,2022,"Commitments by recipient country, in million USD at 2022 prices and exchange rates (using donor country deflators). The aggregated figures only include the historical list of developing countries with a few modifications to account for the shifting nature of international public finance.","DAC Statistics database, 2025, The Organisation for Economic Co-operation and Development (OECD) and IRENA Public Finance Database, 2025, The international Renewable Energy Agency (IRENA)",EG_IFF_RANDN,12,TRT_MARINE,CON_USD,2025-03-14T00:00:00,2023,0.0
2000,A,6,2022,"Commitments by recipient country, in million USD at 2022 prices and exchange rates (using donor country deflators). The aggregated figures only include the historical list of developing countries with a few modifications to account for the shifting nature of international public finance.","DAC Statistics database, 2025, The Organisation for Economic Co-operation and Development (OECD) and IRENA Public Finance Database, 2025, The international Renewable Energy Agency (IRENA)",EG_IFF_RANDN,12,TRT_MULTIPLE,CON_USD,2025-03-14T00:00:00,2023,0.0
2001,A,6,2022,"Commitments by recipient country, in million USD at 2022 prices and exchange rates (using donor country deflators). The aggregated figures only include the historical list of developing countries with a few modifications to account for the shifting nature of international public finance.","DAC Statistics database, 2025, The Organisation for Economic Co-operation and Development (OECD) and IRENA Public Finance Database, 2025, The international Renewable Energy Agency (IRENA)",EG_IFF_RANDN,12,TRT_MULTIPLE,CON_USD,2025-03-14T00:00:00,2023,0.0
2002,A,6,2022,"Commitments by recipient country, in million USD at 2022 prices and exchange rates (using donor country deflators). The aggregated figures only include the historical list of developing countries with a few modifications to account for the shifting nature of international public finance.","DAC Statistics database, 2025, The Organisation for Economic Co-operation and Development (OECD) and IRENA Public Finance Database, 2025, The international Renewable Energy Agency (IRENA)",EG_IFF_RANDN,12,TRT_MULTIPLE,CON_USD,2025-03-14T00:00:00,2023,0.0
2003,A,6,2022,"Commitments by recipient country, in million USD at 2022 prices and exchange rates (using donor country deflators). The aggregated figures only include the historical list of developing countries with a few modifications to account for the shifting nature of international public finance.","DAC Statistics database, 2025, The Organisation for Economic Co-operation and Development (OECD) and IRENA Public Finance Database, 2025, The international Renewable Energy Agency (IRENA)",EG_IFF_RANDN,12,TRT_MULTIPLE,CON_USD,2025-03-14T00:00:00,2023,0.0
2004,A,6,2022,"Commitments by recipient country, in million USD at 2022 prices and exchange rates (using donor country deflators). The aggregated figures only include the historical list of developing countries with a few modifications to account for the shifting nature of international public finance.","DAC Statistics database, 2025, The Organisation for Economic Co-operation and Development (OECD) and IRENA Public Finance Database, 2025, The international Renewable Energy Agency (IRENA)",EG_IFF_RANDN,12,TRT_MULTIPLE,CON_USD,2025-03-14T00:00:00,2023,0.0
2005,A,6,2022,"Commitments by recipient country, in million USD at 2022 prices and exchange rates (using donor country deflators). The aggregated figures only include the historical list of developing countries with a few modifications to account for the shifting nature of international public finance.","DAC Statistics database, 2025, The Organisation for Economic Co-operation and Development (OECD) and IRENA Public Finance Database, 2025, The international Renewable Energy Agency (IRENA)",EG_IFF_RANDN,12,TRT_MULTIPLE,CON_USD,2025-03-14T00:00:00,2023,0.0
2006,A,6,2022,"Commitments by recipient country, in million USD at 2022 prices and exchange rates (using donor country deflators). The aggregated figures only include the historical list of developing countries with a few modifications to account for the shifting nature of international public finance.","DAC Statistics database, 2025, The Organisation for Economic Co-operation and Development (OECD) and IRENA Public Finance Database, 2025, The international Renewable Energy Agency (IRENA)",EG_IFF_RANDN,12,TRT_MULTIPLE,CON_USD,2025-03-14T00:00:00,2023,0.0
2007,A,6,2022,"Commitments by recipient country, in million USD at 2022 prices and exchange rates (using donor country deflators). The aggregated figures only include the historical list of developing countries with a few modifications to account for the shifting nature of international public finance.","DAC Statistics database, 2025, The Organisation for Economic Co-operation and Development (OECD) and IRENA Public Finance Database, 2025, The international Renewable Energy Agency (IRENA)",EG_IFF_RANDN,12,TRT_MULTIPLE,CON_USD,2025-03-14T00:00:00,2023,0.0
2008,A,6,2022,"Commitments by recipient country, in million USD at 2022 prices and exchange rates (using donor country deflators). The aggregated figures only include the historical list of developing countries with a few modifications to account for the shifting nature of international public finance.","DAC Statistics database, 2025, The Organisation for Economic Co-operation and Development (OECD) and IRENA Public Finance Database, 2025, The international Renewable Energy Agency (IRENA)",EG_IFF_RANDN,12,TRT_MULTIPLE,CON_USD,2025-03-14T00:00:00,2023,0.0
2009,A,6,2022,"Commitments by recipient country, in million USD at 2022 prices and exchange rates (using donor country deflators). The aggregated figures only include the historical list of developing countries with a few modifications to account for the shifting nature of international public finance.","DAC Statistics database, 2025, The Organisation for Economic Co-operation and Development (OECD) and IRENA Public Finance Database, 2025, The international Renewable Energy Agency (IRENA)",EG_IFF_RANDN,12,TRT_MULTIPLE,CON_USD,2025-03-14T00:00:00,2023,0.01
2010,A,6,2022,"Commitments by recipient country, in million USD at 2022 prices and exchange rates (using donor country deflators). The aggregated figures only include the historical list of developing countries with a few modifications to account for the shifting nature of international public finance.","DAC Statistics database, 2025, The Organisation for Economic Co-operation and Development (OECD) and IRENA Public Finance Database, 2025, The international Renewable Energy Agency (IRENA)",EG_IFF_RANDN,12,TRT_MULTIPLE,CON_USD,2025-03-14T00:00:00,2023,0.13
2011,A,6,2022,"Commitments by recipient country, in million USD at 2022 prices and exchange rates (using donor country deflators). The aggregated figures only include the historical list of developing countries with a few modifications to account for the shifting nature of international public finance.","DAC Statistics database, 2025, The Organisation for Economic Co-operation and Development (OECD) and IRENA Public Finance Database, 2025, The international Renewable Energy Agency (IRENA)",EG_IFF_RANDN,12,TRT_MULTIPLE,CON_USD,2025-03-14T00:00:00,2023,0.0
2012,A,6,2022,"Commitments by recipient country, in million USD at 2022 prices and exchange rates (using donor country deflators). The aggregated figures only include the historical list of developing countries with a few modifications to account for the shifting nature of international public finance.","DAC Statistics database, 2025, The Organisation for Economic Co-operation and Development (OECD) and IRENA Public Finance Database, 2025, The international Renewable Energy Agency (IRENA)",EG_IFF_RANDN,12,TRT_MULTIPLE,CON_USD,2025-03-14T00:00:00,2023,0.81
2013,A,6,2022,"Commitments by recipient country, in million USD at 2022 prices and exchange rates (using donor country deflators). The aggregated figures only include the historical list of developing countries with a few modifications to account for the shifting nature of international public finance.","DAC Statistics database, 2025, The Organisation for Economic Co-operation and Development (OECD) and IRENA Public Finance Database, 2025, The international Renewable Energy Agency (IRENA)",EG_IFF_RANDN,12,TRT_MULTIPLE,CON_USD,2025-03-14T00:00:00,2023,0.78
2014,A,6,2022,"Commitments by recipient country, in million USD at 2022 prices and exchange rates (using donor country deflators). The aggregated figures only include the historical list of developing countries with a few modifications to account for the shifting nature of international public finance.","DAC Statistics database, 2025, The Organisation for Economic Co-operation and Development (OECD) and IRENA Public Finance Database, 2025, The international Renewable Energy Agency (IRENA)",EG_IFF_RANDN,12,TRT_MULTIPLE,CON_USD,2025-03-14T00:00:00,2023,0.76
2015,A,6,2022,"Commitments by recipient country, in million USD at 2022 prices and exchange rates (using donor country deflators). The aggregated figures only include the historical list of developing countries with a few modifications to account for the shifting nature of international public finance.","DAC Statistics database, 2025, The Organisation for Economic Co-operation and Development (OECD) and IRENA Public Finance Database, 2025, The international Renewable Energy Agency (IRENA)",EG_IFF_RANDN,12,TRT_MULTIPLE,CON_USD,2025-03-14T00:00:00,2023,0.62
2016,A,6,2022,"Commitments by recipient country, in million USD at 2022 prices and exchange rates (using donor country deflators). The aggregated figures only include the historical list of developing countries with a few modifications to account for the shifting nature of international public finance.","DAC Statistics database, 2025, The Organisation for Economic Co-operation and Development (OECD) and IRENA Public Finance Database, 2025, The international Renewable Energy Agency (IRENA)",EG_IFF_RANDN,12,TRT_MULTIPLE,CON_USD,2025-03-14T00:00:00,2023,0.01
2017,A,6,2022,"Commitments by recipient country, in million USD at 2022 prices and exchange rates (using donor country deflators). The aggregated figures only include the historical list of developing countries with a few modifications to account for the shifting nature of international public finance.","DAC Statistics database, 2025, The Organisation for Economic Co-operation and Development (OECD) and IRENA Public Finance Database, 2025, The international Renewable Energy Agency (IRENA)",EG_IFF_RANDN,12,TRT_MULTIPLE,CON_USD,2025-03-14T00:00:00,2023,0.01
2018,A,6,2022,"Commitments by recipient country, in million USD at 2022 prices and exchange rates (using donor country deflators). The aggregated figures only include the historical list of developing countries with a few modifications to account for the shifting nature of international public finance.","DAC Statistics database, 2025, The Organisation for Economic Co-operation and Development (OECD) and IRENA Public Finance Database, 2025, The international Renewable Energy Agency (IRENA)",EG_IFF_RANDN,12,TRT_MULTIPLE,CON_USD,2025-03-14T00:00:00,2023,0.04
2019,A,6,2022,"Commitments by recipient country, in million USD at 2022 prices and exchange rates (using donor country deflators). The aggregated figures only include the historical list of developing countries with a few modifications to account for the shifting nature of international public finance.","DAC Statistics database, 2025, The Organisation for Economic Co-operation and Development (OECD) and IRENA Public Finance Database, 2025, The international Renewable Energy Agency (IRENA)",EG_IFF_RANDN,12,TRT_MULTIPLE,CON_USD,2025-03-14T00:00:00,2023,0.01
2020,A,6,2022,"Commitments by recipient country, in million USD at 2022 prices and exchange rates (using donor country deflators). The aggregated figures only include the historical list of developing countries with a few modifications to account for the shifting nature of international public finance.","DAC Statistics database, 2025, The Organisation for Economic Co-operation and Development (OECD) and IRENA Public Finance Database, 2025, The international Renewable Energy Agency (IRENA)",EG_IFF_RANDN,12,TRT_MULTIPLE,CON_USD,2025-03-14T00:00:00,2023,0.0
2021,A,6,2022,"Commitments by recipient country, in million USD at 2022 prices and exchange rates (using donor country deflators). The aggregated figures only include the historical list of developing countries with a few modifications to account for the shifting nature of international public finance.","DAC Statistics database, 2025, The Organisation for Economic Co-operation and Development (OECD) and IRENA Public Finance Database, 2025, The international Renewable Energy Agency (IRENA)",EG_IFF_RANDN,12,TRT_MULTIPLE,CON_USD,2025-03-14T00:00:00,2023,0.0
2022,A,6,2022,"Commitments by recipient country, in million USD at 2022 prices and exchange rates (using donor country deflators). The aggregated figures only include the historical list of developing countries with a few modifications to account for the shifting nature of international public finance.","DAC Statistics database, 2025, The Organisation for Economic Co-operation and Development (OECD) and IRENA Public Finance Database, 2025, The international Renewable Energy Agency (IRENA)",EG_IFF_RANDN,12,TRT_MULTIPLE,CON_USD,2025-03-14T00:00:00,2023,6.33
2023,A,6,2022,"Commitments by recipient country, in million USD at 2022 prices and exchange rates (using donor country deflators). The aggregated figures only include the historical list of developing countries with a few modifications to account for the shifting nature of international public finance.","DAC Statistics database, 2025, The Organisation for Economic Co-operation and Development (OECD) and IRENA Public Finance Database, 2025, The international Renewable Energy Agency (IRENA)",EG_IFF_RANDN,12,TRT_MULTIPLE,CON_USD,2025-03-14T00:00:00,2023,7.49
2000,A,6,2022,"Commitments by recipient country, in million USD at 2022 prices and exchange rates (using donor country deflators). The aggregated figures only include the historical list of developing countries with a few modifications to account for the shifting nature of international public finance.","DAC Statistics database, 2025, The Organisation for Economic Co-operation and Development (OECD) and IRENA Public Finance Database, 2025, The international Renewable Energy Agency (IRENA)",EG_IFF_RANDN,12,TRT_SOLAR,CON_USD,2025-03-14T00:00:00,2023,0.0
2001,A,6,2022,"Commitments by recipient country, in million USD at 2022 prices and exchange rates (using donor country deflators). The aggregated figures only include the historical list of developing countries with a few modifications to account for the shifting nature of international public finance.","DAC Statistics database, 2025, The Organisation for Economic Co-operation and Development (OECD) and IRENA Public Finance Database, 2025, The international Renewable Energy Agency (IRENA)",EG_IFF_RANDN,12,TRT_SOLAR,CON_USD,2025-03-14T00:00:00,2023,0.83
2002,A,6,2022,"Commitments by recipient country, in million USD at 2022 prices and exchange rates (using donor country deflators). The aggregated figures only include the historical list of developing countries with a few modifications to account for the shifting nature of international public finance.","DAC Statistics database, 2025, The Organisation for Economic Co-operation and Development (OECD) and IRENA Public Finance Database, 2025, The international Renewable Energy Agency (IRENA)",EG_IFF_RANDN,12,TRT_SOLAR,CON_USD,2025-03-14T00:00:00,2023,0.35
2003,A,6,2022,"Commitments by recipient country, in million USD at 2022 prices and exchange rates (using donor country deflators). The aggregated figures only include the historical list of developing countries with a few modifications to account for the shifting nature of international public finance.","DAC Statistics database, 2025, The Organisation for Economic Co-operation and Development (OECD) and IRENA Public Finance Database, 2025, The international Renewable Energy Agency (IRENA)",EG_IFF_RANDN,12,TRT_SOLAR,CON_USD,2025-03-14T00:00:00,2023,0.09
2004,A,6,2022,"Commitments by recipient country, in million USD at 2022 prices and exchange rates (using donor country deflators). The aggregated figures only include the historical list of developing countries with a few modifications to account for the shifting nature of international public finance.","DAC Statistics database, 2025, The Organisation for Economic Co-operation and Development (OECD) and IRENA Public Finance Database, 2025, The international Renewable Energy Agency (IRENA)",EG_IFF_RANDN,12,TRT_SOLAR,CON_USD,2025-03-14T00:00:00,2023,0.0
2005,A,6,2022,"Commitments by recipient country, in million USD at 2022 prices and exchange rates (using donor country deflators). The aggregated figures only include the historical list of developing countries with a few modifications to account for the shifting nature of international public finance.","DAC Statistics database, 2025, The Organisation for Economic Co-operation and Development (OECD) and IRENA Public Finance Database, 2025, The international Renewable Energy Agency (IRENA)",EG_IFF_RANDN,12,TRT_SOLAR,CON_USD,2025-03-14T00:00:00,2023,0.0
2006,A,6,2022,"Commitments by recipient country, in million USD at 2022 prices and exchange rates (using donor country deflators). The aggregated figures only include the historical list of developing countries with a few modifications to account for the shifting nature of international public finance.","DAC Statistics database, 2025, The Organisation for Economic Co-operation and Development (OECD) and IRENA Public Finance Database, 2025, The international Renewable Energy Agency (IRENA)",EG_IFF_RANDN,12,TRT_SOLAR,CON_USD,2025-03-14T00:00:00,2023,0.0
2007,A,6,2022,"Commitments by recipient country, in million USD at 2022 prices and exchange rates (using donor country deflators). The aggregated figures only include the historical list of developing countries with a few modifications to account for the shifting nature of international public finance.","DAC Statistics database, 2025, The Organisation for Economic Co-operation and Development (OECD) and IRENA Public Finance Database, 2025, The international Renewable Energy Agency (IRENA)",EG_IFF_RANDN,12,TRT_SOLAR,CON_USD,2025-03-14T00:00:00,2023,0.0
2008,A,6,2022,"Commitments by recipient country, in million USD at 2022 prices and exchange rates (using donor country deflators). The aggregated figures only include the historical list of developing countries with a few modifications to account for the shifting nature of international public finance.","DAC Statistics database, 2025, The Organisation for Economic Co-operation and Development (OECD) and IRENA Public Finance Database, 2025, The international Renewable Energy Agency (IRENA)",EG_IFF_RANDN,12,TRT_SOLAR,CON_USD,2025-03-14T00:00:00,2023,0.0
2009,A,6,2022,"Commitments by recipient country, in million USD at 2022 prices and exchange rates (using donor country deflators). The aggregated figures only include the historical list of developing countries with a few modifications to account for the shifting nature of international public finance.","DAC Statistics database, 2025, The Organisation for Economic Co-operation and Development (OECD) and IRENA Public Finance Database, 2025, The international Renewable Energy Agency (IRENA)",EG_IFF_RANDN,12,TRT_SOLAR,CON_USD,2025-03-14T00:00:00,2023,2.22
2010,A,6,2022,"Commitments by recipient country, in million USD at 2022 prices and exchange rates (using donor country deflators). The aggregated figures only include the historical list of developing countries with a few modifications to account for the shifting nature of international public finance.","DAC Statistics database, 2025, The Organisation for Economic Co-operation and Development (OECD) and IRENA Public Finance Database, 2025, The international Renewable Energy Agency (IRENA)",EG_IFF_RANDN,12,TRT_SOLAR,CON_USD,2025-03-14T00:00:00,2023,0.25
2011,A,6,2022,"Commitments by recipient country, in million USD at 2022 prices and exchange rates (using donor country deflators). The aggregated figures only include the historical list of developing countries with a few modifications to account for the shifting nature of international public finance.","DAC Statistics database, 2025, The Organisation for Economic Co-operation and Development (OECD) and IRENA Public Finance Database, 2025, The international Renewable Energy Agency (IRENA)",EG_IFF_RANDN,12,TRT_SOLAR,CON_USD,2025-03-14T00:00:00,2023,0.0
2012,A,6,2022,"Commitments by recipient country, in million USD at 2022 prices and exchange rates (using donor country deflators). The aggregated figures only include the historical list of developing countries with a few modifications to account for the shifting nature of international public finance.","DAC Statistics database, 2025, The Organisation for Economic Co-operation and Development (OECD) and IRENA Public Finance Database, 2025, The international Renewable Energy Agency (IRENA)",EG_IFF_RANDN,12,TRT_SOLAR,CON_USD,2025-03-14T00:00:00,2023,0.0
2013,A,6,2022,"Commitments by recipient country, in million USD at 2022 prices and exchange rates (using donor country deflators). The aggregated figures only include the historical list of developing countries with a few modifications to account for the shifting nature of international public finance.","DAC Statistics database, 2025, The Organisation for Economic Co-operation and Development (OECD) and IRENA Public Finance Database, 2025, The international Renewable Energy Agency (IRENA)",EG_IFF_RANDN,12,TRT_SOLAR,CON_USD,2025-03-14T00:00:00,2023,0.01
2014,A,6,2022,"Commitments by recipient country, in million USD at 2022 prices and exchange rates (using donor country deflators). The aggregated figures only include the historical list of developing countries with a few modifications to account for the shifting nature of international public finance.","DAC Statistics database, 2025, The Organisation for Economic Co-operation and Development (OECD) and IRENA Public Finance Database, 2025, The international Renewable Energy Agency (IRENA)",EG_IFF_RANDN,12,TRT_SOLAR,CON_USD,2025-03-14T00:00:00,2023,0.03
2015,A,6,2022,"Commitments by recipient country, in million USD at 2022 prices and exchange rates (using donor country deflators). The aggregated figures only include the historical list of developing countries with a few modifications to account for the shifting nature of international public finance.","DAC Statistics database, 2025, The Organisation for Economic Co-operation and Development (OECD) and IRENA Public Finance Database, 2025, The international Renewable Energy Agency (IRENA)",EG_IFF_RANDN,12,TRT_SOLAR,CON_USD,2025-03-14T00:00:00,2023,0.15
2016,A,6,2022,"Commitments by recipient country, in million USD at 2022 prices and exchange rates (using donor country deflators). The aggregated figures only include the historical list of developing countries with a few modifications to account for the shifting nature of international public finance.","DAC Statistics database, 2025, The Organisation for Economic Co-operation and Development (OECD) and IRENA Public Finance Database, 2025, The international Renewable Energy Agency (IRENA)",EG_IFF_RANDN,12,TRT_SOLAR,CON_USD,2025-03-14T00:00:00,2023,0.14
2017,A,6,2022,"Commitments by recipient country, in million USD at 2022 prices and exchange rates (using donor country deflators). The aggregated figures only include the historical list of developing countries with a few modifications to account for the shifting nature of international public finance.","DAC Statistics database, 2025, The Organisation for Economic Co-operation and Development (OECD) and IRENA Public Finance Database, 2025, The international Renewable Energy Agency (IRENA)",EG_IFF_RANDN,12,TRT_SOLAR,CON_USD,2025-03-14T00:00:00,2023,0.0
2018,A,6,2022,"Commitments by recipient country, in million USD at 2022 prices and exchange rates (using donor country deflators). The aggregated figures only include the historical list of developing countries with a few modifications to account for the shifting nature of international public finance.","DAC Statistics database, 2025, The Organisation for Economic Co-operation and Development (OECD) and IRENA Public Finance Database, 2025, The international Renewable Energy Agency (IRENA)",EG_IFF_RANDN,12,TRT_SOLAR,CON_USD,2025-03-14T00:00:00,2023,0.0
2019,A,6,2022,"Commitments by recipient country, in million USD at 2022 prices and exchange rates (using donor country deflators). The aggregated figures only include the historical list of developing countries with a few modifications to account for the shifting nature of international public finance.","DAC Statistics database, 2025, The Organisation for Economic Co-operation and Development (OECD) and IRENA Public Finance Database, 2025, The international Renewable Energy Agency (IRENA)",EG_IFF_RANDN,12,TRT_SOLAR,CON_USD,2025-03-14T00:00:00,2023,0.04
2020,A,6,2022,"Commitments by recipient country, in million USD at 2022 prices and exchange rates (using donor country deflators). The aggregated figures only include the historical list of developing countries with a few modifications to account for the shifting nature of international public finance.","DAC Statistics database, 2025, The Organisation for Economic Co-operation and Development (OECD) and IRENA Public Finance Database, 2025, The international Renewable Energy Agency (IRENA)",EG_IFF_RANDN,12,TRT_SOLAR,CON_USD,2025-03-14T00:00:00,2023,0.0
2021,A,6,2022,"Commitments by recipient country, in million USD at 2022 prices and exchange rates (using donor country deflators). The aggregated figures only include the historical list of developing countries with a few modifications to account for the shifting nature of international public finance.","DAC Statistics database, 2025, The Organisation for Economic Co-operation and Development (OECD) and IRENA Public Finance Database, 2025, The international Renewable Energy Agency (IRENA)",EG_IFF_RANDN,12,TRT_SOLAR,CON_USD,2025-03-14T00:00:00,2023,0.0
2022,A,6,2022,"Commitments by recipient country, in million USD at 2022 prices and exchange rates (using donor country deflators). The aggregated figures only include the historical list of developing countries with a few modifications to account for the shifting nature of international public finance.","DAC Statistics database, 2025, The Organisation for Economic Co-operation and Development (OECD) and IRENA Public Finance Database, 2025, The international Renewable Energy Agency (IRENA)",EG_IFF_RANDN,12,TRT_SOLAR,CON_USD,2025-03-14T00:00:00,2023,0.0
2023,A,6,2022,"Commitments by recipient country, in million USD at 2022 prices and exchange rates (using donor country deflators). The aggregated figures only include the historical list of developing countries with a few modifications to account for the shifting nature of international public finance.","DAC Statistics database, 2025, The Organisation for Economic Co-operation and Development (OECD) and IRENA Public Finance Database, 2025, The international Renewable Energy Agency (IRENA)",EG_IFF_RANDN,12,TRT_SOLAR,CON_USD,2025-03-14T00:00:00,2023,0.03
2000,A,6,2022,"Commitments by recipient country, in million USD at 2022 prices and exchange rates (using donor country deflators). The aggregated figures only include the historical list of developing countries with a few modifications to account for the shifting nature of international public finance.","DAC Statistics database, 2025, The Organisation for Economic Co-operation and Development (OECD) and IRENA Public Finance Database, 2025, The international Renewable Energy Agency (IRENA)",EG_IFF_RANDN,12,TRT_WIND,CON_USD,2025-03-14T00:00:00,2023,0.0
2001,A,6,2022,"Commitments by recipient country, in million USD at 2022 prices and exchange rates (using donor country deflators). The aggregated figures only include the historical list of developing countries with a few modifications to account for the shifting nature of international public finance.","DAC Statistics database, 2025, The Organisation for Economic Co-operation and Development (OECD) and IRENA Public Finance Database, 2025, The international Renewable Energy Agency (IRENA)",EG_IFF_RANDN,12,TRT_WIND,CON_USD,2025-03-14T00:00:00,2023,0.0
2002,A,6,2022,"Commitments by recipient country, in million USD at 2022 prices and exchange rates (using donor country deflators). The aggregated figures only include the historical list of developing countries with a few modifications to account for the shifting nature of international public finance.","DAC Statistics database, 2025, The Organisation for Economic Co-operation and Development (OECD) and IRENA Public Finance Database, 2025, The international Renewable Energy Agency (IRENA)",EG_IFF_RANDN,12,TRT_WIND,CON_USD,2025-03-14T00:00:00,2023,0.0
2003,A,6,2022,"Commitments by recipient country, in million USD at 2022 prices and exchange rates (using donor country deflators). The aggregated figures only include the historical list of developing countries with a few modifications to account for the shifting nature of international public finance.","DAC Statistics database, 2025, The Organisation for Economic Co-operation and Development (OECD) and IRENA Public Finance Database, 2025, The international Renewable Energy Agency (IRENA)",EG_IFF_RANDN,12,TRT_WIND,CON_USD,2025-03-14T00:00:00,2023,0.0
2004,A,6,2022,"Commitments by recipient country, in million USD at 2022 prices and exchange rates (using donor country deflators). The aggregated figures only include the historical list of developing countries with a few modifications to account for the shifting nature of international public finance.","DAC Statistics database, 2025, The Organisation for Economic Co-operation and Development (OECD) and IRENA Public Finance Database, 2025, The international Renewable Energy Agency (IRENA)",EG_IFF_RANDN,12,TRT_WIND,CON_USD,2025-03-14T00:00:00,2023,0.14
2005,A,6,2022,"Commitments by recipient country, in million USD at 2022 prices and exchange rates (using donor country deflators). The aggregated figures only include the historical list of developing countries with a few modifications to account for the shifting nature of international public finance.","DAC Statistics database, 2025, The Organisation for Economic Co-operation and Development (OECD) and IRENA Public Finance Database, 2025, The international Renewable Energy Agency (IRENA)",EG_IFF_RANDN,12,TRT_WIND,CON_USD,2025-03-14T00:00:00,2023,0.17
2006,A,6,2022,"Commitments by recipient country, in million USD at 2022 prices and exchange rates (using donor country deflators). The aggregated figures only include the historical list of developing countries with a few modifications to account for the shifting nature of international public finance.","DAC Statistics database, 2025, The Organisation for Economic Co-operation and Development (OECD) and IRENA Public Finance Database, 2025, The international Renewable Energy Agency (IRENA)",EG_IFF_RANDN,12,TRT_WIND,CON_USD,2025-03-14T00:00:00,2023,0.0
2007,A,6,2022,"Commitments by recipient country, in million USD at 2022 prices and exchange rates (using donor country deflators). The aggregated figures only include the historical list of developing countries with a few modifications to account for the shifting nature of international public finance.","DAC Statistics database, 2025, The Organisation for Economic Co-operation and Development (OECD) and IRENA Public Finance Database, 2025, The international Renewable Energy Agency (IRENA)",EG_IFF_RANDN,12,TRT_WIND,CON_USD,2025-03-14T00:00:00,2023,0.0
2008,A,6,2022,"Commitments by recipient country, in million USD at 2022 prices and exchange rates (using donor country deflators). The aggregated figures only include the historical list of developing countries with a few modifications to account for the shifting nature of international public finance.","DAC Statistics database, 2025, The Organisation for Economic Co-operation and Development (OECD) and IRENA Public Finance Database, 2025, The international Renewable Energy Agency (IRENA)",EG_IFF_RANDN,12,TRT_WIND,CON_USD,2025-03-14T00:00:00,2023,0.0
2009,A,6,2022,"Commitments by recipient country, in million USD at 2022 prices and exchange rates (using donor country deflators). The aggregated figures only include the historical list of developing countries with a few modifications to account for the shifting nature of international public finance.","DAC Statistics database, 2025, The Organisation for Economic Co-operation and Development (OECD) and IRENA Public Finance Database, 2025, The international Renewable Energy Agency (IRENA)",EG_IFF_RANDN,12,TRT_WIND,CON_USD,2025-03-14T00:00:00,2023,0.02
2010,A,6,2022,"Commitments by recipient country, in million USD at 2022 prices and exchange rates (using donor country deflators). The aggregated figures only include the historical list of developing countries with a few modifications to account for the shifting nature of international public finance.","DAC Statistics database, 2025, The Organisation for Economic Co-operation and Development (OECD) and IRENA Public Finance Database, 2025, The international Renewable Energy Agency (IRENA)",EG_IFF_RANDN,12,TRT_WIND,CON_USD,2025-03-14T00:00:00,2023,0.0
2011,A,6,2022,"Commitments by recipient country, in million USD at 2022 prices and exchange rates (using donor country deflators). The aggregated figures only include the historical list of developing countries with a few modifications to account for the shifting nature of international public finance.","DAC Statistics database, 2025, The Organisation for Economic Co-operation and Development (OECD) and IRENA Public Finance Database, 2025, The international Renewable Energy Agency (IRENA)",EG_IFF_RANDN,12,TRT_WIND,CON_USD,2025-03-14T00:00:00,2023,0.0
2012,A,6,2022,"Commitments by recipient country, in million USD at 2022 prices and exchange rates (using donor country deflators). The aggregated figures only include the historical list of developing countries with a few modifications to account for the shifting nature of international public finance.","DAC Statistics database, 2025, The Organisation for Economic Co-operation and Development (OECD) and IRENA Public Finance Database, 2025, The international Renewable Energy Agency (IRENA)",EG_IFF_RANDN,12,TRT_WIND,CON_USD,2025-03-14T00:00:00,2023,0.0
2013,A,6,2022,"Commitments by recipient country, in million USD at 2022 prices and exchange rates (using donor country deflators). The aggregated figures only include the historical list of developing countries with a few modifications to account for the shifting nature of international public finance.","DAC Statistics database, 2025, The Organisation for Economic Co-operation and Development (OECD) and IRENA Public Finance Database, 2025, The international Renewable Energy Agency (IRENA)",EG_IFF_RANDN,12,TRT_WIND,CON_USD,2025-03-14T00:00:00,2023,0.0
2014,A,6,2022,"Commitments by recipient country, in million USD at 2022 prices and exchange rates (using donor country deflators). The aggregated figures only include the historical list of developing countries with a few modifications to account for the shifting nature of international public finance.","DAC Statistics database, 2025, The Organisation for Economic Co-operation and Development (OECD) and IRENA Public Finance Database, 2025, The international Renewable Energy Agency (IRENA)",EG_IFF_RANDN,12,TRT_WIND,CON_USD,2025-03-14T00:00:00,2023,0.0
2015,A,6,2022,"Commitments by recipient country, in million USD at 2022 prices and exchange rates (using donor country deflators). The aggregated figures only include the historical list of developing countries with a few modifications to account for the shifting nature of international public finance.","DAC Statistics database, 2025, The Organisation for Economic Co-operation and Development (OECD) and IRENA Public Finance Database, 2025, The international Renewable Energy Agency (IRENA)",EG_IFF_RANDN,12,TRT_WIND,CON_USD,2025-03-14T00:00:00,2023,0.0
2016,A,6,2022,"Commitments by recipient country, in million USD at 2022 prices and exchange rates (using donor country deflators). The aggregated figures only include the historical list of developing countries with a few modifications to account for the shifting nature of international public finance.","DAC Statistics database, 2025, The Organisation for Economic Co-operation and Development (OECD) and IRENA Public Finance Database, 2025, The international Renewable Energy Agency (IRENA)",EG_IFF_RANDN,12,TRT_WIND,CON_USD,2025-03-14T00:00:00,2023,0.0
2017,A,6,2022,"Commitments by recipient country, in million USD at 2022 prices and exchange rates (using donor country deflators). The aggregated figures only include the historical list of developing countries with a few modifications to account for the shifting nature of international public finance.","DAC Statistics database, 2025, The Organisation for Economic Co-operation and Development (OECD) and IRENA Public Finance Database, 2025, The international Renewable Energy Agency (IRENA)",EG_IFF_RANDN,12,TRT_WIND,CON_USD,2025-03-14T00:00:00,2023,0.0
2018,A,6,2022,"Commitments by recipient country, in million USD at 2022 prices and exchange rates (using donor country deflators). The aggregated figures only include the historical list of developing countries with a few modifications to account for the shifting nature of international public finance.","DAC Statistics database, 2025, The Organisation for Economic Co-operation and Development (OECD) and IRENA Public Finance Database, 2025, The international Renewable Energy Agency (IRENA)",EG_IFF_RANDN,12,TRT_WIND,CON_USD,2025-03-14T00:00:00,2023,0.0
2019,A,6,2022,"Commitments by recipient country, in million USD at 2022 prices and exchange rates (using donor country deflators). The aggregated figures only include the historical list of developing countries with a few modifications to account for the shifting nature of international public finance.","DAC Statistics database, 2025, The Organisation for Economic Co-operation and Development (OECD) and IRENA Public Finance Database, 2025, The international Renewable Energy Agency (IRENA)",EG_IFF_RANDN,12,TRT_WIND,CON_USD,2025-03-14T00:00:00,2023,0.0
2020,A,6,2022,"Commitments by recipient country, in million USD at 2022 prices and exchange rates (using donor country deflators). The aggregated figures only include the historical list of developing countries with a few modifications to account for the shifting nature of international public finance.","DAC Statistics database, 2025, The Organisation for Economic Co-operation and Development (OECD) and IRENA Public Finance Database, 2025, The international Renewable Energy Agency (IRENA)",EG_IFF_RANDN,12,TRT_WIND,CON_USD,2025-03-14T00:00:00,2023,0.0
2021,A,6,2022,"Commitments by recipient country, in million USD at 2022 prices and exchange rates (using donor country deflators). The aggregated figures only include the historical list of developing countries with a few modifications to account for the shifting nature of international public finance.","DAC Statistics database, 2025, The Organisation for Economic Co-operation and Development (OECD) and IRENA Public Finance Database, 2025, The international Renewable Energy Agency (IRENA)",EG_IFF_RANDN,12,TRT_WIND,CON_USD,2025-03-14T00:00:00,2023,0.09
2022,A,6,2022,"Commitments by recipient country, in million USD at 2022 prices and exchange rates (using donor country deflators). The aggregated figures only include the historical list of developing countries with a few modifications to account for the shifting nature of international public finance.","DAC Statistics database, 2025, The Organisation for Economic Co-operation and Development (OECD) and IRENA Public Finance Database, 2025, The international Renewable Energy Agency (IRENA)",EG_IFF_RANDN,12,TRT_WIND,CON_USD,2025-03-14T00:00:00,2023,0.0
2023,A,6,2022,"Commitments by recipient country, in million USD at 2022 prices and exchange rates (using donor country deflators). The aggregated figures only include the historical list of developing countries with a few modifications to account for the shifting nature of international public finance.","DAC Statistics database, 2025, The Organisation for Economic Co-operation and Development (OECD) and IRENA Public Finance Database, 2025, The international Renewable Energy Agency (IRENA)",EG_IFF_RANDN,12,TRT_WIND,CON_USD,2025-03-14T00:00:00,2023,0.0
