Year,OBS_STATUS,UNIT_MULT,SOURCE_DETAIL,SERIES,REF_AREA,PRODUCT,UNIT_MEASURE,DATA_LAST_UPDATE,TIME_DETAIL,BASE_PER,Value
2000,A,0,WESR / Global Material Flows Database,EN_MAT_DOMCMPC,12,None,T,2025-03-21T00:00:00,2023,,4.59591
2001,A,0,WESR / Global Material Flows Database,EN_MAT_DOMCMPC,12,None,T,2025-03-21T00:00:00,2023,,4.5865
2002,A,0,WESR / Global Material Flows Database,EN_MAT_DOMCMPC,12,None,T,2025-03-21T00:00:00,2023,,5.12646
2003,A,0,WESR / Global Material Flows Database,EN_MAT_DOMCMPC,12,None,T,2025-03-21T00:00:00,2023,,5.696
2004,A,0,WESR / Global Material Flows Database,EN_MAT_DOMCMPC,12,None,T,2025-03-21T00:00:00,2023,,5.63381
2005,A,0,WESR / Global Material Flows Database,EN_MAT_DOMCMPC,12,None,T,2025-03-21T00:00:00,2023,,6.23012
2006,A,0,WESR / Global Material Flows Database,EN_MAT_DOMCMPC,12,None,T,2025-03-21T00:00:00,2023,,6.61549
2007,A,0,WESR / Global Material Flows Database,EN_MAT_DOMCMPC,12,None,T,2025-03-21T00:00:00,2023,,6.91942
2008,A,0,WESR / Global Material Flows Database,EN_MAT_DOMCMPC,12,None,T,2025-03-21T00:00:00,2023,,8.23617
2009,A,0,WESR / Global Material Flows Database,EN_MAT_DOMCMPC,12,None,T,2025-03-21T00:00:00,2023,,8.48281
2010,A,0,WESR / Global Material Flows Database,EN_MAT_DOMCMPC,12,None,T,2025-03-21T00:00:00,2023,,8.00185
2011,A,0,WESR / Global Material Flows Database,EN_MAT_DOMCMPC,12,None,T,2025-03-21T00:00:00,2023,,7.77759
2012,A,0,WESR / Global Material Flows Database,EN_MAT_DOMCMPC,12,None,T,2025-03-21T00:00:00,2023,,7.96588
2013,A,0,WESR / Global Material Flows Database,EN_MAT_DOMCMPC,12,None,T,2025-03-21T00:00:00,2023,,7.65507
2014,A,0,WESR / Global Material Flows Database,EN_MAT_DOMCMPC,12,None,T,2025-03-21T00:00:00,2023,,7.81983
2015,A,0,WESR / Global Material Flows Database,EN_MAT_DOMCMPC,12,None,T,2025-03-21T00:00:00,2023,,8.72791
2016,A,0,WESR / Global Material Flows Database,EN_MAT_DOMCMPC,12,None,T,2025-03-21T00:00:00,2023,,8.45673
2017,A,0,WESR / Global Material Flows Database,EN_MAT_DOMCMPC,12,None,T,2025-03-21T00:00:00,2023,,8.50164
2018,A,0,WESR / Global Material Flows Database,EN_MAT_DOMCMPC,12,None,T,2025-03-21T00:00:00,2023,,8.85978
2019,A,0,WESR / Global Material Flows Database,EN_MAT_DOMCMPC,12,None,T,2025-03-21T00:00:00,2023,,8.28004
2020,A,0,WESR / Global Material Flows Database,EN_MAT_DOMCMPC,12,None,T,2025-03-21T00:00:00,2023,,8.10779
2021,A,0,WESR / Global Material Flows Database,EN_MAT_DOMCMPC,12,None,T,2025-03-21T00:00:00,2023,,8.17817
2022,A,0,WESR / Global Material Flows Database,EN_MAT_DOMCMPC,12,None,T,2025-03-21T00:00:00,2023,,8.26181
2023,A,0,WESR / Global Material Flows Database,EN_MAT_DOMCMPC,12,None,T,2025-03-21T00:00:00,2023,,8.16035
2000,A,0,WESR / Global Material Flows Database,EN_MAT_DOMCMPC,12,MF_AGG3A,T,2025-03-21T00:00:00,2023,,2.4949
2001,A,0,WESR / Global Material Flows Database,EN_MAT_DOMCMPC,12,MF_AGG3A,T,2025-03-21T00:00:00,2023,,2.51023
2002,A,0,WESR / Global Material Flows Database,EN_MAT_DOMCMPC,12,MF_AGG3A,T,2025-03-21T00:00:00,2023,,2.81601
2003,A,0,WESR / Global Material Flows Database,EN_MAT_DOMCMPC,12,MF_AGG3A,T,2025-03-21T00:00:00,2023,,3.17439
2004,A,0,WESR / Global Material Flows Database,EN_MAT_DOMCMPC,12,MF_AGG3A,T,2025-03-21T00:00:00,2023,,3.15282
2005,A,0,WESR / Global Material Flows Database,EN_MAT_DOMCMPC,12,MF_AGG3A,T,2025-03-21T00:00:00,2023,,3.36568
2006,A,0,WESR / Global Material Flows Database,EN_MAT_DOMCMPC,12,MF_AGG3A,T,2025-03-21T00:00:00,2023,,3.83437
2007,A,0,WESR / Global Material Flows Database,EN_MAT_DOMCMPC,12,MF_AGG3A,T,2025-03-21T00:00:00,2023,,4.35529
2008,A,0,WESR / Global Material Flows Database,EN_MAT_DOMCMPC,12,MF_AGG3A,T,2025-03-21T00:00:00,2023,,5.55947
2009,A,0,WESR / Global Material Flows Database,EN_MAT_DOMCMPC,12,MF_AGG3A,T,2025-03-21T00:00:00,2023,,5.44411
2010,A,0,WESR / Global Material Flows Database,EN_MAT_DOMCMPC,12,MF_AGG3A,T,2025-03-21T00:00:00,2023,,5.0067
2011,A,0,WESR / Global Material Flows Database,EN_MAT_DOMCMPC,12,MF_AGG3A,T,2025-03-21T00:00:00,2023,,4.70139
2012,A,0,WESR / Global Material Flows Database,EN_MAT_DOMCMPC,12,MF_AGG3A,T,2025-03-21T00:00:00,2023,,4.65033
2013,A,0,WESR / Global Material Flows Database,EN_MAT_DOMCMPC,12,MF_AGG3A,T,2025-03-21T00:00:00,2023,,4.18237
2014,A,0,WESR / Global Material Flows Database,EN_MAT_DOMCMPC,12,MF_AGG3A,T,2025-03-21T00:00:00,2023,,4.32112
2015,A,0,WESR / Global Material Flows Database,EN_MAT_DOMCMPC,12,MF_AGG3A,T,2025-03-21T00:00:00,2023,,5.14471
2016,A,0,WESR / Global Material Flows Database,EN_MAT_DOMCMPC,12,MF_AGG3A,T,2025-03-21T00:00:00,2023,,5.0292
2017,A,0,WESR / Global Material Flows Database,EN_MAT_DOMCMPC,12,MF_AGG3A,T,2025-03-21T00:00:00,2023,,5.33464
2018,A,0,WESR / Global Material Flows Database,EN_MAT_DOMCMPC,12,MF_AGG3A,T,2025-03-21T00:00:00,2023,,5.45515
2019,A,0,WESR / Global Material Flows Database,EN_MAT_DOMCMPC,12,MF_AGG3A,T,2025-03-21T00:00:00,2023,,4.90751
2020,A,0,WESR / Global Material Flows Database,EN_MAT_DOMCMPC,12,MF_AGG3A,T,2025-03-21T00:00:00,2023,,4.8742
2021,A,0,WESR / Global Material Flows Database,EN_MAT_DOMCMPC,12,MF_AGG3A,T,2025-03-21T00:00:00,2023,,5.08046
2022,A,0,WESR / Global Material Flows Database,EN_MAT_DOMCMPC,12,MF_AGG3A,T,2025-03-21T00:00:00,2023,,5.174
2023,A,0,WESR / Global Material Flows Database,EN_MAT_DOMCMPC,12,MF_AGG3A,T,2025-03-21T00:00:00,2023,,5.14479
2000,A,0,WESR / Global Material Flows Database,EN_MAT_DOMCMPC,12,MF_AGG3B,T,2025-03-21T00:00:00,2023,,0.05068
2001,A,0,WESR / Global Material Flows Database,EN_MAT_DOMCMPC,12,MF_AGG3B,T,2025-03-21T00:00:00,2023,,0.04635
2002,A,0,WESR / Global Material Flows Database,EN_MAT_DOMCMPC,12,MF_AGG3B,T,2025-03-21T00:00:00,2023,,0.0496
2003,A,0,WESR / Global Material Flows Database,EN_MAT_DOMCMPC,12,MF_AGG3B,T,2025-03-21T00:00:00,2023,,0.05231
2004,A,0,WESR / Global Material Flows Database,EN_MAT_DOMCMPC,12,MF_AGG3B,T,2025-03-21T00:00:00,2023,,0.04939
2005,A,0,WESR / Global Material Flows Database,EN_MAT_DOMCMPC,12,MF_AGG3B,T,2025-03-21T00:00:00,2023,,0.06238
2006,A,0,WESR / Global Material Flows Database,EN_MAT_DOMCMPC,12,MF_AGG3B,T,2025-03-21T00:00:00,2023,,0.04928
2007,A,0,WESR / Global Material Flows Database,EN_MAT_DOMCMPC,12,MF_AGG3B,T,2025-03-21T00:00:00,2023,,0.06166
2008,A,0,WESR / Global Material Flows Database,EN_MAT_DOMCMPC,12,MF_AGG3B,T,2025-03-21T00:00:00,2023,,0.06114
2009,A,0,WESR / Global Material Flows Database,EN_MAT_DOMCMPC,12,MF_AGG3B,T,2025-03-21T00:00:00,2023,,0.0519
2010,A,0,WESR / Global Material Flows Database,EN_MAT_DOMCMPC,12,MF_AGG3B,T,2025-03-21T00:00:00,2023,,0.07071
2011,A,0,WESR / Global Material Flows Database,EN_MAT_DOMCMPC,12,MF_AGG3B,T,2025-03-21T00:00:00,2023,,0.04121
2012,A,0,WESR / Global Material Flows Database,EN_MAT_DOMCMPC,12,MF_AGG3B,T,2025-03-21T00:00:00,2023,,0.04649
2013,A,0,WESR / Global Material Flows Database,EN_MAT_DOMCMPC,12,MF_AGG3B,T,2025-03-21T00:00:00,2023,,0.04664
2014,A,0,WESR / Global Material Flows Database,EN_MAT_DOMCMPC,12,MF_AGG3B,T,2025-03-21T00:00:00,2023,,0.02786
2015,A,0,WESR / Global Material Flows Database,EN_MAT_DOMCMPC,12,MF_AGG3B,T,2025-03-21T00:00:00,2023,,0.00531
2016,A,0,WESR / Global Material Flows Database,EN_MAT_DOMCMPC,12,MF_AGG3B,T,2025-03-21T00:00:00,2023,,-0.00512
2017,A,0,WESR / Global Material Flows Database,EN_MAT_DOMCMPC,12,MF_AGG3B,T,2025-03-21T00:00:00,2023,,-0.00837
2018,A,0,WESR / Global Material Flows Database,EN_MAT_DOMCMPC,12,MF_AGG3B,T,2025-03-21T00:00:00,2023,,-0.00631
2019,A,0,WESR / Global Material Flows Database,EN_MAT_DOMCMPC,12,MF_AGG3B,T,2025-03-21T00:00:00,2023,,-0.00377
2020,A,0,WESR / Global Material Flows Database,EN_MAT_DOMCMPC,12,MF_AGG3B,T,2025-03-21T00:00:00,2023,,-0.01365
2021,A,0,WESR / Global Material Flows Database,EN_MAT_DOMCMPC,12,MF_AGG3B,T,2025-03-21T00:00:00,2023,,-0.01473
2022,A,0,WESR / Global Material Flows Database,EN_MAT_DOMCMPC,12,MF_AGG3B,T,2025-03-21T00:00:00,2023,,-0.01541
2023,A,0,WESR / Global Material Flows Database,EN_MAT_DOMCMPC,12,MF_AGG3B,T,2025-03-21T00:00:00,2023,,-0.01719
2000,A,0,WESR / Global Material Flows Database,EN_MAT_DOMCMPC,12,MF1,T,2025-03-21T00:00:00,2023,,1.14713
2001,A,0,WESR / Global Material Flows Database,EN_MAT_DOMCMPC,12,MF1,T,2025-03-21T00:00:00,2023,,1.2432
2002,A,0,WESR / Global Material Flows Database,EN_MAT_DOMCMPC,12,MF1,T,2025-03-21T00:00:00,2023,,1.27122
2003,A,0,WESR / Global Material Flows Database,EN_MAT_DOMCMPC,12,MF1,T,2025-03-21T00:00:00,2023,,1.42469
2004,A,0,WESR / Global Material Flows Database,EN_MAT_DOMCMPC,12,MF1,T,2025-03-21T00:00:00,2023,,1.47005
2005,A,0,WESR / Global Material Flows Database,EN_MAT_DOMCMPC,12,MF1,T,2025-03-21T00:00:00,2023,,1.46577
2006,A,0,WESR / Global Material Flows Database,EN_MAT_DOMCMPC,12,MF1,T,2025-03-21T00:00:00,2023,,1.47311
2007,A,0,WESR / Global Material Flows Database,EN_MAT_DOMCMPC,12,MF1,T,2025-03-21T00:00:00,2023,,1.39814
2008,A,0,WESR / Global Material Flows Database,EN_MAT_DOMCMPC,12,MF1,T,2025-03-21T00:00:00,2023,,1.33803
2009,A,0,WESR / Global Material Flows Database,EN_MAT_DOMCMPC,12,MF1,T,2025-03-21T00:00:00,2023,,1.62109
2010,A,0,WESR / Global Material Flows Database,EN_MAT_DOMCMPC,12,MF1,T,2025-03-21T00:00:00,2023,,1.59963
2011,A,0,WESR / Global Material Flows Database,EN_MAT_DOMCMPC,12,MF1,T,2025-03-21T00:00:00,2023,,1.76381
2012,A,0,WESR / Global Material Flows Database,EN_MAT_DOMCMPC,12,MF1,T,2025-03-21T00:00:00,2023,,1.78924
2013,A,0,WESR / Global Material Flows Database,EN_MAT_DOMCMPC,12,MF1,T,2025-03-21T00:00:00,2023,,1.85836
2014,A,0,WESR / Global Material Flows Database,EN_MAT_DOMCMPC,12,MF1,T,2025-03-21T00:00:00,2023,,1.82375
2015,A,0,WESR / Global Material Flows Database,EN_MAT_DOMCMPC,12,MF1,T,2025-03-21T00:00:00,2023,,1.87904
2016,A,0,WESR / Global Material Flows Database,EN_MAT_DOMCMPC,12,MF1,T,2025-03-21T00:00:00,2023,,1.82334
2017,A,0,WESR / Global Material Flows Database,EN_MAT_DOMCMPC,12,MF1,T,2025-03-21T00:00:00,2023,,1.76949
2018,A,0,WESR / Global Material Flows Database,EN_MAT_DOMCMPC,12,MF1,T,2025-03-21T00:00:00,2023,,1.92105
2019,A,0,WESR / Global Material Flows Database,EN_MAT_DOMCMPC,12,MF1,T,2025-03-21T00:00:00,2023,,1.88377
2020,A,0,WESR / Global Material Flows Database,EN_MAT_DOMCMPC,12,MF1,T,2025-03-21T00:00:00,2023,,1.80624
2021,A,0,WESR / Global Material Flows Database,EN_MAT_DOMCMPC,12,MF1,T,2025-03-21T00:00:00,2023,,1.64657
2022,A,0,WESR / Global Material Flows Database,EN_MAT_DOMCMPC,12,MF1,T,2025-03-21T00:00:00,2023,,1.64211
2023,A,0,WESR / Global Material Flows Database,EN_MAT_DOMCMPC,12,MF1,T,2025-03-21T00:00:00,2023,,1.60205
2000,A,0,WESR / Global Material Flows Database,EN_MAT_DOMCMPC,12,MF11,T,2025-03-21T00:00:00,2023,,0.50617
2001,A,0,WESR / Global Material Flows Database,EN_MAT_DOMCMPC,12,MF11,T,2025-03-21T00:00:00,2023,,0.5441
2002,A,0,WESR / Global Material Flows Database,EN_MAT_DOMCMPC,12,MF11,T,2025-03-21T00:00:00,2023,,0.60822
2003,A,0,WESR / Global Material Flows Database,EN_MAT_DOMCMPC,12,MF11,T,2025-03-21T00:00:00,2023,,0.65675
2004,A,0,WESR / Global Material Flows Database,EN_MAT_DOMCMPC,12,MF11,T,2025-03-21T00:00:00,2023,,0.6792
2005,A,0,WESR / Global Material Flows Database,EN_MAT_DOMCMPC,12,MF11,T,2025-03-21T00:00:00,2023,,0.70285
2006,A,0,WESR / Global Material Flows Database,EN_MAT_DOMCMPC,12,MF11,T,2025-03-21T00:00:00,2023,,0.69792
2007,A,0,WESR / Global Material Flows Database,EN_MAT_DOMCMPC,12,MF11,T,2025-03-21T00:00:00,2023,,0.6537
2008,A,0,WESR / Global Material Flows Database,EN_MAT_DOMCMPC,12,MF11,T,2025-03-21T00:00:00,2023,,0.66302
2009,A,0,WESR / Global Material Flows Database,EN_MAT_DOMCMPC,12,MF11,T,2025-03-21T00:00:00,2023,,0.78313
2010,A,0,WESR / Global Material Flows Database,EN_MAT_DOMCMPC,12,MF11,T,2025-03-21T00:00:00,2023,,0.78108
2011,A,0,WESR / Global Material Flows Database,EN_MAT_DOMCMPC,12,MF11,T,2025-03-21T00:00:00,2023,,0.91373
2012,A,0,WESR / Global Material Flows Database,EN_MAT_DOMCMPC,12,MF11,T,2025-03-21T00:00:00,2023,,0.90843
2013,A,0,WESR / Global Material Flows Database,EN_MAT_DOMCMPC,12,MF11,T,2025-03-21T00:00:00,2023,,0.95983
2014,A,0,WESR / Global Material Flows Database,EN_MAT_DOMCMPC,12,MF11,T,2025-03-21T00:00:00,2023,,0.9701
2015,A,0,WESR / Global Material Flows Database,EN_MAT_DOMCMPC,12,MF11,T,2025-03-21T00:00:00,2023,,1.01573
2016,A,0,WESR / Global Material Flows Database,EN_MAT_DOMCMPC,12,MF11,T,2025-03-21T00:00:00,2023,,0.98462
2017,A,0,WESR / Global Material Flows Database,EN_MAT_DOMCMPC,12,MF11,T,2025-03-21T00:00:00,2023,,0.95966
2018,A,0,WESR / Global Material Flows Database,EN_MAT_DOMCMPC,12,MF11,T,2025-03-21T00:00:00,2023,,1.04272
2019,A,0,WESR / Global Material Flows Database,EN_MAT_DOMCMPC,12,MF11,T,2025-03-21T00:00:00,2023,,1.0324
2020,A,0,WESR / Global Material Flows Database,EN_MAT_DOMCMPC,12,MF11,T,2025-03-21T00:00:00,2023,,1.00021
2021,A,0,WESR / Global Material Flows Database,EN_MAT_DOMCMPC,12,MF11,T,2025-03-21T00:00:00,2023,,0.90577
2022,A,0,WESR / Global Material Flows Database,EN_MAT_DOMCMPC,12,MF11,T,2025-03-21T00:00:00,2023,,0.90827
2023,A,0,WESR / Global Material Flows Database,EN_MAT_DOMCMPC,12,MF11,T,2025-03-21T00:00:00,2023,,0.89222
2000,A,0,WESR / Global Material Flows Database,EN_MAT_DOMCMPC,12,MF121,T,2025-03-21T00:00:00,2023,,0.08193
2001,A,0,WESR / Global Material Flows Database,EN_MAT_DOMCMPC,12,MF121,T,2025-03-21T00:00:00,2023,,0.14043
2002,A,0,WESR / Global Material Flows Database,EN_MAT_DOMCMPC,12,MF121,T,2025-03-21T00:00:00,2023,,0.11984
2003,A,0,WESR / Global Material Flows Database,EN_MAT_DOMCMPC,12,MF121,T,2025-03-21T00:00:00,2023,,0.21622
2004,A,0,WESR / Global Material Flows Database,EN_MAT_DOMCMPC,12,MF121,T,2025-03-21T00:00:00,2023,,0.22356
2005,A,0,WESR / Global Material Flows Database,EN_MAT_DOMCMPC,12,MF121,T,2025-03-21T00:00:00,2023,,0.19872
2006,A,0,WESR / Global Material Flows Database,EN_MAT_DOMCMPC,12,MF121,T,2025-03-21T00:00:00,2023,,0.21141
2007,A,0,WESR / Global Material Flows Database,EN_MAT_DOMCMPC,12,MF121,T,2025-03-21T00:00:00,2023,,0.17476
2008,A,0,WESR / Global Material Flows Database,EN_MAT_DOMCMPC,12,MF121,T,2025-03-21T00:00:00,2023,,0.11694
2009,A,0,WESR / Global Material Flows Database,EN_MAT_DOMCMPC,12,MF121,T,2025-03-21T00:00:00,2023,,0.26404
2010,A,0,WESR / Global Material Flows Database,EN_MAT_DOMCMPC,12,MF121,T,2025-03-21T00:00:00,2023,,0.22912
2011,A,0,WESR / Global Material Flows Database,EN_MAT_DOMCMPC,12,MF121,T,2025-03-21T00:00:00,2023,,0.25398
2012,A,0,WESR / Global Material Flows Database,EN_MAT_DOMCMPC,12,MF121,T,2025-03-21T00:00:00,2023,,0.27336
2013,A,0,WESR / Global Material Flows Database,EN_MAT_DOMCMPC,12,MF121,T,2025-03-21T00:00:00,2023,,0.28384
2014,A,0,WESR / Global Material Flows Database,EN_MAT_DOMCMPC,12,MF121,T,2025-03-21T00:00:00,2023,,0.22353
2015,A,0,WESR / Global Material Flows Database,EN_MAT_DOMCMPC,12,MF121,T,2025-03-21T00:00:00,2023,,0.23512
2016,A,0,WESR / Global Material Flows Database,EN_MAT_DOMCMPC,12,MF121,T,2025-03-21T00:00:00,2023,,0.22755
2017,A,0,WESR / Global Material Flows Database,EN_MAT_DOMCMPC,12,MF121,T,2025-03-21T00:00:00,2023,,0.22086
2018,A,0,WESR / Global Material Flows Database,EN_MAT_DOMCMPC,12,MF121,T,2025-03-21T00:00:00,2023,,0.3003
2019,A,0,WESR / Global Material Flows Database,EN_MAT_DOMCMPC,12,MF121,T,2025-03-21T00:00:00,2023,,0.28945
2020,A,0,WESR / Global Material Flows Database,EN_MAT_DOMCMPC,12,MF121,T,2025-03-21T00:00:00,2023,,0.25344
2021,A,0,WESR / Global Material Flows Database,EN_MAT_DOMCMPC,12,MF121,T,2025-03-21T00:00:00,2023,,0.18392
2022,A,0,WESR / Global Material Flows Database,EN_MAT_DOMCMPC,12,MF121,T,2025-03-21T00:00:00,2023,,0.18471
2023,A,0,WESR / Global Material Flows Database,EN_MAT_DOMCMPC,12,MF121,T,2025-03-21T00:00:00,2023,,0.18208
2000,A,0,WESR / Global Material Flows Database,EN_MAT_DOMCMPC,12,MF122,T,2025-03-21T00:00:00,2023,,0.39789
2001,A,0,WESR / Global Material Flows Database,EN_MAT_DOMCMPC,12,MF122,T,2025-03-21T00:00:00,2023,,0.39351
2002,A,0,WESR / Global Material Flows Database,EN_MAT_DOMCMPC,12,MF122,T,2025-03-21T00:00:00,2023,,0.3787
2003,A,0,WESR / Global Material Flows Database,EN_MAT_DOMCMPC,12,MF122,T,2025-03-21T00:00:00,2023,,0.3831
2004,A,0,WESR / Global Material Flows Database,EN_MAT_DOMCMPC,12,MF122,T,2025-03-21T00:00:00,2023,,0.39208
2005,A,0,WESR / Global Material Flows Database,EN_MAT_DOMCMPC,12,MF122,T,2025-03-21T00:00:00,2023,,0.39048
2006,A,0,WESR / Global Material Flows Database,EN_MAT_DOMCMPC,12,MF122,T,2025-03-21T00:00:00,2023,,0.39903
2007,A,0,WESR / Global Material Flows Database,EN_MAT_DOMCMPC,12,MF122,T,2025-03-21T00:00:00,2023,,0.39843
2008,A,0,WESR / Global Material Flows Database,EN_MAT_DOMCMPC,12,MF122,T,2025-03-21T00:00:00,2023,,0.38963
2009,A,0,WESR / Global Material Flows Database,EN_MAT_DOMCMPC,12,MF122,T,2025-03-21T00:00:00,2023,,0.40116
2010,A,0,WESR / Global Material Flows Database,EN_MAT_DOMCMPC,12,MF122,T,2025-03-21T00:00:00,2023,,0.41442
2011,A,0,WESR / Global Material Flows Database,EN_MAT_DOMCMPC,12,MF122,T,2025-03-21T00:00:00,2023,,0.42095
2012,A,0,WESR / Global Material Flows Database,EN_MAT_DOMCMPC,12,MF122,T,2025-03-21T00:00:00,2023,,0.43017
2013,A,0,WESR / Global Material Flows Database,EN_MAT_DOMCMPC,12,MF122,T,2025-03-21T00:00:00,2023,,0.43992
2014,A,0,WESR / Global Material Flows Database,EN_MAT_DOMCMPC,12,MF122,T,2025-03-21T00:00:00,2023,,0.45365
2015,A,0,WESR / Global Material Flows Database,EN_MAT_DOMCMPC,12,MF122,T,2025-03-21T00:00:00,2023,,0.45278
2016,A,0,WESR / Global Material Flows Database,EN_MAT_DOMCMPC,12,MF122,T,2025-03-21T00:00:00,2023,,0.44014
2017,A,0,WESR / Global Material Flows Database,EN_MAT_DOMCMPC,12,MF122,T,2025-03-21T00:00:00,2023,,0.42099
2018,A,0,WESR / Global Material Flows Database,EN_MAT_DOMCMPC,12,MF122,T,2025-03-21T00:00:00,2023,,0.41222
2019,A,0,WESR / Global Material Flows Database,EN_MAT_DOMCMPC,12,MF122,T,2025-03-21T00:00:00,2023,,0.40779
2020,A,0,WESR / Global Material Flows Database,EN_MAT_DOMCMPC,12,MF122,T,2025-03-21T00:00:00,2023,,0.40973
2021,A,0,WESR / Global Material Flows Database,EN_MAT_DOMCMPC,12,MF122,T,2025-03-21T00:00:00,2023,,0.40623
2022,A,0,WESR / Global Material Flows Database,EN_MAT_DOMCMPC,12,MF122,T,2025-03-21T00:00:00,2023,,0.40552
2023,A,0,WESR / Global Material Flows Database,EN_MAT_DOMCMPC,12,MF122,T,2025-03-21T00:00:00,2023,,0.39409
2000,A,0,WESR / Global Material Flows Database,EN_MAT_DOMCMPC,12,MF13,T,2025-03-21T00:00:00,2023,,0.15728
2001,A,0,WESR / Global Material Flows Database,EN_MAT_DOMCMPC,12,MF13,T,2025-03-21T00:00:00,2023,,0.16074
2002,A,0,WESR / Global Material Flows Database,EN_MAT_DOMCMPC,12,MF13,T,2025-03-21T00:00:00,2023,,0.15999
2003,A,0,WESR / Global Material Flows Database,EN_MAT_DOMCMPC,12,MF13,T,2025-03-21T00:00:00,2023,,0.16366
2004,A,0,WESR / Global Material Flows Database,EN_MAT_DOMCMPC,12,MF13,T,2025-03-21T00:00:00,2023,,0.17114
2005,A,0,WESR / Global Material Flows Database,EN_MAT_DOMCMPC,12,MF13,T,2025-03-21T00:00:00,2023,,0.16942
2006,A,0,WESR / Global Material Flows Database,EN_MAT_DOMCMPC,12,MF13,T,2025-03-21T00:00:00,2023,,0.15991
2007,A,0,WESR / Global Material Flows Database,EN_MAT_DOMCMPC,12,MF13,T,2025-03-21T00:00:00,2023,,0.16661
2008,A,0,WESR / Global Material Flows Database,EN_MAT_DOMCMPC,12,MF13,T,2025-03-21T00:00:00,2023,,0.16413
2009,A,0,WESR / Global Material Flows Database,EN_MAT_DOMCMPC,12,MF13,T,2025-03-21T00:00:00,2023,,0.1686
2010,A,0,WESR / Global Material Flows Database,EN_MAT_DOMCMPC,12,MF13,T,2025-03-21T00:00:00,2023,,0.17184
2011,A,0,WESR / Global Material Flows Database,EN_MAT_DOMCMPC,12,MF13,T,2025-03-21T00:00:00,2023,,0.17181
2012,A,0,WESR / Global Material Flows Database,EN_MAT_DOMCMPC,12,MF13,T,2025-03-21T00:00:00,2023,,0.17393
2013,A,0,WESR / Global Material Flows Database,EN_MAT_DOMCMPC,12,MF13,T,2025-03-21T00:00:00,2023,,0.17153
2014,A,0,WESR / Global Material Flows Database,EN_MAT_DOMCMPC,12,MF13,T,2025-03-21T00:00:00,2023,,0.1731
2015,A,0,WESR / Global Material Flows Database,EN_MAT_DOMCMPC,12,MF13,T,2025-03-21T00:00:00,2023,,0.17223
2016,A,0,WESR / Global Material Flows Database,EN_MAT_DOMCMPC,12,MF13,T,2025-03-21T00:00:00,2023,,0.16782
2017,A,0,WESR / Global Material Flows Database,EN_MAT_DOMCMPC,12,MF13,T,2025-03-21T00:00:00,2023,,0.16469
2018,A,0,WESR / Global Material Flows Database,EN_MAT_DOMCMPC,12,MF13,T,2025-03-21T00:00:00,2023,,0.16249
2019,A,0,WESR / Global Material Flows Database,EN_MAT_DOMCMPC,12,MF13,T,2025-03-21T00:00:00,2023,,0.15126
2020,A,0,WESR / Global Material Flows Database,EN_MAT_DOMCMPC,12,MF13,T,2025-03-21T00:00:00,2023,,0.1406
2021,A,0,WESR / Global Material Flows Database,EN_MAT_DOMCMPC,12,MF13,T,2025-03-21T00:00:00,2023,,0.14831
2022,A,0,WESR / Global Material Flows Database,EN_MAT_DOMCMPC,12,MF13,T,2025-03-21T00:00:00,2023,,0.14124
2023,A,0,WESR / Global Material Flows Database,EN_MAT_DOMCMPC,12,MF13,T,2025-03-21T00:00:00,2023,,0.13132
2000,A,0,WESR / Global Material Flows Database,EN_MAT_DOMCMPC,12,MF14,T,2025-03-21T00:00:00,2023,,0.00386
2001,A,0,WESR / Global Material Flows Database,EN_MAT_DOMCMPC,12,MF14,T,2025-03-21T00:00:00,2023,,0.00442
2002,A,0,WESR / Global Material Flows Database,EN_MAT_DOMCMPC,12,MF14,T,2025-03-21T00:00:00,2023,,0.00447
2003,A,0,WESR / Global Material Flows Database,EN_MAT_DOMCMPC,12,MF14,T,2025-03-21T00:00:00,2023,,0.00497
2004,A,0,WESR / Global Material Flows Database,EN_MAT_DOMCMPC,12,MF14,T,2025-03-21T00:00:00,2023,,0.00408
2005,A,0,WESR / Global Material Flows Database,EN_MAT_DOMCMPC,12,MF14,T,2025-03-21T00:00:00,2023,,0.0043
2006,A,0,WESR / Global Material Flows Database,EN_MAT_DOMCMPC,12,MF14,T,2025-03-21T00:00:00,2023,,0.00484
2007,A,0,WESR / Global Material Flows Database,EN_MAT_DOMCMPC,12,MF14,T,2025-03-21T00:00:00,2023,,0.00465
2008,A,0,WESR / Global Material Flows Database,EN_MAT_DOMCMPC,12,MF14,T,2025-03-21T00:00:00,2023,,0.00431
2009,A,0,WESR / Global Material Flows Database,EN_MAT_DOMCMPC,12,MF14,T,2025-03-21T00:00:00,2023,,0.00416
2010,A,0,WESR / Global Material Flows Database,EN_MAT_DOMCMPC,12,MF14,T,2025-03-21T00:00:00,2023,,0.00316
2011,A,0,WESR / Global Material Flows Database,EN_MAT_DOMCMPC,12,MF14,T,2025-03-21T00:00:00,2023,,0.00334
2012,A,0,WESR / Global Material Flows Database,EN_MAT_DOMCMPC,12,MF14,T,2025-03-21T00:00:00,2023,,0.00335
2013,A,0,WESR / Global Material Flows Database,EN_MAT_DOMCMPC,12,MF14,T,2025-03-21T00:00:00,2023,,0.00323
2014,A,0,WESR / Global Material Flows Database,EN_MAT_DOMCMPC,12,MF14,T,2025-03-21T00:00:00,2023,,0.00336
2015,A,0,WESR / Global Material Flows Database,EN_MAT_DOMCMPC,12,MF14,T,2025-03-21T00:00:00,2023,,0.00318
2016,A,0,WESR / Global Material Flows Database,EN_MAT_DOMCMPC,12,MF14,T,2025-03-21T00:00:00,2023,,0.00321
2017,A,0,WESR / Global Material Flows Database,EN_MAT_DOMCMPC,12,MF14,T,2025-03-21T00:00:00,2023,,0.0033
2018,A,0,WESR / Global Material Flows Database,EN_MAT_DOMCMPC,12,MF14,T,2025-03-21T00:00:00,2023,,0.00331
2019,A,0,WESR / Global Material Flows Database,EN_MAT_DOMCMPC,12,MF14,T,2025-03-21T00:00:00,2023,,0.00287
2020,A,0,WESR / Global Material Flows Database,EN_MAT_DOMCMPC,12,MF14,T,2025-03-21T00:00:00,2023,,0.00227
2021,A,0,WESR / Global Material Flows Database,EN_MAT_DOMCMPC,12,MF14,T,2025-03-21T00:00:00,2023,,0.00235
2022,A,0,WESR / Global Material Flows Database,EN_MAT_DOMCMPC,12,MF14,T,2025-03-21T00:00:00,2023,,0.00237
2023,A,0,WESR / Global Material Flows Database,EN_MAT_DOMCMPC,12,MF14,T,2025-03-21T00:00:00,2023,,0.00234
2000,A,0,WESR / Global Material Flows Database,EN_MAT_DOMCMPC,12,MF2,T,2025-03-21T00:00:00,2023,,0.09789
2001,A,0,WESR / Global Material Flows Database,EN_MAT_DOMCMPC,12,MF2,T,2025-03-21T00:00:00,2023,,0.10143
2002,A,0,WESR / Global Material Flows Database,EN_MAT_DOMCMPC,12,MF2,T,2025-03-21T00:00:00,2023,,0.09624
2003,A,0,WESR / Global Material Flows Database,EN_MAT_DOMCMPC,12,MF2,T,2025-03-21T00:00:00,2023,,0.12673
2004,A,0,WESR / Global Material Flows Database,EN_MAT_DOMCMPC,12,MF2,T,2025-03-21T00:00:00,2023,,0.13787
2005,A,0,WESR / Global Material Flows Database,EN_MAT_DOMCMPC,12,MF2,T,2025-03-21T00:00:00,2023,,0.16089
2006,A,0,WESR / Global Material Flows Database,EN_MAT_DOMCMPC,12,MF2,T,2025-03-21T00:00:00,2023,,0.18752
2007,A,0,WESR / Global Material Flows Database,EN_MAT_DOMCMPC,12,MF2,T,2025-03-21T00:00:00,2023,,0.16479
2008,A,0,WESR / Global Material Flows Database,EN_MAT_DOMCMPC,12,MF2,T,2025-03-21T00:00:00,2023,,0.20669
2009,A,0,WESR / Global Material Flows Database,EN_MAT_DOMCMPC,12,MF2,T,2025-03-21T00:00:00,2023,,0.21062
2010,A,0,WESR / Global Material Flows Database,EN_MAT_DOMCMPC,12,MF2,T,2025-03-21T00:00:00,2023,,0.17348
2011,A,0,WESR / Global Material Flows Database,EN_MAT_DOMCMPC,12,MF2,T,2025-03-21T00:00:00,2023,,0.17625
2012,A,0,WESR / Global Material Flows Database,EN_MAT_DOMCMPC,12,MF2,T,2025-03-21T00:00:00,2023,,0.19417
2013,A,0,WESR / Global Material Flows Database,EN_MAT_DOMCMPC,12,MF2,T,2025-03-21T00:00:00,2023,,0.1817
2014,A,0,WESR / Global Material Flows Database,EN_MAT_DOMCMPC,12,MF2,T,2025-03-21T00:00:00,2023,,0.19019
2015,A,0,WESR / Global Material Flows Database,EN_MAT_DOMCMPC,12,MF2,T,2025-03-21T00:00:00,2023,,0.21
2016,A,0,WESR / Global Material Flows Database,EN_MAT_DOMCMPC,12,MF2,T,2025-03-21T00:00:00,2023,,0.17956
2017,A,0,WESR / Global Material Flows Database,EN_MAT_DOMCMPC,12,MF2,T,2025-03-21T00:00:00,2023,,0.12042
2018,A,0,WESR / Global Material Flows Database,EN_MAT_DOMCMPC,12,MF2,T,2025-03-21T00:00:00,2023,,0.1221
2019,A,0,WESR / Global Material Flows Database,EN_MAT_DOMCMPC,12,MF2,T,2025-03-21T00:00:00,2023,,0.12071
2020,A,0,WESR / Global Material Flows Database,EN_MAT_DOMCMPC,12,MF2,T,2025-03-21T00:00:00,2023,,0.11918
2021,A,0,WESR / Global Material Flows Database,EN_MAT_DOMCMPC,12,MF2,T,2025-03-21T00:00:00,2023,,0.12257
2022,A,0,WESR / Global Material Flows Database,EN_MAT_DOMCMPC,12,MF2,T,2025-03-21T00:00:00,2023,,0.12564
2023,A,0,WESR / Global Material Flows Database,EN_MAT_DOMCMPC,12,MF2,T,2025-03-21T00:00:00,2023,,0.12689
2000,A,0,WESR / Global Material Flows Database,EN_MAT_DOMCMPC,12,MF21,T,2025-03-21T00:00:00,2023,,0.09241
2001,A,0,WESR / Global Material Flows Database,EN_MAT_DOMCMPC,12,MF21,T,2025-03-21T00:00:00,2023,,0.09447
2002,A,0,WESR / Global Material Flows Database,EN_MAT_DOMCMPC,12,MF21,T,2025-03-21T00:00:00,2023,,0.08697
2003,A,0,WESR / Global Material Flows Database,EN_MAT_DOMCMPC,12,MF21,T,2025-03-21T00:00:00,2023,,0.12132
2004,A,0,WESR / Global Material Flows Database,EN_MAT_DOMCMPC,12,MF21,T,2025-03-21T00:00:00,2023,,0.12974
2005,A,0,WESR / Global Material Flows Database,EN_MAT_DOMCMPC,12,MF21,T,2025-03-21T00:00:00,2023,,0.15162
2006,A,0,WESR / Global Material Flows Database,EN_MAT_DOMCMPC,12,MF21,T,2025-03-21T00:00:00,2023,,0.18274
2007,A,0,WESR / Global Material Flows Database,EN_MAT_DOMCMPC,12,MF21,T,2025-03-21T00:00:00,2023,,0.16008
2008,A,0,WESR / Global Material Flows Database,EN_MAT_DOMCMPC,12,MF21,T,2025-03-21T00:00:00,2023,,0.19871
2009,A,0,WESR / Global Material Flows Database,EN_MAT_DOMCMPC,12,MF21,T,2025-03-21T00:00:00,2023,,0.19867
2010,A,0,WESR / Global Material Flows Database,EN_MAT_DOMCMPC,12,MF21,T,2025-03-21T00:00:00,2023,,0.16364
2011,A,0,WESR / Global Material Flows Database,EN_MAT_DOMCMPC,12,MF21,T,2025-03-21T00:00:00,2023,,0.16828
2012,A,0,WESR / Global Material Flows Database,EN_MAT_DOMCMPC,12,MF21,T,2025-03-21T00:00:00,2023,,0.18659
2013,A,0,WESR / Global Material Flows Database,EN_MAT_DOMCMPC,12,MF21,T,2025-03-21T00:00:00,2023,,0.17514
2014,A,0,WESR / Global Material Flows Database,EN_MAT_DOMCMPC,12,MF21,T,2025-03-21T00:00:00,2023,,0.18377
2015,A,0,WESR / Global Material Flows Database,EN_MAT_DOMCMPC,12,MF21,T,2025-03-21T00:00:00,2023,,0.20307
2016,A,0,WESR / Global Material Flows Database,EN_MAT_DOMCMPC,12,MF21,T,2025-03-21T00:00:00,2023,,0.17216
2017,A,0,WESR / Global Material Flows Database,EN_MAT_DOMCMPC,12,MF21,T,2025-03-21T00:00:00,2023,,0.115
2018,A,0,WESR / Global Material Flows Database,EN_MAT_DOMCMPC,12,MF21,T,2025-03-21T00:00:00,2023,,0.11541
2019,A,0,WESR / Global Material Flows Database,EN_MAT_DOMCMPC,12,MF21,T,2025-03-21T00:00:00,2023,,0.11583
2020,A,0,WESR / Global Material Flows Database,EN_MAT_DOMCMPC,12,MF21,T,2025-03-21T00:00:00,2023,,0.1141
2021,A,0,WESR / Global Material Flows Database,EN_MAT_DOMCMPC,12,MF21,T,2025-03-21T00:00:00,2023,,0.11741
2022,A,0,WESR / Global Material Flows Database,EN_MAT_DOMCMPC,12,MF21,T,2025-03-21T00:00:00,2023,,0.12027
2023,A,0,WESR / Global Material Flows Database,EN_MAT_DOMCMPC,12,MF21,T,2025-03-21T00:00:00,2023,,0.1214
2000,A,0,WESR / Global Material Flows Database,EN_MAT_DOMCMPC,12,MF22,T,2025-03-21T00:00:00,2023,,0.00548
2001,A,0,WESR / Global Material Flows Database,EN_MAT_DOMCMPC,12,MF22,T,2025-03-21T00:00:00,2023,,0.00696
2002,A,0,WESR / Global Material Flows Database,EN_MAT_DOMCMPC,12,MF22,T,2025-03-21T00:00:00,2023,,0.00927
2003,A,0,WESR / Global Material Flows Database,EN_MAT_DOMCMPC,12,MF22,T,2025-03-21T00:00:00,2023,,0.00541
2004,A,0,WESR / Global Material Flows Database,EN_MAT_DOMCMPC,12,MF22,T,2025-03-21T00:00:00,2023,,0.00813
2005,A,0,WESR / Global Material Flows Database,EN_MAT_DOMCMPC,12,MF22,T,2025-03-21T00:00:00,2023,,0.00927
2006,A,0,WESR / Global Material Flows Database,EN_MAT_DOMCMPC,12,MF22,T,2025-03-21T00:00:00,2023,,0.00477
2007,A,0,WESR / Global Material Flows Database,EN_MAT_DOMCMPC,12,MF22,T,2025-03-21T00:00:00,2023,,0.00471
2008,A,0,WESR / Global Material Flows Database,EN_MAT_DOMCMPC,12,MF22,T,2025-03-21T00:00:00,2023,,0.00798
2009,A,0,WESR / Global Material Flows Database,EN_MAT_DOMCMPC,12,MF22,T,2025-03-21T00:00:00,2023,,0.01194
2010,A,0,WESR / Global Material Flows Database,EN_MAT_DOMCMPC,12,MF22,T,2025-03-21T00:00:00,2023,,0.00985
2011,A,0,WESR / Global Material Flows Database,EN_MAT_DOMCMPC,12,MF22,T,2025-03-21T00:00:00,2023,,0.00796
2012,A,0,WESR / Global Material Flows Database,EN_MAT_DOMCMPC,12,MF22,T,2025-03-21T00:00:00,2023,,0.00758
2013,A,0,WESR / Global Material Flows Database,EN_MAT_DOMCMPC,12,MF22,T,2025-03-21T00:00:00,2023,,0.00656
2014,A,0,WESR / Global Material Flows Database,EN_MAT_DOMCMPC,12,MF22,T,2025-03-21T00:00:00,2023,,0.00643
2015,A,0,WESR / Global Material Flows Database,EN_MAT_DOMCMPC,12,MF22,T,2025-03-21T00:00:00,2023,,0.00694
2016,A,0,WESR / Global Material Flows Database,EN_MAT_DOMCMPC,12,MF22,T,2025-03-21T00:00:00,2023,,0.0074
2017,A,0,WESR / Global Material Flows Database,EN_MAT_DOMCMPC,12,MF22,T,2025-03-21T00:00:00,2023,,0.00542
2018,A,0,WESR / Global Material Flows Database,EN_MAT_DOMCMPC,12,MF22,T,2025-03-21T00:00:00,2023,,0.00669
2019,A,0,WESR / Global Material Flows Database,EN_MAT_DOMCMPC,12,MF22,T,2025-03-21T00:00:00,2023,,0.00487
2020,A,0,WESR / Global Material Flows Database,EN_MAT_DOMCMPC,12,MF22,T,2025-03-21T00:00:00,2023,,0.00508
2021,A,0,WESR / Global Material Flows Database,EN_MAT_DOMCMPC,12,MF22,T,2025-03-21T00:00:00,2023,,0.00516
2022,A,0,WESR / Global Material Flows Database,EN_MAT_DOMCMPC,12,MF22,T,2025-03-21T00:00:00,2023,,0.00536
2023,A,0,WESR / Global Material Flows Database,EN_MAT_DOMCMPC,12,MF22,T,2025-03-21T00:00:00,2023,,0.00549
2000,A,0,WESR / Global Material Flows Database,EN_MAT_DOMCMPC,12,MF3,T,2025-03-21T00:00:00,2023,,2.54558
2001,A,0,WESR / Global Material Flows Database,EN_MAT_DOMCMPC,12,MF3,T,2025-03-21T00:00:00,2023,,2.55657
2002,A,0,WESR / Global Material Flows Database,EN_MAT_DOMCMPC,12,MF3,T,2025-03-21T00:00:00,2023,,2.86562
2003,A,0,WESR / Global Material Flows Database,EN_MAT_DOMCMPC,12,MF3,T,2025-03-21T00:00:00,2023,,3.2267
2004,A,0,WESR / Global Material Flows Database,EN_MAT_DOMCMPC,12,MF3,T,2025-03-21T00:00:00,2023,,3.20221
2005,A,0,WESR / Global Material Flows Database,EN_MAT_DOMCMPC,12,MF3,T,2025-03-21T00:00:00,2023,,3.42807
2006,A,0,WESR / Global Material Flows Database,EN_MAT_DOMCMPC,12,MF3,T,2025-03-21T00:00:00,2023,,3.88365
2007,A,0,WESR / Global Material Flows Database,EN_MAT_DOMCMPC,12,MF3,T,2025-03-21T00:00:00,2023,,4.41694
2008,A,0,WESR / Global Material Flows Database,EN_MAT_DOMCMPC,12,MF3,T,2025-03-21T00:00:00,2023,,5.62061
2009,A,0,WESR / Global Material Flows Database,EN_MAT_DOMCMPC,12,MF3,T,2025-03-21T00:00:00,2023,,5.496
2010,A,0,WESR / Global Material Flows Database,EN_MAT_DOMCMPC,12,MF3,T,2025-03-21T00:00:00,2023,,5.07741
2011,A,0,WESR / Global Material Flows Database,EN_MAT_DOMCMPC,12,MF3,T,2025-03-21T00:00:00,2023,,4.74259
2012,A,0,WESR / Global Material Flows Database,EN_MAT_DOMCMPC,12,MF3,T,2025-03-21T00:00:00,2023,,4.69681
2013,A,0,WESR / Global Material Flows Database,EN_MAT_DOMCMPC,12,MF3,T,2025-03-21T00:00:00,2023,,4.22901
2014,A,0,WESR / Global Material Flows Database,EN_MAT_DOMCMPC,12,MF3,T,2025-03-21T00:00:00,2023,,4.34898
2015,A,0,WESR / Global Material Flows Database,EN_MAT_DOMCMPC,12,MF3,T,2025-03-21T00:00:00,2023,,5.15003
2016,A,0,WESR / Global Material Flows Database,EN_MAT_DOMCMPC,12,MF3,T,2025-03-21T00:00:00,2023,,5.02408
2017,A,0,WESR / Global Material Flows Database,EN_MAT_DOMCMPC,12,MF3,T,2025-03-21T00:00:00,2023,,5.32627
2018,A,0,WESR / Global Material Flows Database,EN_MAT_DOMCMPC,12,MF3,T,2025-03-21T00:00:00,2023,,5.44884
2019,A,0,WESR / Global Material Flows Database,EN_MAT_DOMCMPC,12,MF3,T,2025-03-21T00:00:00,2023,,4.90374
2020,A,0,WESR / Global Material Flows Database,EN_MAT_DOMCMPC,12,MF3,T,2025-03-21T00:00:00,2023,,4.86056
2021,A,0,WESR / Global Material Flows Database,EN_MAT_DOMCMPC,12,MF3,T,2025-03-21T00:00:00,2023,,5.06573
2022,A,0,WESR / Global Material Flows Database,EN_MAT_DOMCMPC,12,MF3,T,2025-03-21T00:00:00,2023,,5.15859
2023,A,0,WESR / Global Material Flows Database,EN_MAT_DOMCMPC,12,MF3,T,2025-03-21T00:00:00,2023,,5.1276
2000,A,0,WESR / Global Material Flows Database,EN_MAT_DOMCMPC,12,MF4,T,2025-03-21T00:00:00,2023,,1.51375
2001,A,0,WESR / Global Material Flows Database,EN_MAT_DOMCMPC,12,MF4,T,2025-03-21T00:00:00,2023,,1.51136
2002,A,0,WESR / Global Material Flows Database,EN_MAT_DOMCMPC,12,MF4,T,2025-03-21T00:00:00,2023,,1.56175
2003,A,0,WESR / Global Material Flows Database,EN_MAT_DOMCMPC,12,MF4,T,2025-03-21T00:00:00,2023,,1.55153
2004,A,0,WESR / Global Material Flows Database,EN_MAT_DOMCMPC,12,MF4,T,2025-03-21T00:00:00,2023,,1.4026
2005,A,0,WESR / Global Material Flows Database,EN_MAT_DOMCMPC,12,MF4,T,2025-03-21T00:00:00,2023,,1.56888
2006,A,0,WESR / Global Material Flows Database,EN_MAT_DOMCMPC,12,MF4,T,2025-03-21T00:00:00,2023,,1.45749
2007,A,0,WESR / Global Material Flows Database,EN_MAT_DOMCMPC,12,MF4,T,2025-03-21T00:00:00,2023,,1.48607
2008,A,0,WESR / Global Material Flows Database,EN_MAT_DOMCMPC,12,MF4,T,2025-03-21T00:00:00,2023,,1.5157
2009,A,0,WESR / Global Material Flows Database,EN_MAT_DOMCMPC,12,MF4,T,2025-03-21T00:00:00,2023,,1.53138
2010,A,0,WESR / Global Material Flows Database,EN_MAT_DOMCMPC,12,MF4,T,2025-03-21T00:00:00,2023,,1.56343
2011,A,0,WESR / Global Material Flows Database,EN_MAT_DOMCMPC,12,MF4,T,2025-03-21T00:00:00,2023,,1.52273
2012,A,0,WESR / Global Material Flows Database,EN_MAT_DOMCMPC,12,MF4,T,2025-03-21T00:00:00,2023,,1.47803
2013,A,0,WESR / Global Material Flows Database,EN_MAT_DOMCMPC,12,MF4,T,2025-03-21T00:00:00,2023,,1.48608
2014,A,0,WESR / Global Material Flows Database,EN_MAT_DOMCMPC,12,MF4,T,2025-03-21T00:00:00,2023,,1.77376
2015,A,0,WESR / Global Material Flows Database,EN_MAT_DOMCMPC,12,MF4,T,2025-03-21T00:00:00,2023,,1.72112
2016,A,0,WESR / Global Material Flows Database,EN_MAT_DOMCMPC,12,MF4,T,2025-03-21T00:00:00,2023,,1.69149
2017,A,0,WESR / Global Material Flows Database,EN_MAT_DOMCMPC,12,MF4,T,2025-03-21T00:00:00,2023,,1.69003
2018,A,0,WESR / Global Material Flows Database,EN_MAT_DOMCMPC,12,MF4,T,2025-03-21T00:00:00,2023,,1.74975
2019,A,0,WESR / Global Material Flows Database,EN_MAT_DOMCMPC,12,MF4,T,2025-03-21T00:00:00,2023,,1.69899
2020,A,0,WESR / Global Material Flows Database,EN_MAT_DOMCMPC,12,MF4,T,2025-03-21T00:00:00,2023,,1.66886
2021,A,0,WESR / Global Material Flows Database,EN_MAT_DOMCMPC,12,MF4,T,2025-03-21T00:00:00,2023,,1.7039
2022,A,0,WESR / Global Material Flows Database,EN_MAT_DOMCMPC,12,MF4,T,2025-03-21T00:00:00,2023,,1.69216
2023,A,0,WESR / Global Material Flows Database,EN_MAT_DOMCMPC,12,MF4,T,2025-03-21T00:00:00,2023,,1.65826
2000,A,0,WESR / Global Material Flows Database,EN_MAT_DOMCMPC,12,MF41,T,2025-03-21T00:00:00,2023,,0.01927
2001,A,0,WESR / Global Material Flows Database,EN_MAT_DOMCMPC,12,MF41,T,2025-03-21T00:00:00,2023,,0.01753
2002,A,0,WESR / Global Material Flows Database,EN_MAT_DOMCMPC,12,MF41,T,2025-03-21T00:00:00,2023,,0.02318
2003,A,0,WESR / Global Material Flows Database,EN_MAT_DOMCMPC,12,MF41,T,2025-03-21T00:00:00,2023,,0.01884
2004,A,0,WESR / Global Material Flows Database,EN_MAT_DOMCMPC,12,MF41,T,2025-03-21T00:00:00,2023,,0.02799
2005,A,0,WESR / Global Material Flows Database,EN_MAT_DOMCMPC,12,MF41,T,2025-03-21T00:00:00,2023,,0.02091
2006,A,0,WESR / Global Material Flows Database,EN_MAT_DOMCMPC,12,MF41,T,2025-03-21T00:00:00,2023,,0.02967
2007,A,0,WESR / Global Material Flows Database,EN_MAT_DOMCMPC,12,MF41,T,2025-03-21T00:00:00,2023,,0.02431
2008,A,0,WESR / Global Material Flows Database,EN_MAT_DOMCMPC,12,MF41,T,2025-03-21T00:00:00,2023,,0.02386
2009,A,0,WESR / Global Material Flows Database,EN_MAT_DOMCMPC,12,MF41,T,2025-03-21T00:00:00,2023,,0.00472
2010,A,0,WESR / Global Material Flows Database,EN_MAT_DOMCMPC,12,MF41,T,2025-03-21T00:00:00,2023,,0.0
2011,A,0,WESR / Global Material Flows Database,EN_MAT_DOMCMPC,12,MF41,T,2025-03-21T00:00:00,2023,,0.0
2012,A,0,WESR / Global Material Flows Database,EN_MAT_DOMCMPC,12,MF41,T,2025-03-21T00:00:00,2023,,0.0
2013,A,0,WESR / Global Material Flows Database,EN_MAT_DOMCMPC,12,MF41,T,2025-03-21T00:00:00,2023,,0.0
2014,A,0,WESR / Global Material Flows Database,EN_MAT_DOMCMPC,12,MF41,T,2025-03-21T00:00:00,2023,,0.00052
2015,A,0,WESR / Global Material Flows Database,EN_MAT_DOMCMPC,12,MF41,T,2025-03-21T00:00:00,2023,,0.0
2016,A,0,WESR / Global Material Flows Database,EN_MAT_DOMCMPC,12,MF41,T,2025-03-21T00:00:00,2023,,0.0
2017,A,0,WESR / Global Material Flows Database,EN_MAT_DOMCMPC,12,MF41,T,2025-03-21T00:00:00,2023,,0.0
2018,A,0,WESR / Global Material Flows Database,EN_MAT_DOMCMPC,12,MF41,T,2025-03-21T00:00:00,2023,,0.00029
2019,A,0,WESR / Global Material Flows Database,EN_MAT_DOMCMPC,12,MF41,T,2025-03-21T00:00:00,2023,,0.00019
2020,A,0,WESR / Global Material Flows Database,EN_MAT_DOMCMPC,12,MF41,T,2025-03-21T00:00:00,2023,,0.00019
2021,A,0,WESR / Global Material Flows Database,EN_MAT_DOMCMPC,12,MF41,T,2025-03-21T00:00:00,2023,,0.00019
2022,A,0,WESR / Global Material Flows Database,EN_MAT_DOMCMPC,12,MF41,T,2025-03-21T00:00:00,2023,,0.00018
2023,A,0,WESR / Global Material Flows Database,EN_MAT_DOMCMPC,12,MF41,T,2025-03-21T00:00:00,2023,,0.00018
2000,A,0,WESR / Global Material Flows Database,EN_MAT_DOMCMPC,12,MF421,T,2025-03-21T00:00:00,2023,,1.00664
2001,A,0,WESR / Global Material Flows Database,EN_MAT_DOMCMPC,12,MF421,T,2025-03-21T00:00:00,2023,,0.98615
2002,A,0,WESR / Global Material Flows Database,EN_MAT_DOMCMPC,12,MF421,T,2025-03-21T00:00:00,2023,,0.99495
2003,A,0,WESR / Global Material Flows Database,EN_MAT_DOMCMPC,12,MF421,T,2025-03-21T00:00:00,2023,,1.00297
2004,A,0,WESR / Global Material Flows Database,EN_MAT_DOMCMPC,12,MF421,T,2025-03-21T00:00:00,2023,,0.88372
2005,A,0,WESR / Global Material Flows Database,EN_MAT_DOMCMPC,12,MF421,T,2025-03-21T00:00:00,2023,,0.84207
2006,A,0,WESR / Global Material Flows Database,EN_MAT_DOMCMPC,12,MF421,T,2025-03-21T00:00:00,2023,,0.86104
2007,A,0,WESR / Global Material Flows Database,EN_MAT_DOMCMPC,12,MF421,T,2025-03-21T00:00:00,2023,,0.88586
2008,A,0,WESR / Global Material Flows Database,EN_MAT_DOMCMPC,12,MF421,T,2025-03-21T00:00:00,2023,,0.92066
2009,A,0,WESR / Global Material Flows Database,EN_MAT_DOMCMPC,12,MF421,T,2025-03-21T00:00:00,2023,,0.93303
2010,A,0,WESR / Global Material Flows Database,EN_MAT_DOMCMPC,12,MF421,T,2025-03-21T00:00:00,2023,,0.99547
2011,A,0,WESR / Global Material Flows Database,EN_MAT_DOMCMPC,12,MF421,T,2025-03-21T00:00:00,2023,,0.93368
2012,A,0,WESR / Global Material Flows Database,EN_MAT_DOMCMPC,12,MF421,T,2025-03-21T00:00:00,2023,,0.82785
2013,A,0,WESR / Global Material Flows Database,EN_MAT_DOMCMPC,12,MF421,T,2025-03-21T00:00:00,2023,,0.83762
2014,A,0,WESR / Global Material Flows Database,EN_MAT_DOMCMPC,12,MF421,T,2025-03-21T00:00:00,2023,,1.05939
2015,A,0,WESR / Global Material Flows Database,EN_MAT_DOMCMPC,12,MF421,T,2025-03-21T00:00:00,2023,,0.97615
2016,A,0,WESR / Global Material Flows Database,EN_MAT_DOMCMPC,12,MF421,T,2025-03-21T00:00:00,2023,,0.95852
2017,A,0,WESR / Global Material Flows Database,EN_MAT_DOMCMPC,12,MF421,T,2025-03-21T00:00:00,2023,,0.93729
2018,A,0,WESR / Global Material Flows Database,EN_MAT_DOMCMPC,12,MF421,T,2025-03-21T00:00:00,2023,,0.95514
2019,A,0,WESR / Global Material Flows Database,EN_MAT_DOMCMPC,12,MF421,T,2025-03-21T00:00:00,2023,,0.9019
2020,A,0,WESR / Global Material Flows Database,EN_MAT_DOMCMPC,12,MF421,T,2025-03-21T00:00:00,2023,,0.95609
2021,A,0,WESR / Global Material Flows Database,EN_MAT_DOMCMPC,12,MF421,T,2025-03-21T00:00:00,2023,,0.97958
2022,A,0,WESR / Global Material Flows Database,EN_MAT_DOMCMPC,12,MF421,T,2025-03-21T00:00:00,2023,,0.97744
2023,A,0,WESR / Global Material Flows Database,EN_MAT_DOMCMPC,12,MF421,T,2025-03-21T00:00:00,2023,,0.96742
2000,A,0,WESR / Global Material Flows Database,EN_MAT_DOMCMPC,12,MF422,T,2025-03-21T00:00:00,2023,,0.48784
2001,A,0,WESR / Global Material Flows Database,EN_MAT_DOMCMPC,12,MF422,T,2025-03-21T00:00:00,2023,,0.50767
2002,A,0,WESR / Global Material Flows Database,EN_MAT_DOMCMPC,12,MF422,T,2025-03-21T00:00:00,2023,,0.54362
2003,A,0,WESR / Global Material Flows Database,EN_MAT_DOMCMPC,12,MF422,T,2025-03-21T00:00:00,2023,,0.52972
2004,A,0,WESR / Global Material Flows Database,EN_MAT_DOMCMPC,12,MF422,T,2025-03-21T00:00:00,2023,,0.49088
2005,A,0,WESR / Global Material Flows Database,EN_MAT_DOMCMPC,12,MF422,T,2025-03-21T00:00:00,2023,,0.70589
2006,A,0,WESR / Global Material Flows Database,EN_MAT_DOMCMPC,12,MF422,T,2025-03-21T00:00:00,2023,,0.56678
2007,A,0,WESR / Global Material Flows Database,EN_MAT_DOMCMPC,12,MF422,T,2025-03-21T00:00:00,2023,,0.5759
2008,A,0,WESR / Global Material Flows Database,EN_MAT_DOMCMPC,12,MF422,T,2025-03-21T00:00:00,2023,,0.57117
2009,A,0,WESR / Global Material Flows Database,EN_MAT_DOMCMPC,12,MF422,T,2025-03-21T00:00:00,2023,,0.59363
2010,A,0,WESR / Global Material Flows Database,EN_MAT_DOMCMPC,12,MF422,T,2025-03-21T00:00:00,2023,,0.56796
2011,A,0,WESR / Global Material Flows Database,EN_MAT_DOMCMPC,12,MF422,T,2025-03-21T00:00:00,2023,,0.58904
2012,A,0,WESR / Global Material Flows Database,EN_MAT_DOMCMPC,12,MF422,T,2025-03-21T00:00:00,2023,,0.65019
2013,A,0,WESR / Global Material Flows Database,EN_MAT_DOMCMPC,12,MF422,T,2025-03-21T00:00:00,2023,,0.64846
2014,A,0,WESR / Global Material Flows Database,EN_MAT_DOMCMPC,12,MF422,T,2025-03-21T00:00:00,2023,,0.71385
2015,A,0,WESR / Global Material Flows Database,EN_MAT_DOMCMPC,12,MF422,T,2025-03-21T00:00:00,2023,,0.74497
2016,A,0,WESR / Global Material Flows Database,EN_MAT_DOMCMPC,12,MF422,T,2025-03-21T00:00:00,2023,,0.73297
2017,A,0,WESR / Global Material Flows Database,EN_MAT_DOMCMPC,12,MF422,T,2025-03-21T00:00:00,2023,,0.75274
2018,A,0,WESR / Global Material Flows Database,EN_MAT_DOMCMPC,12,MF422,T,2025-03-21T00:00:00,2023,,0.79433
2019,A,0,WESR / Global Material Flows Database,EN_MAT_DOMCMPC,12,MF422,T,2025-03-21T00:00:00,2023,,0.7969
2020,A,0,WESR / Global Material Flows Database,EN_MAT_DOMCMPC,12,MF422,T,2025-03-21T00:00:00,2023,,0.71259
2021,A,0,WESR / Global Material Flows Database,EN_MAT_DOMCMPC,12,MF422,T,2025-03-21T00:00:00,2023,,0.72413
2022,A,0,WESR / Global Material Flows Database,EN_MAT_DOMCMPC,12,MF422,T,2025-03-21T00:00:00,2023,,0.71454
2023,A,0,WESR / Global Material Flows Database,EN_MAT_DOMCMPC,12,MF422,T,2025-03-21T00:00:00,2023,,0.69067
2000,A,0,WESR / Global Material Flows Database,EN_MAT_DOMCMPG,12,None,KG_PER_CON_USD,2025-03-21T00:00:00,2023,2015,1.46449
2001,A,0,WESR / Global Material Flows Database,EN_MAT_DOMCMPG,12,None,KG_PER_CON_USD,2025-03-21T00:00:00,2023,2015,1.43859
2002,A,0,WESR / Global Material Flows Database,EN_MAT_DOMCMPG,12,None,KG_PER_CON_USD,2025-03-21T00:00:00,2023,2015,1.54336
2003,A,0,WESR / Global Material Flows Database,EN_MAT_DOMCMPG,12,None,KG_PER_CON_USD,2025-03-21T00:00:00,2023,2015,1.62146
2004,A,0,WESR / Global Material Flows Database,EN_MAT_DOMCMPG,12,None,KG_PER_CON_USD,2025-03-21T00:00:00,2023,2015,1.55942
2005,A,0,WESR / Global Material Flows Database,EN_MAT_DOMCMPG,12,None,KG_PER_CON_USD,2025-03-21T00:00:00,2023,2015,1.65077
2006,A,0,WESR / Global Material Flows Database,EN_MAT_DOMCMPG,12,None,KG_PER_CON_USD,2025-03-21T00:00:00,2023,2015,1.7486
2007,A,0,WESR / Global Material Flows Database,EN_MAT_DOMCMPG,12,None,KG_PER_CON_USD,2025-03-21T00:00:00,2023,2015,1.79782
2008,A,0,WESR / Global Material Flows Database,EN_MAT_DOMCMPG,12,None,KG_PER_CON_USD,2025-03-21T00:00:00,2023,2015,2.12581
2009,A,0,WESR / Global Material Flows Database,EN_MAT_DOMCMPG,12,None,KG_PER_CON_USD,2025-03-21T00:00:00,2023,2015,2.19404
2010,A,0,WESR / Global Material Flows Database,EN_MAT_DOMCMPG,12,None,KG_PER_CON_USD,2025-03-21T00:00:00,2023,2015,2.03521
2011,A,0,WESR / Global Material Flows Database,EN_MAT_DOMCMPG,12,None,KG_PER_CON_USD,2025-03-21T00:00:00,2023,2015,1.95926
2012,A,0,WESR / Global Material Flows Database,EN_MAT_DOMCMPG,12,None,KG_PER_CON_USD,2025-03-21T00:00:00,2023,2015,1.97879
2013,A,0,WESR / Global Material Flows Database,EN_MAT_DOMCMPG,12,None,KG_PER_CON_USD,2025-03-21T00:00:00,2023,2015,1.88653
2014,A,0,WESR / Global Material Flows Database,EN_MAT_DOMCMPG,12,None,KG_PER_CON_USD,2025-03-21T00:00:00,2023,2015,1.89369
2015,A,0,WESR / Global Material Flows Database,EN_MAT_DOMCMPG,12,None,KG_PER_CON_USD,2025-03-21T00:00:00,2023,2015,2.07935
2016,A,0,WESR / Global Material Flows Database,EN_MAT_DOMCMPG,12,None,KG_PER_CON_USD,2025-03-21T00:00:00,2023,2015,1.99158
2017,A,0,WESR / Global Material Flows Database,EN_MAT_DOMCMPG,12,None,KG_PER_CON_USD,2025-03-21T00:00:00,2023,2015,2.01552
2018,A,0,WESR / Global Material Flows Database,EN_MAT_DOMCMPG,12,None,KG_PER_CON_USD,2025-03-21T00:00:00,2023,2015,2.1154
2019,A,0,WESR / Global Material Flows Database,EN_MAT_DOMCMPG,12,None,KG_PER_CON_USD,2025-03-21T00:00:00,2023,2015,1.90898
2020,A,0,WESR / Global Material Flows Database,EN_MAT_DOMCMPG,12,None,KG_PER_CON_USD,2025-03-21T00:00:00,2023,2015,1.91893
2021,A,0,WESR / Global Material Flows Database,EN_MAT_DOMCMPG,12,None,KG_PER_CON_USD,2025-03-21T00:00:00,2023,2015,1.82231
2022,A,0,WESR / Global Material Flows Database,EN_MAT_DOMCMPG,12,None,KG_PER_CON_USD,2025-03-21T00:00:00,2023,2015,1.80576
2023,A,0,WESR / Global Material Flows Database,EN_MAT_DOMCMPG,12,None,KG_PER_CON_USD,2025-03-21T00:00:00,2023,2015,1.74094
2000,A,0,WESR / Global Material Flows Database,EN_MAT_DOMCMPG,12,MF_AGG3A,KG_PER_CON_USD,2025-03-21T00:00:00,2023,2015,0.795
2001,A,0,WESR / Global Material Flows Database,EN_MAT_DOMCMPG,12,MF_AGG3A,KG_PER_CON_USD,2025-03-21T00:00:00,2023,2015,0.78735
2002,A,0,WESR / Global Material Flows Database,EN_MAT_DOMCMPG,12,MF_AGG3A,KG_PER_CON_USD,2025-03-21T00:00:00,2023,2015,0.84778
2003,A,0,WESR / Global Material Flows Database,EN_MAT_DOMCMPG,12,MF_AGG3A,KG_PER_CON_USD,2025-03-21T00:00:00,2023,2015,0.90364
2004,A,0,WESR / Global Material Flows Database,EN_MAT_DOMCMPG,12,MF_AGG3A,KG_PER_CON_USD,2025-03-21T00:00:00,2023,2015,0.87269
2005,A,0,WESR / Global Material Flows Database,EN_MAT_DOMCMPG,12,MF_AGG3A,KG_PER_CON_USD,2025-03-21T00:00:00,2023,2015,0.89179
2006,A,0,WESR / Global Material Flows Database,EN_MAT_DOMCMPG,12,MF_AGG3A,KG_PER_CON_USD,2025-03-21T00:00:00,2023,2015,1.0135
2007,A,0,WESR / Global Material Flows Database,EN_MAT_DOMCMPG,12,MF_AGG3A,KG_PER_CON_USD,2025-03-21T00:00:00,2023,2015,1.1316
2008,A,0,WESR / Global Material Flows Database,EN_MAT_DOMCMPG,12,MF_AGG3A,KG_PER_CON_USD,2025-03-21T00:00:00,2023,2015,1.43494
2009,A,0,WESR / Global Material Flows Database,EN_MAT_DOMCMPG,12,MF_AGG3A,KG_PER_CON_USD,2025-03-21T00:00:00,2023,2015,1.40809
2010,A,0,WESR / Global Material Flows Database,EN_MAT_DOMCMPG,12,MF_AGG3A,KG_PER_CON_USD,2025-03-21T00:00:00,2023,2015,1.27341
2011,A,0,WESR / Global Material Flows Database,EN_MAT_DOMCMPG,12,MF_AGG3A,KG_PER_CON_USD,2025-03-21T00:00:00,2023,2015,1.18433
2012,A,0,WESR / Global Material Flows Database,EN_MAT_DOMCMPG,12,MF_AGG3A,KG_PER_CON_USD,2025-03-21T00:00:00,2023,2015,1.15518
2013,A,0,WESR / Global Material Flows Database,EN_MAT_DOMCMPG,12,MF_AGG3A,KG_PER_CON_USD,2025-03-21T00:00:00,2023,2015,1.03071
2014,A,0,WESR / Global Material Flows Database,EN_MAT_DOMCMPG,12,MF_AGG3A,KG_PER_CON_USD,2025-03-21T00:00:00,2023,2015,1.04642
2015,A,0,WESR / Global Material Flows Database,EN_MAT_DOMCMPG,12,MF_AGG3A,KG_PER_CON_USD,2025-03-21T00:00:00,2023,2015,1.22569
2016,A,0,WESR / Global Material Flows Database,EN_MAT_DOMCMPG,12,MF_AGG3A,KG_PER_CON_USD,2025-03-21T00:00:00,2023,2015,1.18439
2017,A,0,WESR / Global Material Flows Database,EN_MAT_DOMCMPG,12,MF_AGG3A,KG_PER_CON_USD,2025-03-21T00:00:00,2023,2015,1.26471
2018,A,0,WESR / Global Material Flows Database,EN_MAT_DOMCMPG,12,MF_AGG3A,KG_PER_CON_USD,2025-03-21T00:00:00,2023,2015,1.3025
2019,A,0,WESR / Global Material Flows Database,EN_MAT_DOMCMPG,12,MF_AGG3A,KG_PER_CON_USD,2025-03-21T00:00:00,2023,2015,1.13144
2020,A,0,WESR / Global Material Flows Database,EN_MAT_DOMCMPG,12,MF_AGG3A,KG_PER_CON_USD,2025-03-21T00:00:00,2023,2015,1.15361
2021,A,0,WESR / Global Material Flows Database,EN_MAT_DOMCMPG,12,MF_AGG3A,KG_PER_CON_USD,2025-03-21T00:00:00,2023,2015,1.13206
2022,A,0,WESR / Global Material Flows Database,EN_MAT_DOMCMPG,12,MF_AGG3A,KG_PER_CON_USD,2025-03-21T00:00:00,2023,2015,1.13086
2023,A,0,WESR / Global Material Flows Database,EN_MAT_DOMCMPG,12,MF_AGG3A,KG_PER_CON_USD,2025-03-21T00:00:00,2023,2015,1.09759
2000,A,0,WESR / Global Material Flows Database,EN_MAT_DOMCMPG,12,MF_AGG3B,KG_PER_CON_USD,2025-03-21T00:00:00,2023,2015,0.01615
2001,A,0,WESR / Global Material Flows Database,EN_MAT_DOMCMPG,12,MF_AGG3B,KG_PER_CON_USD,2025-03-21T00:00:00,2023,2015,0.01454
2002,A,0,WESR / Global Material Flows Database,EN_MAT_DOMCMPG,12,MF_AGG3B,KG_PER_CON_USD,2025-03-21T00:00:00,2023,2015,0.01493
2003,A,0,WESR / Global Material Flows Database,EN_MAT_DOMCMPG,12,MF_AGG3B,KG_PER_CON_USD,2025-03-21T00:00:00,2023,2015,0.01489
2004,A,0,WESR / Global Material Flows Database,EN_MAT_DOMCMPG,12,MF_AGG3B,KG_PER_CON_USD,2025-03-21T00:00:00,2023,2015,0.01367
2005,A,0,WESR / Global Material Flows Database,EN_MAT_DOMCMPG,12,MF_AGG3B,KG_PER_CON_USD,2025-03-21T00:00:00,2023,2015,0.01653
2006,A,0,WESR / Global Material Flows Database,EN_MAT_DOMCMPG,12,MF_AGG3B,KG_PER_CON_USD,2025-03-21T00:00:00,2023,2015,0.01302
2007,A,0,WESR / Global Material Flows Database,EN_MAT_DOMCMPG,12,MF_AGG3B,KG_PER_CON_USD,2025-03-21T00:00:00,2023,2015,0.01602
2008,A,0,WESR / Global Material Flows Database,EN_MAT_DOMCMPG,12,MF_AGG3B,KG_PER_CON_USD,2025-03-21T00:00:00,2023,2015,0.01578
2009,A,0,WESR / Global Material Flows Database,EN_MAT_DOMCMPG,12,MF_AGG3B,KG_PER_CON_USD,2025-03-21T00:00:00,2023,2015,0.01342
2010,A,0,WESR / Global Material Flows Database,EN_MAT_DOMCMPG,12,MF_AGG3B,KG_PER_CON_USD,2025-03-21T00:00:00,2023,2015,0.01799
2011,A,0,WESR / Global Material Flows Database,EN_MAT_DOMCMPG,12,MF_AGG3B,KG_PER_CON_USD,2025-03-21T00:00:00,2023,2015,0.01038
2012,A,0,WESR / Global Material Flows Database,EN_MAT_DOMCMPG,12,MF_AGG3B,KG_PER_CON_USD,2025-03-21T00:00:00,2023,2015,0.01155
2013,A,0,WESR / Global Material Flows Database,EN_MAT_DOMCMPG,12,MF_AGG3B,KG_PER_CON_USD,2025-03-21T00:00:00,2023,2015,0.01149
2014,A,0,WESR / Global Material Flows Database,EN_MAT_DOMCMPG,12,MF_AGG3B,KG_PER_CON_USD,2025-03-21T00:00:00,2023,2015,0.00675
2015,A,0,WESR / Global Material Flows Database,EN_MAT_DOMCMPG,12,MF_AGG3B,KG_PER_CON_USD,2025-03-21T00:00:00,2023,2015,0.00127
2016,A,0,WESR / Global Material Flows Database,EN_MAT_DOMCMPG,12,MF_AGG3B,KG_PER_CON_USD,2025-03-21T00:00:00,2023,2015,-0.00121
2017,A,0,WESR / Global Material Flows Database,EN_MAT_DOMCMPG,12,MF_AGG3B,KG_PER_CON_USD,2025-03-21T00:00:00,2023,2015,-0.00198
2018,A,0,WESR / Global Material Flows Database,EN_MAT_DOMCMPG,12,MF_AGG3B,KG_PER_CON_USD,2025-03-21T00:00:00,2023,2015,-0.00151
2019,A,0,WESR / Global Material Flows Database,EN_MAT_DOMCMPG,12,MF_AGG3B,KG_PER_CON_USD,2025-03-21T00:00:00,2023,2015,-0.00087
2020,A,0,WESR / Global Material Flows Database,EN_MAT_DOMCMPG,12,MF_AGG3B,KG_PER_CON_USD,2025-03-21T00:00:00,2023,2015,-0.00323
2021,A,0,WESR / Global Material Flows Database,EN_MAT_DOMCMPG,12,MF_AGG3B,KG_PER_CON_USD,2025-03-21T00:00:00,2023,2015,-0.00328
2022,A,0,WESR / Global Material Flows Database,EN_MAT_DOMCMPG,12,MF_AGG3B,KG_PER_CON_USD,2025-03-21T00:00:00,2023,2015,-0.00337
2023,A,0,WESR / Global Material Flows Database,EN_MAT_DOMCMPG,12,MF_AGG3B,KG_PER_CON_USD,2025-03-21T00:00:00,2023,2015,-0.00367
2000,A,0,WESR / Global Material Flows Database,EN_MAT_DOMCMPG,12,MF1,KG_PER_CON_USD,2025-03-21T00:00:00,2023,2015,0.36553
2001,A,0,WESR / Global Material Flows Database,EN_MAT_DOMCMPG,12,MF1,KG_PER_CON_USD,2025-03-21T00:00:00,2023,2015,0.38994
2002,A,0,WESR / Global Material Flows Database,EN_MAT_DOMCMPG,12,MF1,KG_PER_CON_USD,2025-03-21T00:00:00,2023,2015,0.38271
2003,A,0,WESR / Global Material Flows Database,EN_MAT_DOMCMPG,12,MF1,KG_PER_CON_USD,2025-03-21T00:00:00,2023,2015,0.40556
2004,A,0,WESR / Global Material Flows Database,EN_MAT_DOMCMPG,12,MF1,KG_PER_CON_USD,2025-03-21T00:00:00,2023,2015,0.40691
2005,A,0,WESR / Global Material Flows Database,EN_MAT_DOMCMPG,12,MF1,KG_PER_CON_USD,2025-03-21T00:00:00,2023,2015,0.38838
2006,A,0,WESR / Global Material Flows Database,EN_MAT_DOMCMPG,12,MF1,KG_PER_CON_USD,2025-03-21T00:00:00,2023,2015,0.38937
2007,A,0,WESR / Global Material Flows Database,EN_MAT_DOMCMPG,12,MF1,KG_PER_CON_USD,2025-03-21T00:00:00,2023,2015,0.36327
2008,A,0,WESR / Global Material Flows Database,EN_MAT_DOMCMPG,12,MF1,KG_PER_CON_USD,2025-03-21T00:00:00,2023,2015,0.34535
2009,A,0,WESR / Global Material Flows Database,EN_MAT_DOMCMPG,12,MF1,KG_PER_CON_USD,2025-03-21T00:00:00,2023,2015,0.41929
2010,A,0,WESR / Global Material Flows Database,EN_MAT_DOMCMPG,12,MF1,KG_PER_CON_USD,2025-03-21T00:00:00,2023,2015,0.40685
2011,A,0,WESR / Global Material Flows Database,EN_MAT_DOMCMPG,12,MF1,KG_PER_CON_USD,2025-03-21T00:00:00,2023,2015,0.44432
2012,A,0,WESR / Global Material Flows Database,EN_MAT_DOMCMPG,12,MF1,KG_PER_CON_USD,2025-03-21T00:00:00,2023,2015,0.44446
2013,A,0,WESR / Global Material Flows Database,EN_MAT_DOMCMPG,12,MF1,KG_PER_CON_USD,2025-03-21T00:00:00,2023,2015,0.45798
2014,A,0,WESR / Global Material Flows Database,EN_MAT_DOMCMPG,12,MF1,KG_PER_CON_USD,2025-03-21T00:00:00,2023,2015,0.44165
2015,A,0,WESR / Global Material Flows Database,EN_MAT_DOMCMPG,12,MF1,KG_PER_CON_USD,2025-03-21T00:00:00,2023,2015,0.44767
2016,A,0,WESR / Global Material Flows Database,EN_MAT_DOMCMPG,12,MF1,KG_PER_CON_USD,2025-03-21T00:00:00,2023,2015,0.4294
2017,A,0,WESR / Global Material Flows Database,EN_MAT_DOMCMPG,12,MF1,KG_PER_CON_USD,2025-03-21T00:00:00,2023,2015,0.4195
2018,A,0,WESR / Global Material Flows Database,EN_MAT_DOMCMPG,12,MF1,KG_PER_CON_USD,2025-03-21T00:00:00,2023,2015,0.45868
2019,A,0,WESR / Global Material Flows Database,EN_MAT_DOMCMPG,12,MF1,KG_PER_CON_USD,2025-03-21T00:00:00,2023,2015,0.43431
2020,A,0,WESR / Global Material Flows Database,EN_MAT_DOMCMPG,12,MF1,KG_PER_CON_USD,2025-03-21T00:00:00,2023,2015,0.4275
2021,A,0,WESR / Global Material Flows Database,EN_MAT_DOMCMPG,12,MF1,KG_PER_CON_USD,2025-03-21T00:00:00,2023,2015,0.3669
2022,A,0,WESR / Global Material Flows Database,EN_MAT_DOMCMPG,12,MF1,KG_PER_CON_USD,2025-03-21T00:00:00,2023,2015,0.35891
2023,A,0,WESR / Global Material Flows Database,EN_MAT_DOMCMPG,12,MF1,KG_PER_CON_USD,2025-03-21T00:00:00,2023,2015,0.34178
2000,A,0,WESR / Global Material Flows Database,EN_MAT_DOMCMPG,12,MF11,KG_PER_CON_USD,2025-03-21T00:00:00,2023,2015,0.16129
2001,A,0,WESR / Global Material Flows Database,EN_MAT_DOMCMPG,12,MF11,KG_PER_CON_USD,2025-03-21T00:00:00,2023,2015,0.17066
2002,A,0,WESR / Global Material Flows Database,EN_MAT_DOMCMPG,12,MF11,KG_PER_CON_USD,2025-03-21T00:00:00,2023,2015,0.18311
2003,A,0,WESR / Global Material Flows Database,EN_MAT_DOMCMPG,12,MF11,KG_PER_CON_USD,2025-03-21T00:00:00,2023,2015,0.18695
2004,A,0,WESR / Global Material Flows Database,EN_MAT_DOMCMPG,12,MF11,KG_PER_CON_USD,2025-03-21T00:00:00,2023,2015,0.188
2005,A,0,WESR / Global Material Flows Database,EN_MAT_DOMCMPG,12,MF11,KG_PER_CON_USD,2025-03-21T00:00:00,2023,2015,0.18623
2006,A,0,WESR / Global Material Flows Database,EN_MAT_DOMCMPG,12,MF11,KG_PER_CON_USD,2025-03-21T00:00:00,2023,2015,0.18447
2007,A,0,WESR / Global Material Flows Database,EN_MAT_DOMCMPG,12,MF11,KG_PER_CON_USD,2025-03-21T00:00:00,2023,2015,0.16985
2008,A,0,WESR / Global Material Flows Database,EN_MAT_DOMCMPG,12,MF11,KG_PER_CON_USD,2025-03-21T00:00:00,2023,2015,0.17113
2009,A,0,WESR / Global Material Flows Database,EN_MAT_DOMCMPG,12,MF11,KG_PER_CON_USD,2025-03-21T00:00:00,2023,2015,0.20255
2010,A,0,WESR / Global Material Flows Database,EN_MAT_DOMCMPG,12,MF11,KG_PER_CON_USD,2025-03-21T00:00:00,2023,2015,0.19866
2011,A,0,WESR / Global Material Flows Database,EN_MAT_DOMCMPG,12,MF11,KG_PER_CON_USD,2025-03-21T00:00:00,2023,2015,0.23018
2012,A,0,WESR / Global Material Flows Database,EN_MAT_DOMCMPG,12,MF11,KG_PER_CON_USD,2025-03-21T00:00:00,2023,2015,0.22566
2013,A,0,WESR / Global Material Flows Database,EN_MAT_DOMCMPG,12,MF11,KG_PER_CON_USD,2025-03-21T00:00:00,2023,2015,0.23654
2014,A,0,WESR / Global Material Flows Database,EN_MAT_DOMCMPG,12,MF11,KG_PER_CON_USD,2025-03-21T00:00:00,2023,2015,0.23493
2015,A,0,WESR / Global Material Flows Database,EN_MAT_DOMCMPG,12,MF11,KG_PER_CON_USD,2025-03-21T00:00:00,2023,2015,0.24199
2016,A,0,WESR / Global Material Flows Database,EN_MAT_DOMCMPG,12,MF11,KG_PER_CON_USD,2025-03-21T00:00:00,2023,2015,0.23188
2017,A,0,WESR / Global Material Flows Database,EN_MAT_DOMCMPG,12,MF11,KG_PER_CON_USD,2025-03-21T00:00:00,2023,2015,0.22751
2018,A,0,WESR / Global Material Flows Database,EN_MAT_DOMCMPG,12,MF11,KG_PER_CON_USD,2025-03-21T00:00:00,2023,2015,0.24897
2019,A,0,WESR / Global Material Flows Database,EN_MAT_DOMCMPG,12,MF11,KG_PER_CON_USD,2025-03-21T00:00:00,2023,2015,0.23802
2020,A,0,WESR / Global Material Flows Database,EN_MAT_DOMCMPG,12,MF11,KG_PER_CON_USD,2025-03-21T00:00:00,2023,2015,0.23673
2021,A,0,WESR / Global Material Flows Database,EN_MAT_DOMCMPG,12,MF11,KG_PER_CON_USD,2025-03-21T00:00:00,2023,2015,0.20183
2022,A,0,WESR / Global Material Flows Database,EN_MAT_DOMCMPG,12,MF11,KG_PER_CON_USD,2025-03-21T00:00:00,2023,2015,0.19852
2023,A,0,WESR / Global Material Flows Database,EN_MAT_DOMCMPG,12,MF11,KG_PER_CON_USD,2025-03-21T00:00:00,2023,2015,0.19035
2000,A,0,WESR / Global Material Flows Database,EN_MAT_DOMCMPG,12,MF121,KG_PER_CON_USD,2025-03-21T00:00:00,2023,2015,0.02611
2001,A,0,WESR / Global Material Flows Database,EN_MAT_DOMCMPG,12,MF121,KG_PER_CON_USD,2025-03-21T00:00:00,2023,2015,0.04405
2002,A,0,WESR / Global Material Flows Database,EN_MAT_DOMCMPG,12,MF121,KG_PER_CON_USD,2025-03-21T00:00:00,2023,2015,0.03608
2003,A,0,WESR / Global Material Flows Database,EN_MAT_DOMCMPG,12,MF121,KG_PER_CON_USD,2025-03-21T00:00:00,2023,2015,0.06155
2004,A,0,WESR / Global Material Flows Database,EN_MAT_DOMCMPG,12,MF121,KG_PER_CON_USD,2025-03-21T00:00:00,2023,2015,0.06188
2005,A,0,WESR / Global Material Flows Database,EN_MAT_DOMCMPG,12,MF121,KG_PER_CON_USD,2025-03-21T00:00:00,2023,2015,0.05265
2006,A,0,WESR / Global Material Flows Database,EN_MAT_DOMCMPG,12,MF121,KG_PER_CON_USD,2025-03-21T00:00:00,2023,2015,0.05588
2007,A,0,WESR / Global Material Flows Database,EN_MAT_DOMCMPG,12,MF121,KG_PER_CON_USD,2025-03-21T00:00:00,2023,2015,0.04541
2008,A,0,WESR / Global Material Flows Database,EN_MAT_DOMCMPG,12,MF121,KG_PER_CON_USD,2025-03-21T00:00:00,2023,2015,0.03018
2009,A,0,WESR / Global Material Flows Database,EN_MAT_DOMCMPG,12,MF121,KG_PER_CON_USD,2025-03-21T00:00:00,2023,2015,0.06829
2010,A,0,WESR / Global Material Flows Database,EN_MAT_DOMCMPG,12,MF121,KG_PER_CON_USD,2025-03-21T00:00:00,2023,2015,0.05828
2011,A,0,WESR / Global Material Flows Database,EN_MAT_DOMCMPG,12,MF121,KG_PER_CON_USD,2025-03-21T00:00:00,2023,2015,0.06398
2012,A,0,WESR / Global Material Flows Database,EN_MAT_DOMCMPG,12,MF121,KG_PER_CON_USD,2025-03-21T00:00:00,2023,2015,0.06791
2013,A,0,WESR / Global Material Flows Database,EN_MAT_DOMCMPG,12,MF121,KG_PER_CON_USD,2025-03-21T00:00:00,2023,2015,0.06995
2014,A,0,WESR / Global Material Flows Database,EN_MAT_DOMCMPG,12,MF121,KG_PER_CON_USD,2025-03-21T00:00:00,2023,2015,0.05413
2015,A,0,WESR / Global Material Flows Database,EN_MAT_DOMCMPG,12,MF121,KG_PER_CON_USD,2025-03-21T00:00:00,2023,2015,0.05601
2016,A,0,WESR / Global Material Flows Database,EN_MAT_DOMCMPG,12,MF121,KG_PER_CON_USD,2025-03-21T00:00:00,2023,2015,0.05359
2017,A,0,WESR / Global Material Flows Database,EN_MAT_DOMCMPG,12,MF121,KG_PER_CON_USD,2025-03-21T00:00:00,2023,2015,0.05236
2018,A,0,WESR / Global Material Flows Database,EN_MAT_DOMCMPG,12,MF121,KG_PER_CON_USD,2025-03-21T00:00:00,2023,2015,0.0717
2019,A,0,WESR / Global Material Flows Database,EN_MAT_DOMCMPG,12,MF121,KG_PER_CON_USD,2025-03-21T00:00:00,2023,2015,0.06673
2020,A,0,WESR / Global Material Flows Database,EN_MAT_DOMCMPG,12,MF121,KG_PER_CON_USD,2025-03-21T00:00:00,2023,2015,0.05998
2021,A,0,WESR / Global Material Flows Database,EN_MAT_DOMCMPG,12,MF121,KG_PER_CON_USD,2025-03-21T00:00:00,2023,2015,0.04098
2022,A,0,WESR / Global Material Flows Database,EN_MAT_DOMCMPG,12,MF121,KG_PER_CON_USD,2025-03-21T00:00:00,2023,2015,0.04037
2023,A,0,WESR / Global Material Flows Database,EN_MAT_DOMCMPG,12,MF121,KG_PER_CON_USD,2025-03-21T00:00:00,2023,2015,0.03884
2000,A,0,WESR / Global Material Flows Database,EN_MAT_DOMCMPG,12,MF122,KG_PER_CON_USD,2025-03-21T00:00:00,2023,2015,0.12679
2001,A,0,WESR / Global Material Flows Database,EN_MAT_DOMCMPG,12,MF122,KG_PER_CON_USD,2025-03-21T00:00:00,2023,2015,0.12343
2002,A,0,WESR / Global Material Flows Database,EN_MAT_DOMCMPG,12,MF122,KG_PER_CON_USD,2025-03-21T00:00:00,2023,2015,0.11401
2003,A,0,WESR / Global Material Flows Database,EN_MAT_DOMCMPG,12,MF122,KG_PER_CON_USD,2025-03-21T00:00:00,2023,2015,0.10905
2004,A,0,WESR / Global Material Flows Database,EN_MAT_DOMCMPG,12,MF122,KG_PER_CON_USD,2025-03-21T00:00:00,2023,2015,0.10853
2005,A,0,WESR / Global Material Flows Database,EN_MAT_DOMCMPG,12,MF122,KG_PER_CON_USD,2025-03-21T00:00:00,2023,2015,0.10346
2006,A,0,WESR / Global Material Flows Database,EN_MAT_DOMCMPG,12,MF122,KG_PER_CON_USD,2025-03-21T00:00:00,2023,2015,0.10547
2007,A,0,WESR / Global Material Flows Database,EN_MAT_DOMCMPG,12,MF122,KG_PER_CON_USD,2025-03-21T00:00:00,2023,2015,0.10352
2008,A,0,WESR / Global Material Flows Database,EN_MAT_DOMCMPG,12,MF122,KG_PER_CON_USD,2025-03-21T00:00:00,2023,2015,0.10057
2009,A,0,WESR / Global Material Flows Database,EN_MAT_DOMCMPG,12,MF122,KG_PER_CON_USD,2025-03-21T00:00:00,2023,2015,0.10376
2010,A,0,WESR / Global Material Flows Database,EN_MAT_DOMCMPG,12,MF122,KG_PER_CON_USD,2025-03-21T00:00:00,2023,2015,0.1054
2011,A,0,WESR / Global Material Flows Database,EN_MAT_DOMCMPG,12,MF122,KG_PER_CON_USD,2025-03-21T00:00:00,2023,2015,0.10604
2012,A,0,WESR / Global Material Flows Database,EN_MAT_DOMCMPG,12,MF122,KG_PER_CON_USD,2025-03-21T00:00:00,2023,2015,0.10686
2013,A,0,WESR / Global Material Flows Database,EN_MAT_DOMCMPG,12,MF122,KG_PER_CON_USD,2025-03-21T00:00:00,2023,2015,0.10842
2014,A,0,WESR / Global Material Flows Database,EN_MAT_DOMCMPG,12,MF122,KG_PER_CON_USD,2025-03-21T00:00:00,2023,2015,0.10986
2015,A,0,WESR / Global Material Flows Database,EN_MAT_DOMCMPG,12,MF122,KG_PER_CON_USD,2025-03-21T00:00:00,2023,2015,0.10787
2016,A,0,WESR / Global Material Flows Database,EN_MAT_DOMCMPG,12,MF122,KG_PER_CON_USD,2025-03-21T00:00:00,2023,2015,0.10365
2017,A,0,WESR / Global Material Flows Database,EN_MAT_DOMCMPG,12,MF122,KG_PER_CON_USD,2025-03-21T00:00:00,2023,2015,0.09981
2018,A,0,WESR / Global Material Flows Database,EN_MAT_DOMCMPG,12,MF122,KG_PER_CON_USD,2025-03-21T00:00:00,2023,2015,0.09842
2019,A,0,WESR / Global Material Flows Database,EN_MAT_DOMCMPG,12,MF122,KG_PER_CON_USD,2025-03-21T00:00:00,2023,2015,0.09402
2020,A,0,WESR / Global Material Flows Database,EN_MAT_DOMCMPG,12,MF122,KG_PER_CON_USD,2025-03-21T00:00:00,2023,2015,0.09697
2021,A,0,WESR / Global Material Flows Database,EN_MAT_DOMCMPG,12,MF122,KG_PER_CON_USD,2025-03-21T00:00:00,2023,2015,0.09052
2022,A,0,WESR / Global Material Flows Database,EN_MAT_DOMCMPG,12,MF122,KG_PER_CON_USD,2025-03-21T00:00:00,2023,2015,0.08863
2023,A,0,WESR / Global Material Flows Database,EN_MAT_DOMCMPG,12,MF122,KG_PER_CON_USD,2025-03-21T00:00:00,2023,2015,0.08408
2000,A,0,WESR / Global Material Flows Database,EN_MAT_DOMCMPG,12,MF13,KG_PER_CON_USD,2025-03-21T00:00:00,2023,2015,0.05012
2001,A,0,WESR / Global Material Flows Database,EN_MAT_DOMCMPG,12,MF13,KG_PER_CON_USD,2025-03-21T00:00:00,2023,2015,0.05042
2002,A,0,WESR / Global Material Flows Database,EN_MAT_DOMCMPG,12,MF13,KG_PER_CON_USD,2025-03-21T00:00:00,2023,2015,0.04817
2003,A,0,WESR / Global Material Flows Database,EN_MAT_DOMCMPG,12,MF13,KG_PER_CON_USD,2025-03-21T00:00:00,2023,2015,0.04659
2004,A,0,WESR / Global Material Flows Database,EN_MAT_DOMCMPG,12,MF13,KG_PER_CON_USD,2025-03-21T00:00:00,2023,2015,0.04737
2005,A,0,WESR / Global Material Flows Database,EN_MAT_DOMCMPG,12,MF13,KG_PER_CON_USD,2025-03-21T00:00:00,2023,2015,0.04489
2006,A,0,WESR / Global Material Flows Database,EN_MAT_DOMCMPG,12,MF13,KG_PER_CON_USD,2025-03-21T00:00:00,2023,2015,0.04227
2007,A,0,WESR / Global Material Flows Database,EN_MAT_DOMCMPG,12,MF13,KG_PER_CON_USD,2025-03-21T00:00:00,2023,2015,0.04329
2008,A,0,WESR / Global Material Flows Database,EN_MAT_DOMCMPG,12,MF13,KG_PER_CON_USD,2025-03-21T00:00:00,2023,2015,0.04236
2009,A,0,WESR / Global Material Flows Database,EN_MAT_DOMCMPG,12,MF13,KG_PER_CON_USD,2025-03-21T00:00:00,2023,2015,0.04361
2010,A,0,WESR / Global Material Flows Database,EN_MAT_DOMCMPG,12,MF13,KG_PER_CON_USD,2025-03-21T00:00:00,2023,2015,0.04371
2011,A,0,WESR / Global Material Flows Database,EN_MAT_DOMCMPG,12,MF13,KG_PER_CON_USD,2025-03-21T00:00:00,2023,2015,0.04328
2012,A,0,WESR / Global Material Flows Database,EN_MAT_DOMCMPG,12,MF13,KG_PER_CON_USD,2025-03-21T00:00:00,2023,2015,0.04321
2013,A,0,WESR / Global Material Flows Database,EN_MAT_DOMCMPG,12,MF13,KG_PER_CON_USD,2025-03-21T00:00:00,2023,2015,0.04227
2014,A,0,WESR / Global Material Flows Database,EN_MAT_DOMCMPG,12,MF13,KG_PER_CON_USD,2025-03-21T00:00:00,2023,2015,0.04192
2015,A,0,WESR / Global Material Flows Database,EN_MAT_DOMCMPG,12,MF13,KG_PER_CON_USD,2025-03-21T00:00:00,2023,2015,0.04103
2016,A,0,WESR / Global Material Flows Database,EN_MAT_DOMCMPG,12,MF13,KG_PER_CON_USD,2025-03-21T00:00:00,2023,2015,0.03952
2017,A,0,WESR / Global Material Flows Database,EN_MAT_DOMCMPG,12,MF13,KG_PER_CON_USD,2025-03-21T00:00:00,2023,2015,0.03904
2018,A,0,WESR / Global Material Flows Database,EN_MAT_DOMCMPG,12,MF13,KG_PER_CON_USD,2025-03-21T00:00:00,2023,2015,0.0388
2019,A,0,WESR / Global Material Flows Database,EN_MAT_DOMCMPG,12,MF13,KG_PER_CON_USD,2025-03-21T00:00:00,2023,2015,0.03487
2020,A,0,WESR / Global Material Flows Database,EN_MAT_DOMCMPG,12,MF13,KG_PER_CON_USD,2025-03-21T00:00:00,2023,2015,0.03328
2021,A,0,WESR / Global Material Flows Database,EN_MAT_DOMCMPG,12,MF13,KG_PER_CON_USD,2025-03-21T00:00:00,2023,2015,0.03305
2022,A,0,WESR / Global Material Flows Database,EN_MAT_DOMCMPG,12,MF13,KG_PER_CON_USD,2025-03-21T00:00:00,2023,2015,0.03087
2023,A,0,WESR / Global Material Flows Database,EN_MAT_DOMCMPG,12,MF13,KG_PER_CON_USD,2025-03-21T00:00:00,2023,2015,0.02802
2000,A,0,WESR / Global Material Flows Database,EN_MAT_DOMCMPG,12,MF14,KG_PER_CON_USD,2025-03-21T00:00:00,2023,2015,0.00123
2001,A,0,WESR / Global Material Flows Database,EN_MAT_DOMCMPG,12,MF14,KG_PER_CON_USD,2025-03-21T00:00:00,2023,2015,0.00139
2002,A,0,WESR / Global Material Flows Database,EN_MAT_DOMCMPG,12,MF14,KG_PER_CON_USD,2025-03-21T00:00:00,2023,2015,0.00135
2003,A,0,WESR / Global Material Flows Database,EN_MAT_DOMCMPG,12,MF14,KG_PER_CON_USD,2025-03-21T00:00:00,2023,2015,0.00141
2004,A,0,WESR / Global Material Flows Database,EN_MAT_DOMCMPG,12,MF14,KG_PER_CON_USD,2025-03-21T00:00:00,2023,2015,0.00113
2005,A,0,WESR / Global Material Flows Database,EN_MAT_DOMCMPG,12,MF14,KG_PER_CON_USD,2025-03-21T00:00:00,2023,2015,0.00114
2006,A,0,WESR / Global Material Flows Database,EN_MAT_DOMCMPG,12,MF14,KG_PER_CON_USD,2025-03-21T00:00:00,2023,2015,0.00128
2007,A,0,WESR / Global Material Flows Database,EN_MAT_DOMCMPG,12,MF14,KG_PER_CON_USD,2025-03-21T00:00:00,2023,2015,0.00121
2008,A,0,WESR / Global Material Flows Database,EN_MAT_DOMCMPG,12,MF14,KG_PER_CON_USD,2025-03-21T00:00:00,2023,2015,0.00111
2009,A,0,WESR / Global Material Flows Database,EN_MAT_DOMCMPG,12,MF14,KG_PER_CON_USD,2025-03-21T00:00:00,2023,2015,0.00108
2010,A,0,WESR / Global Material Flows Database,EN_MAT_DOMCMPG,12,MF14,KG_PER_CON_USD,2025-03-21T00:00:00,2023,2015,0.0008
2011,A,0,WESR / Global Material Flows Database,EN_MAT_DOMCMPG,12,MF14,KG_PER_CON_USD,2025-03-21T00:00:00,2023,2015,0.00084
2012,A,0,WESR / Global Material Flows Database,EN_MAT_DOMCMPG,12,MF14,KG_PER_CON_USD,2025-03-21T00:00:00,2023,2015,0.00083
2013,A,0,WESR / Global Material Flows Database,EN_MAT_DOMCMPG,12,MF14,KG_PER_CON_USD,2025-03-21T00:00:00,2023,2015,0.0008
2014,A,0,WESR / Global Material Flows Database,EN_MAT_DOMCMPG,12,MF14,KG_PER_CON_USD,2025-03-21T00:00:00,2023,2015,0.00081
2015,A,0,WESR / Global Material Flows Database,EN_MAT_DOMCMPG,12,MF14,KG_PER_CON_USD,2025-03-21T00:00:00,2023,2015,0.00076
2016,A,0,WESR / Global Material Flows Database,EN_MAT_DOMCMPG,12,MF14,KG_PER_CON_USD,2025-03-21T00:00:00,2023,2015,0.00076
2017,A,0,WESR / Global Material Flows Database,EN_MAT_DOMCMPG,12,MF14,KG_PER_CON_USD,2025-03-21T00:00:00,2023,2015,0.00078
2018,A,0,WESR / Global Material Flows Database,EN_MAT_DOMCMPG,12,MF14,KG_PER_CON_USD,2025-03-21T00:00:00,2023,2015,0.00079
2019,A,0,WESR / Global Material Flows Database,EN_MAT_DOMCMPG,12,MF14,KG_PER_CON_USD,2025-03-21T00:00:00,2023,2015,0.00066
2020,A,0,WESR / Global Material Flows Database,EN_MAT_DOMCMPG,12,MF14,KG_PER_CON_USD,2025-03-21T00:00:00,2023,2015,0.00054
2021,A,0,WESR / Global Material Flows Database,EN_MAT_DOMCMPG,12,MF14,KG_PER_CON_USD,2025-03-21T00:00:00,2023,2015,0.00052
2022,A,0,WESR / Global Material Flows Database,EN_MAT_DOMCMPG,12,MF14,KG_PER_CON_USD,2025-03-21T00:00:00,2023,2015,0.00052
2023,A,0,WESR / Global Material Flows Database,EN_MAT_DOMCMPG,12,MF14,KG_PER_CON_USD,2025-03-21T00:00:00,2023,2015,0.0005
2000,A,0,WESR / Global Material Flows Database,EN_MAT_DOMCMPG,12,MF2,KG_PER_CON_USD,2025-03-21T00:00:00,2023,2015,0.03119
2001,A,0,WESR / Global Material Flows Database,EN_MAT_DOMCMPG,12,MF2,KG_PER_CON_USD,2025-03-21T00:00:00,2023,2015,0.03182
2002,A,0,WESR / Global Material Flows Database,EN_MAT_DOMCMPG,12,MF2,KG_PER_CON_USD,2025-03-21T00:00:00,2023,2015,0.02897
2003,A,0,WESR / Global Material Flows Database,EN_MAT_DOMCMPG,12,MF2,KG_PER_CON_USD,2025-03-21T00:00:00,2023,2015,0.03608
2004,A,0,WESR / Global Material Flows Database,EN_MAT_DOMCMPG,12,MF2,KG_PER_CON_USD,2025-03-21T00:00:00,2023,2015,0.03816
2005,A,0,WESR / Global Material Flows Database,EN_MAT_DOMCMPG,12,MF2,KG_PER_CON_USD,2025-03-21T00:00:00,2023,2015,0.04263
2006,A,0,WESR / Global Material Flows Database,EN_MAT_DOMCMPG,12,MF2,KG_PER_CON_USD,2025-03-21T00:00:00,2023,2015,0.04956
2007,A,0,WESR / Global Material Flows Database,EN_MAT_DOMCMPG,12,MF2,KG_PER_CON_USD,2025-03-21T00:00:00,2023,2015,0.04282
2008,A,0,WESR / Global Material Flows Database,EN_MAT_DOMCMPG,12,MF2,KG_PER_CON_USD,2025-03-21T00:00:00,2023,2015,0.05335
2009,A,0,WESR / Global Material Flows Database,EN_MAT_DOMCMPG,12,MF2,KG_PER_CON_USD,2025-03-21T00:00:00,2023,2015,0.05448
2010,A,0,WESR / Global Material Flows Database,EN_MAT_DOMCMPG,12,MF2,KG_PER_CON_USD,2025-03-21T00:00:00,2023,2015,0.04412
2011,A,0,WESR / Global Material Flows Database,EN_MAT_DOMCMPG,12,MF2,KG_PER_CON_USD,2025-03-21T00:00:00,2023,2015,0.0444
2012,A,0,WESR / Global Material Flows Database,EN_MAT_DOMCMPG,12,MF2,KG_PER_CON_USD,2025-03-21T00:00:00,2023,2015,0.04823
2013,A,0,WESR / Global Material Flows Database,EN_MAT_DOMCMPG,12,MF2,KG_PER_CON_USD,2025-03-21T00:00:00,2023,2015,0.04478
2014,A,0,WESR / Global Material Flows Database,EN_MAT_DOMCMPG,12,MF2,KG_PER_CON_USD,2025-03-21T00:00:00,2023,2015,0.04606
2015,A,0,WESR / Global Material Flows Database,EN_MAT_DOMCMPG,12,MF2,KG_PER_CON_USD,2025-03-21T00:00:00,2023,2015,0.05003
2016,A,0,WESR / Global Material Flows Database,EN_MAT_DOMCMPG,12,MF2,KG_PER_CON_USD,2025-03-21T00:00:00,2023,2015,0.04229
2017,A,0,WESR / Global Material Flows Database,EN_MAT_DOMCMPG,12,MF2,KG_PER_CON_USD,2025-03-21T00:00:00,2023,2015,0.02855
2018,A,0,WESR / Global Material Flows Database,EN_MAT_DOMCMPG,12,MF2,KG_PER_CON_USD,2025-03-21T00:00:00,2023,2015,0.02915
2019,A,0,WESR / Global Material Flows Database,EN_MAT_DOMCMPG,12,MF2,KG_PER_CON_USD,2025-03-21T00:00:00,2023,2015,0.02783
2020,A,0,WESR / Global Material Flows Database,EN_MAT_DOMCMPG,12,MF2,KG_PER_CON_USD,2025-03-21T00:00:00,2023,2015,0.02821
2021,A,0,WESR / Global Material Flows Database,EN_MAT_DOMCMPG,12,MF2,KG_PER_CON_USD,2025-03-21T00:00:00,2023,2015,0.02731
2022,A,0,WESR / Global Material Flows Database,EN_MAT_DOMCMPG,12,MF2,KG_PER_CON_USD,2025-03-21T00:00:00,2023,2015,0.02746
2023,A,0,WESR / Global Material Flows Database,EN_MAT_DOMCMPG,12,MF2,KG_PER_CON_USD,2025-03-21T00:00:00,2023,2015,0.02707
2000,A,0,WESR / Global Material Flows Database,EN_MAT_DOMCMPG,12,MF21,KG_PER_CON_USD,2025-03-21T00:00:00,2023,2015,0.02945
2001,A,0,WESR / Global Material Flows Database,EN_MAT_DOMCMPG,12,MF21,KG_PER_CON_USD,2025-03-21T00:00:00,2023,2015,0.02963
2002,A,0,WESR / Global Material Flows Database,EN_MAT_DOMCMPG,12,MF21,KG_PER_CON_USD,2025-03-21T00:00:00,2023,2015,0.02618
2003,A,0,WESR / Global Material Flows Database,EN_MAT_DOMCMPG,12,MF21,KG_PER_CON_USD,2025-03-21T00:00:00,2023,2015,0.03454
2004,A,0,WESR / Global Material Flows Database,EN_MAT_DOMCMPG,12,MF21,KG_PER_CON_USD,2025-03-21T00:00:00,2023,2015,0.03591
2005,A,0,WESR / Global Material Flows Database,EN_MAT_DOMCMPG,12,MF21,KG_PER_CON_USD,2025-03-21T00:00:00,2023,2015,0.04017
2006,A,0,WESR / Global Material Flows Database,EN_MAT_DOMCMPG,12,MF21,KG_PER_CON_USD,2025-03-21T00:00:00,2023,2015,0.0483
2007,A,0,WESR / Global Material Flows Database,EN_MAT_DOMCMPG,12,MF21,KG_PER_CON_USD,2025-03-21T00:00:00,2023,2015,0.04159
2008,A,0,WESR / Global Material Flows Database,EN_MAT_DOMCMPG,12,MF21,KG_PER_CON_USD,2025-03-21T00:00:00,2023,2015,0.05129
2009,A,0,WESR / Global Material Flows Database,EN_MAT_DOMCMPG,12,MF21,KG_PER_CON_USD,2025-03-21T00:00:00,2023,2015,0.05139
2010,A,0,WESR / Global Material Flows Database,EN_MAT_DOMCMPG,12,MF21,KG_PER_CON_USD,2025-03-21T00:00:00,2023,2015,0.04162
2011,A,0,WESR / Global Material Flows Database,EN_MAT_DOMCMPG,12,MF21,KG_PER_CON_USD,2025-03-21T00:00:00,2023,2015,0.04239
2012,A,0,WESR / Global Material Flows Database,EN_MAT_DOMCMPG,12,MF21,KG_PER_CON_USD,2025-03-21T00:00:00,2023,2015,0.04635
2013,A,0,WESR / Global Material Flows Database,EN_MAT_DOMCMPG,12,MF21,KG_PER_CON_USD,2025-03-21T00:00:00,2023,2015,0.04316
2014,A,0,WESR / Global Material Flows Database,EN_MAT_DOMCMPG,12,MF21,KG_PER_CON_USD,2025-03-21T00:00:00,2023,2015,0.0445
2015,A,0,WESR / Global Material Flows Database,EN_MAT_DOMCMPG,12,MF21,KG_PER_CON_USD,2025-03-21T00:00:00,2023,2015,0.04838
2016,A,0,WESR / Global Material Flows Database,EN_MAT_DOMCMPG,12,MF21,KG_PER_CON_USD,2025-03-21T00:00:00,2023,2015,0.04054
2017,A,0,WESR / Global Material Flows Database,EN_MAT_DOMCMPG,12,MF21,KG_PER_CON_USD,2025-03-21T00:00:00,2023,2015,0.02726
2018,A,0,WESR / Global Material Flows Database,EN_MAT_DOMCMPG,12,MF21,KG_PER_CON_USD,2025-03-21T00:00:00,2023,2015,0.02756
2019,A,0,WESR / Global Material Flows Database,EN_MAT_DOMCMPG,12,MF21,KG_PER_CON_USD,2025-03-21T00:00:00,2023,2015,0.02671
2020,A,0,WESR / Global Material Flows Database,EN_MAT_DOMCMPG,12,MF21,KG_PER_CON_USD,2025-03-21T00:00:00,2023,2015,0.027
2021,A,0,WESR / Global Material Flows Database,EN_MAT_DOMCMPG,12,MF21,KG_PER_CON_USD,2025-03-21T00:00:00,2023,2015,0.02616
2022,A,0,WESR / Global Material Flows Database,EN_MAT_DOMCMPG,12,MF21,KG_PER_CON_USD,2025-03-21T00:00:00,2023,2015,0.02629
2023,A,0,WESR / Global Material Flows Database,EN_MAT_DOMCMPG,12,MF21,KG_PER_CON_USD,2025-03-21T00:00:00,2023,2015,0.0259
2000,A,0,WESR / Global Material Flows Database,EN_MAT_DOMCMPG,12,MF22,KG_PER_CON_USD,2025-03-21T00:00:00,2023,2015,0.00175
2001,A,0,WESR / Global Material Flows Database,EN_MAT_DOMCMPG,12,MF22,KG_PER_CON_USD,2025-03-21T00:00:00,2023,2015,0.00218
2002,A,0,WESR / Global Material Flows Database,EN_MAT_DOMCMPG,12,MF22,KG_PER_CON_USD,2025-03-21T00:00:00,2023,2015,0.00279
2003,A,0,WESR / Global Material Flows Database,EN_MAT_DOMCMPG,12,MF22,KG_PER_CON_USD,2025-03-21T00:00:00,2023,2015,0.00154
2004,A,0,WESR / Global Material Flows Database,EN_MAT_DOMCMPG,12,MF22,KG_PER_CON_USD,2025-03-21T00:00:00,2023,2015,0.00225
2005,A,0,WESR / Global Material Flows Database,EN_MAT_DOMCMPG,12,MF22,KG_PER_CON_USD,2025-03-21T00:00:00,2023,2015,0.00246
2006,A,0,WESR / Global Material Flows Database,EN_MAT_DOMCMPG,12,MF22,KG_PER_CON_USD,2025-03-21T00:00:00,2023,2015,0.00126
2007,A,0,WESR / Global Material Flows Database,EN_MAT_DOMCMPG,12,MF22,KG_PER_CON_USD,2025-03-21T00:00:00,2023,2015,0.00122
2008,A,0,WESR / Global Material Flows Database,EN_MAT_DOMCMPG,12,MF22,KG_PER_CON_USD,2025-03-21T00:00:00,2023,2015,0.00206
2009,A,0,WESR / Global Material Flows Database,EN_MAT_DOMCMPG,12,MF22,KG_PER_CON_USD,2025-03-21T00:00:00,2023,2015,0.00309
2010,A,0,WESR / Global Material Flows Database,EN_MAT_DOMCMPG,12,MF22,KG_PER_CON_USD,2025-03-21T00:00:00,2023,2015,0.00251
2011,A,0,WESR / Global Material Flows Database,EN_MAT_DOMCMPG,12,MF22,KG_PER_CON_USD,2025-03-21T00:00:00,2023,2015,0.00201
2012,A,0,WESR / Global Material Flows Database,EN_MAT_DOMCMPG,12,MF22,KG_PER_CON_USD,2025-03-21T00:00:00,2023,2015,0.00188
2013,A,0,WESR / Global Material Flows Database,EN_MAT_DOMCMPG,12,MF22,KG_PER_CON_USD,2025-03-21T00:00:00,2023,2015,0.00162
2014,A,0,WESR / Global Material Flows Database,EN_MAT_DOMCMPG,12,MF22,KG_PER_CON_USD,2025-03-21T00:00:00,2023,2015,0.00156
2015,A,0,WESR / Global Material Flows Database,EN_MAT_DOMCMPG,12,MF22,KG_PER_CON_USD,2025-03-21T00:00:00,2023,2015,0.00165
2016,A,0,WESR / Global Material Flows Database,EN_MAT_DOMCMPG,12,MF22,KG_PER_CON_USD,2025-03-21T00:00:00,2023,2015,0.00174
2017,A,0,WESR / Global Material Flows Database,EN_MAT_DOMCMPG,12,MF22,KG_PER_CON_USD,2025-03-21T00:00:00,2023,2015,0.00128
2018,A,0,WESR / Global Material Flows Database,EN_MAT_DOMCMPG,12,MF22,KG_PER_CON_USD,2025-03-21T00:00:00,2023,2015,0.0016
2019,A,0,WESR / Global Material Flows Database,EN_MAT_DOMCMPG,12,MF22,KG_PER_CON_USD,2025-03-21T00:00:00,2023,2015,0.00112
2020,A,0,WESR / Global Material Flows Database,EN_MAT_DOMCMPG,12,MF22,KG_PER_CON_USD,2025-03-21T00:00:00,2023,2015,0.0012
2021,A,0,WESR / Global Material Flows Database,EN_MAT_DOMCMPG,12,MF22,KG_PER_CON_USD,2025-03-21T00:00:00,2023,2015,0.00115
2022,A,0,WESR / Global Material Flows Database,EN_MAT_DOMCMPG,12,MF22,KG_PER_CON_USD,2025-03-21T00:00:00,2023,2015,0.00117
2023,A,0,WESR / Global Material Flows Database,EN_MAT_DOMCMPG,12,MF22,KG_PER_CON_USD,2025-03-21T00:00:00,2023,2015,0.00117
2000,A,0,WESR / Global Material Flows Database,EN_MAT_DOMCMPG,12,MF3,KG_PER_CON_USD,2025-03-21T00:00:00,2023,2015,0.81115
2001,A,0,WESR / Global Material Flows Database,EN_MAT_DOMCMPG,12,MF3,KG_PER_CON_USD,2025-03-21T00:00:00,2023,2015,0.80189
2002,A,0,WESR / Global Material Flows Database,EN_MAT_DOMCMPG,12,MF3,KG_PER_CON_USD,2025-03-21T00:00:00,2023,2015,0.86271
2003,A,0,WESR / Global Material Flows Database,EN_MAT_DOMCMPG,12,MF3,KG_PER_CON_USD,2025-03-21T00:00:00,2023,2015,0.91853
2004,A,0,WESR / Global Material Flows Database,EN_MAT_DOMCMPG,12,MF3,KG_PER_CON_USD,2025-03-21T00:00:00,2023,2015,0.88636
2005,A,0,WESR / Global Material Flows Database,EN_MAT_DOMCMPG,12,MF3,KG_PER_CON_USD,2025-03-21T00:00:00,2023,2015,0.90832
2006,A,0,WESR / Global Material Flows Database,EN_MAT_DOMCMPG,12,MF3,KG_PER_CON_USD,2025-03-21T00:00:00,2023,2015,1.02652
2007,A,0,WESR / Global Material Flows Database,EN_MAT_DOMCMPG,12,MF3,KG_PER_CON_USD,2025-03-21T00:00:00,2023,2015,1.14762
2008,A,0,WESR / Global Material Flows Database,EN_MAT_DOMCMPG,12,MF3,KG_PER_CON_USD,2025-03-21T00:00:00,2023,2015,1.45072
2009,A,0,WESR / Global Material Flows Database,EN_MAT_DOMCMPG,12,MF3,KG_PER_CON_USD,2025-03-21T00:00:00,2023,2015,1.42152
2010,A,0,WESR / Global Material Flows Database,EN_MAT_DOMCMPG,12,MF3,KG_PER_CON_USD,2025-03-21T00:00:00,2023,2015,1.2914
2011,A,0,WESR / Global Material Flows Database,EN_MAT_DOMCMPG,12,MF3,KG_PER_CON_USD,2025-03-21T00:00:00,2023,2015,1.19471
2012,A,0,WESR / Global Material Flows Database,EN_MAT_DOMCMPG,12,MF3,KG_PER_CON_USD,2025-03-21T00:00:00,2023,2015,1.16673
2013,A,0,WESR / Global Material Flows Database,EN_MAT_DOMCMPG,12,MF3,KG_PER_CON_USD,2025-03-21T00:00:00,2023,2015,1.0422
2014,A,0,WESR / Global Material Flows Database,EN_MAT_DOMCMPG,12,MF3,KG_PER_CON_USD,2025-03-21T00:00:00,2023,2015,1.05317
2015,A,0,WESR / Global Material Flows Database,EN_MAT_DOMCMPG,12,MF3,KG_PER_CON_USD,2025-03-21T00:00:00,2023,2015,1.22695
2016,A,0,WESR / Global Material Flows Database,EN_MAT_DOMCMPG,12,MF3,KG_PER_CON_USD,2025-03-21T00:00:00,2023,2015,1.18318
2017,A,0,WESR / Global Material Flows Database,EN_MAT_DOMCMPG,12,MF3,KG_PER_CON_USD,2025-03-21T00:00:00,2023,2015,1.26272
2018,A,0,WESR / Global Material Flows Database,EN_MAT_DOMCMPG,12,MF3,KG_PER_CON_USD,2025-03-21T00:00:00,2023,2015,1.30099
2019,A,0,WESR / Global Material Flows Database,EN_MAT_DOMCMPG,12,MF3,KG_PER_CON_USD,2025-03-21T00:00:00,2023,2015,1.13057
2020,A,0,WESR / Global Material Flows Database,EN_MAT_DOMCMPG,12,MF3,KG_PER_CON_USD,2025-03-21T00:00:00,2023,2015,1.15038
2021,A,0,WESR / Global Material Flows Database,EN_MAT_DOMCMPG,12,MF3,KG_PER_CON_USD,2025-03-21T00:00:00,2023,2015,1.12878
2022,A,0,WESR / Global Material Flows Database,EN_MAT_DOMCMPG,12,MF3,KG_PER_CON_USD,2025-03-21T00:00:00,2023,2015,1.1275
2023,A,0,WESR / Global Material Flows Database,EN_MAT_DOMCMPG,12,MF3,KG_PER_CON_USD,2025-03-21T00:00:00,2023,2015,1.09393
2000,A,0,WESR / Global Material Flows Database,EN_MAT_DOMCMPG,12,MF4,KG_PER_CON_USD,2025-03-21T00:00:00,2023,2015,0.48236
2001,A,0,WESR / Global Material Flows Database,EN_MAT_DOMCMPG,12,MF4,KG_PER_CON_USD,2025-03-21T00:00:00,2023,2015,0.47405
2002,A,0,WESR / Global Material Flows Database,EN_MAT_DOMCMPG,12,MF4,KG_PER_CON_USD,2025-03-21T00:00:00,2023,2015,0.47017
2003,A,0,WESR / Global Material Flows Database,EN_MAT_DOMCMPG,12,MF4,KG_PER_CON_USD,2025-03-21T00:00:00,2023,2015,0.44167
2004,A,0,WESR / Global Material Flows Database,EN_MAT_DOMCMPG,12,MF4,KG_PER_CON_USD,2025-03-21T00:00:00,2023,2015,0.38824
2005,A,0,WESR / Global Material Flows Database,EN_MAT_DOMCMPG,12,MF4,KG_PER_CON_USD,2025-03-21T00:00:00,2023,2015,0.4157
2006,A,0,WESR / Global Material Flows Database,EN_MAT_DOMCMPG,12,MF4,KG_PER_CON_USD,2025-03-21T00:00:00,2023,2015,0.38524
2007,A,0,WESR / Global Material Flows Database,EN_MAT_DOMCMPG,12,MF4,KG_PER_CON_USD,2025-03-21T00:00:00,2023,2015,0.38611
2008,A,0,WESR / Global Material Flows Database,EN_MAT_DOMCMPG,12,MF4,KG_PER_CON_USD,2025-03-21T00:00:00,2023,2015,0.39121
2009,A,0,WESR / Global Material Flows Database,EN_MAT_DOMCMPG,12,MF4,KG_PER_CON_USD,2025-03-21T00:00:00,2023,2015,0.39608
2010,A,0,WESR / Global Material Flows Database,EN_MAT_DOMCMPG,12,MF4,KG_PER_CON_USD,2025-03-21T00:00:00,2023,2015,0.39765
2011,A,0,WESR / Global Material Flows Database,EN_MAT_DOMCMPG,12,MF4,KG_PER_CON_USD,2025-03-21T00:00:00,2023,2015,0.38359
2012,A,0,WESR / Global Material Flows Database,EN_MAT_DOMCMPG,12,MF4,KG_PER_CON_USD,2025-03-21T00:00:00,2023,2015,0.36716
2013,A,0,WESR / Global Material Flows Database,EN_MAT_DOMCMPG,12,MF4,KG_PER_CON_USD,2025-03-21T00:00:00,2023,2015,0.36623
2014,A,0,WESR / Global Material Flows Database,EN_MAT_DOMCMPG,12,MF4,KG_PER_CON_USD,2025-03-21T00:00:00,2023,2015,0.42954
2015,A,0,WESR / Global Material Flows Database,EN_MAT_DOMCMPG,12,MF4,KG_PER_CON_USD,2025-03-21T00:00:00,2023,2015,0.41004
2016,A,0,WESR / Global Material Flows Database,EN_MAT_DOMCMPG,12,MF4,KG_PER_CON_USD,2025-03-21T00:00:00,2023,2015,0.39835
2017,A,0,WESR / Global Material Flows Database,EN_MAT_DOMCMPG,12,MF4,KG_PER_CON_USD,2025-03-21T00:00:00,2023,2015,0.40066
2018,A,0,WESR / Global Material Flows Database,EN_MAT_DOMCMPG,12,MF4,KG_PER_CON_USD,2025-03-21T00:00:00,2023,2015,0.41778
2019,A,0,WESR / Global Material Flows Database,EN_MAT_DOMCMPG,12,MF4,KG_PER_CON_USD,2025-03-21T00:00:00,2023,2015,0.3917
2020,A,0,WESR / Global Material Flows Database,EN_MAT_DOMCMPG,12,MF4,KG_PER_CON_USD,2025-03-21T00:00:00,2023,2015,0.39498
2021,A,0,WESR / Global Material Flows Database,EN_MAT_DOMCMPG,12,MF4,KG_PER_CON_USD,2025-03-21T00:00:00,2023,2015,0.37967
2022,A,0,WESR / Global Material Flows Database,EN_MAT_DOMCMPG,12,MF4,KG_PER_CON_USD,2025-03-21T00:00:00,2023,2015,0.36985
2023,A,0,WESR / Global Material Flows Database,EN_MAT_DOMCMPG,12,MF4,KG_PER_CON_USD,2025-03-21T00:00:00,2023,2015,0.35378
2000,A,0,WESR / Global Material Flows Database,EN_MAT_DOMCMPG,12,MF41,KG_PER_CON_USD,2025-03-21T00:00:00,2023,2015,0.00614
2001,A,0,WESR / Global Material Flows Database,EN_MAT_DOMCMPG,12,MF41,KG_PER_CON_USD,2025-03-21T00:00:00,2023,2015,0.0055
2002,A,0,WESR / Global Material Flows Database,EN_MAT_DOMCMPG,12,MF41,KG_PER_CON_USD,2025-03-21T00:00:00,2023,2015,0.00698
2003,A,0,WESR / Global Material Flows Database,EN_MAT_DOMCMPG,12,MF41,KG_PER_CON_USD,2025-03-21T00:00:00,2023,2015,0.00536
2004,A,0,WESR / Global Material Flows Database,EN_MAT_DOMCMPG,12,MF41,KG_PER_CON_USD,2025-03-21T00:00:00,2023,2015,0.00775
2005,A,0,WESR / Global Material Flows Database,EN_MAT_DOMCMPG,12,MF41,KG_PER_CON_USD,2025-03-21T00:00:00,2023,2015,0.00554
2006,A,0,WESR / Global Material Flows Database,EN_MAT_DOMCMPG,12,MF41,KG_PER_CON_USD,2025-03-21T00:00:00,2023,2015,0.00784
2007,A,0,WESR / Global Material Flows Database,EN_MAT_DOMCMPG,12,MF41,KG_PER_CON_USD,2025-03-21T00:00:00,2023,2015,0.00632
2008,A,0,WESR / Global Material Flows Database,EN_MAT_DOMCMPG,12,MF41,KG_PER_CON_USD,2025-03-21T00:00:00,2023,2015,0.00616
2009,A,0,WESR / Global Material Flows Database,EN_MAT_DOMCMPG,12,MF41,KG_PER_CON_USD,2025-03-21T00:00:00,2023,2015,0.00122
2010,A,0,WESR / Global Material Flows Database,EN_MAT_DOMCMPG,12,MF41,KG_PER_CON_USD,2025-03-21T00:00:00,2023,2015,0.0
2011,A,0,WESR / Global Material Flows Database,EN_MAT_DOMCMPG,12,MF41,KG_PER_CON_USD,2025-03-21T00:00:00,2023,2015,0.0
2012,A,0,WESR / Global Material Flows Database,EN_MAT_DOMCMPG,12,MF41,KG_PER_CON_USD,2025-03-21T00:00:00,2023,2015,0.0
2013,A,0,WESR / Global Material Flows Database,EN_MAT_DOMCMPG,12,MF41,KG_PER_CON_USD,2025-03-21T00:00:00,2023,2015,0.0
2014,A,0,WESR / Global Material Flows Database,EN_MAT_DOMCMPG,12,MF41,KG_PER_CON_USD,2025-03-21T00:00:00,2023,2015,0.00012
2015,A,0,WESR / Global Material Flows Database,EN_MAT_DOMCMPG,12,MF41,KG_PER_CON_USD,2025-03-21T00:00:00,2023,2015,0.0
2016,A,0,WESR / Global Material Flows Database,EN_MAT_DOMCMPG,12,MF41,KG_PER_CON_USD,2025-03-21T00:00:00,2023,2015,0.0
2017,A,0,WESR / Global Material Flows Database,EN_MAT_DOMCMPG,12,MF41,KG_PER_CON_USD,2025-03-21T00:00:00,2023,2015,0.0
2018,A,0,WESR / Global Material Flows Database,EN_MAT_DOMCMPG,12,MF41,KG_PER_CON_USD,2025-03-21T00:00:00,2023,2015,7e-05
2019,A,0,WESR / Global Material Flows Database,EN_MAT_DOMCMPG,12,MF41,KG_PER_CON_USD,2025-03-21T00:00:00,2023,2015,4e-05
2020,A,0,WESR / Global Material Flows Database,EN_MAT_DOMCMPG,12,MF41,KG_PER_CON_USD,2025-03-21T00:00:00,2023,2015,4e-05
2021,A,0,WESR / Global Material Flows Database,EN_MAT_DOMCMPG,12,MF41,KG_PER_CON_USD,2025-03-21T00:00:00,2023,2015,4e-05
2022,A,0,WESR / Global Material Flows Database,EN_MAT_DOMCMPG,12,MF41,KG_PER_CON_USD,2025-03-21T00:00:00,2023,2015,4e-05
2023,A,0,WESR / Global Material Flows Database,EN_MAT_DOMCMPG,12,MF41,KG_PER_CON_USD,2025-03-21T00:00:00,2023,2015,4e-05
2000,A,0,WESR / Global Material Flows Database,EN_MAT_DOMCMPG,12,MF421,KG_PER_CON_USD,2025-03-21T00:00:00,2023,2015,0.32077
2001,A,0,WESR / Global Material Flows Database,EN_MAT_DOMCMPG,12,MF421,KG_PER_CON_USD,2025-03-21T00:00:00,2023,2015,0.30931
2002,A,0,WESR / Global Material Flows Database,EN_MAT_DOMCMPG,12,MF421,KG_PER_CON_USD,2025-03-21T00:00:00,2023,2015,0.29954
2003,A,0,WESR / Global Material Flows Database,EN_MAT_DOMCMPG,12,MF421,KG_PER_CON_USD,2025-03-21T00:00:00,2023,2015,0.28551
2004,A,0,WESR / Global Material Flows Database,EN_MAT_DOMCMPG,12,MF421,KG_PER_CON_USD,2025-03-21T00:00:00,2023,2015,0.24461
2005,A,0,WESR / Global Material Flows Database,EN_MAT_DOMCMPG,12,MF421,KG_PER_CON_USD,2025-03-21T00:00:00,2023,2015,0.22312
2006,A,0,WESR / Global Material Flows Database,EN_MAT_DOMCMPG,12,MF421,KG_PER_CON_USD,2025-03-21T00:00:00,2023,2015,0.22759
2007,A,0,WESR / Global Material Flows Database,EN_MAT_DOMCMPG,12,MF421,KG_PER_CON_USD,2025-03-21T00:00:00,2023,2015,0.23017
2008,A,0,WESR / Global Material Flows Database,EN_MAT_DOMCMPG,12,MF421,KG_PER_CON_USD,2025-03-21T00:00:00,2023,2015,0.23763
2009,A,0,WESR / Global Material Flows Database,EN_MAT_DOMCMPG,12,MF421,KG_PER_CON_USD,2025-03-21T00:00:00,2023,2015,0.24132
2010,A,0,WESR / Global Material Flows Database,EN_MAT_DOMCMPG,12,MF421,KG_PER_CON_USD,2025-03-21T00:00:00,2023,2015,0.25319
2011,A,0,WESR / Global Material Flows Database,EN_MAT_DOMCMPG,12,MF421,KG_PER_CON_USD,2025-03-21T00:00:00,2023,2015,0.2352
2012,A,0,WESR / Global Material Flows Database,EN_MAT_DOMCMPG,12,MF421,KG_PER_CON_USD,2025-03-21T00:00:00,2023,2015,0.20564
2013,A,0,WESR / Global Material Flows Database,EN_MAT_DOMCMPG,12,MF421,KG_PER_CON_USD,2025-03-21T00:00:00,2023,2015,0.20642
2014,A,0,WESR / Global Material Flows Database,EN_MAT_DOMCMPG,12,MF421,KG_PER_CON_USD,2025-03-21T00:00:00,2023,2015,0.25655
2015,A,0,WESR / Global Material Flows Database,EN_MAT_DOMCMPG,12,MF421,KG_PER_CON_USD,2025-03-21T00:00:00,2023,2015,0.23256
2016,A,0,WESR / Global Material Flows Database,EN_MAT_DOMCMPG,12,MF421,KG_PER_CON_USD,2025-03-21T00:00:00,2023,2015,0.22573
2017,A,0,WESR / Global Material Flows Database,EN_MAT_DOMCMPG,12,MF421,KG_PER_CON_USD,2025-03-21T00:00:00,2023,2015,0.22221
2018,A,0,WESR / Global Material Flows Database,EN_MAT_DOMCMPG,12,MF421,KG_PER_CON_USD,2025-03-21T00:00:00,2023,2015,0.22805
2019,A,0,WESR / Global Material Flows Database,EN_MAT_DOMCMPG,12,MF421,KG_PER_CON_USD,2025-03-21T00:00:00,2023,2015,0.20793
2020,A,0,WESR / Global Material Flows Database,EN_MAT_DOMCMPG,12,MF421,KG_PER_CON_USD,2025-03-21T00:00:00,2023,2015,0.22628
2021,A,0,WESR / Global Material Flows Database,EN_MAT_DOMCMPG,12,MF421,KG_PER_CON_USD,2025-03-21T00:00:00,2023,2015,0.21828
2022,A,0,WESR / Global Material Flows Database,EN_MAT_DOMCMPG,12,MF421,KG_PER_CON_USD,2025-03-21T00:00:00,2023,2015,0.21364
2023,A,0,WESR / Global Material Flows Database,EN_MAT_DOMCMPG,12,MF421,KG_PER_CON_USD,2025-03-21T00:00:00,2023,2015,0.20639
2000,A,0,WESR / Global Material Flows Database,EN_MAT_DOMCMPG,12,MF422,KG_PER_CON_USD,2025-03-21T00:00:00,2023,2015,0.15545
2001,A,0,WESR / Global Material Flows Database,EN_MAT_DOMCMPG,12,MF422,KG_PER_CON_USD,2025-03-21T00:00:00,2023,2015,0.15923
2002,A,0,WESR / Global Material Flows Database,EN_MAT_DOMCMPG,12,MF422,KG_PER_CON_USD,2025-03-21T00:00:00,2023,2015,0.16366
2003,A,0,WESR / Global Material Flows Database,EN_MAT_DOMCMPG,12,MF422,KG_PER_CON_USD,2025-03-21T00:00:00,2023,2015,0.15079
2004,A,0,WESR / Global Material Flows Database,EN_MAT_DOMCMPG,12,MF422,KG_PER_CON_USD,2025-03-21T00:00:00,2023,2015,0.13588
2005,A,0,WESR / Global Material Flows Database,EN_MAT_DOMCMPG,12,MF422,KG_PER_CON_USD,2025-03-21T00:00:00,2023,2015,0.18704
2006,A,0,WESR / Global Material Flows Database,EN_MAT_DOMCMPG,12,MF422,KG_PER_CON_USD,2025-03-21T00:00:00,2023,2015,0.14981
2007,A,0,WESR / Global Material Flows Database,EN_MAT_DOMCMPG,12,MF422,KG_PER_CON_USD,2025-03-21T00:00:00,2023,2015,0.14963
2008,A,0,WESR / Global Material Flows Database,EN_MAT_DOMCMPG,12,MF422,KG_PER_CON_USD,2025-03-21T00:00:00,2023,2015,0.14742
2009,A,0,WESR / Global Material Flows Database,EN_MAT_DOMCMPG,12,MF422,KG_PER_CON_USD,2025-03-21T00:00:00,2023,2015,0.15354
2010,A,0,WESR / Global Material Flows Database,EN_MAT_DOMCMPG,12,MF422,KG_PER_CON_USD,2025-03-21T00:00:00,2023,2015,0.14445
2011,A,0,WESR / Global Material Flows Database,EN_MAT_DOMCMPG,12,MF422,KG_PER_CON_USD,2025-03-21T00:00:00,2023,2015,0.14839
2012,A,0,WESR / Global Material Flows Database,EN_MAT_DOMCMPG,12,MF422,KG_PER_CON_USD,2025-03-21T00:00:00,2023,2015,0.16151
2013,A,0,WESR / Global Material Flows Database,EN_MAT_DOMCMPG,12,MF422,KG_PER_CON_USD,2025-03-21T00:00:00,2023,2015,0.15981
2014,A,0,WESR / Global Material Flows Database,EN_MAT_DOMCMPG,12,MF422,KG_PER_CON_USD,2025-03-21T00:00:00,2023,2015,0.17287
2015,A,0,WESR / Global Material Flows Database,EN_MAT_DOMCMPG,12,MF422,KG_PER_CON_USD,2025-03-21T00:00:00,2023,2015,0.17748
2016,A,0,WESR / Global Material Flows Database,EN_MAT_DOMCMPG,12,MF422,KG_PER_CON_USD,2025-03-21T00:00:00,2023,2015,0.17262
2017,A,0,WESR / Global Material Flows Database,EN_MAT_DOMCMPG,12,MF422,KG_PER_CON_USD,2025-03-21T00:00:00,2023,2015,0.17846
2018,A,0,WESR / Global Material Flows Database,EN_MAT_DOMCMPG,12,MF422,KG_PER_CON_USD,2025-03-21T00:00:00,2023,2015,0.18966
2019,A,0,WESR / Global Material Flows Database,EN_MAT_DOMCMPG,12,MF422,KG_PER_CON_USD,2025-03-21T00:00:00,2023,2015,0.18373
2020,A,0,WESR / Global Material Flows Database,EN_MAT_DOMCMPG,12,MF422,KG_PER_CON_USD,2025-03-21T00:00:00,2023,2015,0.16865
2021,A,0,WESR / Global Material Flows Database,EN_MAT_DOMCMPG,12,MF422,KG_PER_CON_USD,2025-03-21T00:00:00,2023,2015,0.16135
2022,A,0,WESR / Global Material Flows Database,EN_MAT_DOMCMPG,12,MF422,KG_PER_CON_USD,2025-03-21T00:00:00,2023,2015,0.15617
2023,A,0,WESR / Global Material Flows Database,EN_MAT_DOMCMPG,12,MF422,KG_PER_CON_USD,2025-03-21T00:00:00,2023,2015,0.14735
2000,A,0,WESR / Global Material Flows Database,EN_MAT_DOMCMPT,12,None,T,2025-05-21T00:00:00,2023,,141437463.83483
2001,A,0,WESR / Global Material Flows Database,EN_MAT_DOMCMPT,12,None,T,2025-05-21T00:00:00,2023,,143103415.29845
2002,A,0,WESR / Global Material Flows Database,EN_MAT_DOMCMPT,12,None,T,2025-05-21T00:00:00,2023,,162122850.21616
2003,A,0,WESR / Global Material Flows Database,EN_MAT_DOMCMPT,12,None,T,2025-05-21T00:00:00,2023,,182590449.35625
2004,A,0,WESR / Global Material Flows Database,EN_MAT_DOMCMPT,12,None,T,2025-05-21T00:00:00,2023,,183156159.43582
2005,A,0,WESR / Global Material Flows Database,EN_MAT_DOMCMPT,12,None,T,2025-05-21T00:00:00,2023,,205324202.77566
2006,A,0,WESR / Global Material Flows Database,EN_MAT_DOMCMPT,12,None,T,2025-05-21T00:00:00,2023,,221189478.11967
2007,A,0,WESR / Global Material Flows Database,EN_MAT_DOMCMPT,12,None,T,2025-05-21T00:00:00,2023,,235148399.57515
2008,A,0,WESR / Global Material Flows Database,EN_MAT_DOMCMPT,12,None,T,2025-05-21T00:00:00,2023,,284721162.20898
2009,A,0,WESR / Global Material Flows Database,EN_MAT_DOMCMPT,12,None,T,2025-05-21T00:00:00,2023,,298561193.07035
2010,A,0,WESR / Global Material Flows Database,EN_MAT_DOMCMPT,12,None,T,2025-05-21T00:00:00,2023,,286917208.42797
2011,A,0,WESR / Global Material Flows Database,EN_MAT_DOMCMPT,12,None,T,2025-05-21T00:00:00,2023,,284220574.53505
2012,A,0,WESR / Global Material Flows Database,EN_MAT_DOMCMPT,12,None,T,2025-05-21T00:00:00,2023,,296813018.39126
2013,A,0,WESR / Global Material Flows Database,EN_MAT_DOMCMPT,12,None,T,2025-05-21T00:00:00,2023,,290897582.83823
2014,A,0,WESR / Global Material Flows Database,EN_MAT_DOMCMPT,12,None,T,2025-05-21T00:00:00,2023,,303097847.73507
2015,A,0,WESR / Global Material Flows Database,EN_MAT_DOMCMPT,12,None,T,2025-05-21T00:00:00,2023,,345129027.90343
2016,A,0,WESR / Global Material Flows Database,EN_MAT_DOMCMPT,12,None,T,2025-05-21T00:00:00,2023,,341138774.89694
2017,A,0,WESR / Global Material Flows Database,EN_MAT_DOMCMPT,12,None,T,2025-05-21T00:00:00,2023,,349728026.5764
2018,A,0,WESR / Global Material Flows Database,EN_MAT_DOMCMPT,12,None,T,2025-05-21T00:00:00,2023,,371463908.62434
2019,A,0,WESR / Global Material Flows Database,EN_MAT_DOMCMPT,12,None,T,2025-05-21T00:00:00,2023,,353602029.89778
2020,A,0,WESR / Global Material Flows Database,EN_MAT_DOMCMPT,12,None,T,2025-05-21T00:00:00,2023,,352297199.82018
2021,A,0,WESR / Global Material Flows Database,EN_MAT_DOMCMPT,12,None,T,2025-05-21T00:00:00,2023,,361294952.84771
2022,A,0,WESR / Global Material Flows Database,EN_MAT_DOMCMPT,12,None,T,2025-05-21T00:00:00,2023,,370981824.65042
2023,A,0,WESR / Global Material Flows Database,EN_MAT_DOMCMPT,12,None,T,2025-05-21T00:00:00,2023,,372164967.1724
2000,A,0,WESR / Global Material Flows Database,EN_MAT_DOMCMPT,12,MF_AGG3A,T,2025-05-21T00:00:00,2023,,76779548.351
2001,A,0,WESR / Global Material Flows Database,EN_MAT_DOMCMPT,12,MF_AGG3A,T,2025-05-21T00:00:00,2023,,78321509.861
2002,A,0,WESR / Global Material Flows Database,EN_MAT_DOMCMPT,12,MF_AGG3A,T,2025-05-21T00:00:00,2023,,89055585.756
2003,A,0,WESR / Global Material Flows Database,EN_MAT_DOMCMPT,12,MF_AGG3A,T,2025-05-21T00:00:00,2023,,101757878.75
2004,A,0,WESR / Global Material Flows Database,EN_MAT_DOMCMPT,12,MF_AGG3A,T,2025-05-21T00:00:00,2023,,102498603.8816
2005,A,0,WESR / Global Material Flows Database,EN_MAT_DOMCMPT,12,MF_AGG3A,T,2025-05-21T00:00:00,2023,,110921824.436
2006,A,0,WESR / Global Material Flows Database,EN_MAT_DOMCMPT,12,MF_AGG3A,T,2025-05-21T00:00:00,2023,,128202617.608
2007,A,0,WESR / Global Material Flows Database,EN_MAT_DOMCMPT,12,MF_AGG3A,T,2025-05-21T00:00:00,2023,,148009359.151
2008,A,0,WESR / Global Material Flows Database,EN_MAT_DOMCMPT,12,MF_AGG3A,T,2025-05-21T00:00:00,2023,,192188524.096
2009,A,0,WESR / Global Material Flows Database,EN_MAT_DOMCMPT,12,MF_AGG3A,T,2025-05-21T00:00:00,2023,,191610971.492
2010,A,0,WESR / Global Material Flows Database,EN_MAT_DOMCMPT,12,MF_AGG3A,T,2025-05-21T00:00:00,2023,,179521866.833
2011,A,0,WESR / Global Material Flows Database,EN_MAT_DOMCMPT,12,MF_AGG3A,T,2025-05-21T00:00:00,2023,,171805341.427
2012,A,0,WESR / Global Material Flows Database,EN_MAT_DOMCMPT,12,MF_AGG3A,T,2025-05-21T00:00:00,2023,,173273843.05
2013,A,0,WESR / Global Material Flows Database,EN_MAT_DOMCMPT,12,MF_AGG3A,T,2025-05-21T00:00:00,2023,,158932739.76034
2014,A,0,WESR / Global Material Flows Database,EN_MAT_DOMCMPT,12,MF_AGG3A,T,2025-05-21T00:00:00,2023,,167487243.71166
2015,A,0,WESR / Global Material Flows Database,EN_MAT_DOMCMPT,12,MF_AGG3A,T,2025-05-21T00:00:00,2023,,203438210.55021
2016,A,0,WESR / Global Material Flows Database,EN_MAT_DOMCMPT,12,MF_AGG3A,T,2025-05-21T00:00:00,2023,,202874540.10003
2017,A,0,WESR / Global Material Flows Database,EN_MAT_DOMCMPT,12,MF_AGG3A,T,2025-05-21T00:00:00,2023,,219448529.22152
2018,A,0,WESR / Global Material Flows Database,EN_MAT_DOMCMPT,12,MF_AGG3A,T,2025-05-21T00:00:00,2023,,228717966.35692
2019,A,0,WESR / Global Material Flows Database,EN_MAT_DOMCMPT,12,MF_AGG3A,T,2025-05-21T00:00:00,2023,,209577039.17885
2020,A,0,WESR / Global Material Flows Database,EN_MAT_DOMCMPT,12,MF_AGG3A,T,2025-05-21T00:00:00,2023,,211792303.32791
2021,A,0,WESR / Global Material Flows Database,EN_MAT_DOMCMPT,12,MF_AGG3A,T,2025-05-21T00:00:00,2023,,224444229.35281
2022,A,0,WESR / Global Material Flows Database,EN_MAT_DOMCMPT,12,MF_AGG3A,T,2025-05-21T00:00:00,2023,,232329301.26283
2023,A,0,WESR / Global Material Flows Database,EN_MAT_DOMCMPT,12,MF_AGG3A,T,2025-05-21T00:00:00,2023,,234635847.10465
2000,A,0,WESR / Global Material Flows Database,EN_MAT_DOMCMPT,12,MF_AGG3B,T,2025-05-21T00:00:00,2023,,1559627.369
2001,A,0,WESR / Global Material Flows Database,EN_MAT_DOMCMPT,12,MF_AGG3B,T,2025-05-21T00:00:00,2023,,1446097.15
2002,A,0,WESR / Global Material Flows Database,EN_MAT_DOMCMPT,12,MF_AGG3B,T,2025-05-21T00:00:00,2023,,1568669.806
2003,A,0,WESR / Global Material Flows Database,EN_MAT_DOMCMPT,12,MF_AGG3B,T,2025-05-21T00:00:00,2023,,1676907.342
2004,A,0,WESR / Global Material Flows Database,EN_MAT_DOMCMPT,12,MF_AGG3B,T,2025-05-21T00:00:00,2023,,1605690.467
2005,A,0,WESR / Global Material Flows Database,EN_MAT_DOMCMPT,12,MF_AGG3B,T,2025-05-21T00:00:00,2023,,2055878.479
2006,A,0,WESR / Global Material Flows Database,EN_MAT_DOMCMPT,12,MF_AGG3B,T,2025-05-21T00:00:00,2023,,1647574.158
2007,A,0,WESR / Global Material Flows Database,EN_MAT_DOMCMPT,12,MF_AGG3B,T,2025-05-21T00:00:00,2023,,2095332.763
2008,A,0,WESR / Global Material Flows Database,EN_MAT_DOMCMPT,12,MF_AGG3B,T,2025-05-21T00:00:00,2023,,2113598.636
2009,A,0,WESR / Global Material Flows Database,EN_MAT_DOMCMPT,12,MF_AGG3B,T,2025-05-21T00:00:00,2023,,1826552.795
2010,A,0,WESR / Global Material Flows Database,EN_MAT_DOMCMPT,12,MF_AGG3B,T,2025-05-21T00:00:00,2023,,2535531.358
2011,A,0,WESR / Global Material Flows Database,EN_MAT_DOMCMPT,12,MF_AGG3B,T,2025-05-21T00:00:00,2023,,1505790.136
2012,A,0,WESR / Global Material Flows Database,EN_MAT_DOMCMPT,12,MF_AGG3B,T,2025-05-21T00:00:00,2023,,1732109.574
2013,A,0,WESR / Global Material Flows Database,EN_MAT_DOMCMPT,12,MF_AGG3B,T,2025-05-21T00:00:00,2023,,1772218.894
2014,A,0,WESR / Global Material Flows Database,EN_MAT_DOMCMPT,12,MF_AGG3B,T,2025-05-21T00:00:00,2023,,1079847.523
2015,A,0,WESR / Global Material Flows Database,EN_MAT_DOMCMPT,12,MF_AGG3B,T,2025-05-21T00:00:00,2023,,210050.51857
2016,A,0,WESR / Global Material Flows Database,EN_MAT_DOMCMPT,12,MF_AGG3B,T,2025-05-21T00:00:00,2023,,-206419.88687
2017,A,0,WESR / Global Material Flows Database,EN_MAT_DOMCMPT,12,MF_AGG3B,T,2025-05-21T00:00:00,2023,,-344146.36523
2018,A,0,WESR / Global Material Flows Database,EN_MAT_DOMCMPT,12,MF_AGG3B,T,2025-05-21T00:00:00,2023,,-264477.83825
2019,A,0,WESR / Global Material Flows Database,EN_MAT_DOMCMPT,12,MF_AGG3B,T,2025-05-21T00:00:00,2023,,-161013.51295
2020,A,0,WESR / Global Material Flows Database,EN_MAT_DOMCMPT,12,MF_AGG3B,T,2025-05-21T00:00:00,2023,,-592974.08
2021,A,0,WESR / Global Material Flows Database,EN_MAT_DOMCMPT,12,MF_AGG3B,T,2025-05-21T00:00:00,2023,,-650528.79334
2022,A,0,WESR / Global Material Flows Database,EN_MAT_DOMCMPT,12,MF_AGG3B,T,2025-05-21T00:00:00,2023,,-692049.82819
2023,A,0,WESR / Global Material Flows Database,EN_MAT_DOMCMPT,12,MF_AGG3B,T,2025-05-21T00:00:00,2023,,-783862.19647
2000,A,0,WESR / Global Material Flows Database,EN_MAT_DOMCMPT,12,MF1,T,2025-05-21T00:00:00,2023,,35302356.401
2001,A,0,WESR / Global Material Flows Database,EN_MAT_DOMCMPT,12,MF1,T,2025-05-21T00:00:00,2023,,38789179.919
2002,A,0,WESR / Global Material Flows Database,EN_MAT_DOMCMPT,12,MF1,T,2025-05-21T00:00:00,2023,,40201898.7359
2003,A,0,WESR / Global Material Flows Database,EN_MAT_DOMCMPT,12,MF1,T,2025-05-21T00:00:00,2023,,45669739.5737
2004,A,0,WESR / Global Material Flows Database,EN_MAT_DOMCMPT,12,MF1,T,2025-05-21T00:00:00,2023,,47791601.7609
2005,A,0,WESR / Global Material Flows Database,EN_MAT_DOMCMPT,12,MF1,T,2025-05-21T00:00:00,2023,,48306988.8788
2006,A,0,WESR / Global Material Flows Database,EN_MAT_DOMCMPT,12,MF1,T,2025-05-21T00:00:00,2023,,49253416.8206
2007,A,0,WESR / Global Material Flows Database,EN_MAT_DOMCMPT,12,MF1,T,2025-05-21T00:00:00,2023,,47514131.1011
2008,A,0,WESR / Global Material Flows Database,EN_MAT_DOMCMPT,12,MF1,T,2025-05-21T00:00:00,2023,,46255107.357
2009,A,0,WESR / Global Material Flows Database,EN_MAT_DOMCMPT,12,MF1,T,2025-05-21T00:00:00,2023,,57055820.8289
2010,A,0,WESR / Global Material Flows Database,EN_MAT_DOMCMPT,12,MF1,T,2025-05-21T00:00:00,2023,,57356857.6488
2011,A,0,WESR / Global Material Flows Database,EN_MAT_DOMCMPT,12,MF1,T,2025-05-21T00:00:00,2023,,64456045.3853
2012,A,0,WESR / Global Material Flows Database,EN_MAT_DOMCMPT,12,MF1,T,2025-05-21T00:00:00,2023,,66668022.9119
2013,A,0,WESR / Global Material Flows Database,EN_MAT_DOMCMPT,12,MF1,T,2025-05-21T00:00:00,2023,,70618823.6073
2014,A,0,WESR / Global Material Flows Database,EN_MAT_DOMCMPT,12,MF1,T,2025-05-21T00:00:00,2023,,70688790.6168
2015,A,0,WESR / Global Material Flows Database,EN_MAT_DOMCMPT,12,MF1,T,2025-05-21T00:00:00,2023,,74303166.6521
2016,A,0,WESR / Global Material Flows Database,EN_MAT_DOMCMPT,12,MF1,T,2025-05-21T00:00:00,2023,,73552224.8764
2017,A,0,WESR / Global Material Flows Database,EN_MAT_DOMCMPT,12,MF1,T,2025-05-21T00:00:00,2023,,72790738.8481
2018,A,0,WESR / Global Material Flows Database,EN_MAT_DOMCMPT,12,MF1,T,2025-05-21T00:00:00,2023,,80543958.5602
2019,A,0,WESR / Global Material Flows Database,EN_MAT_DOMCMPT,12,MF1,T,2025-05-21T00:00:00,2023,,80446906.4569
2020,A,0,WESR / Global Material Flows Database,EN_MAT_DOMCMPT,12,MF1,T,2025-05-21T00:00:00,2023,,78484243.66589
2021,A,0,WESR / Global Material Flows Database,EN_MAT_DOMCMPT,12,MF1,T,2025-05-21T00:00:00,2023,,72742288.57698
2022,A,0,WESR / Global Material Flows Database,EN_MAT_DOMCMPT,12,MF1,T,2025-05-21T00:00:00,2023,,73736134.06589
2023,A,0,WESR / Global Material Flows Database,EN_MAT_DOMCMPT,12,MF1,T,2025-05-21T00:00:00,2023,,73063811.71368
2000,A,0,WESR / Global Material Flows Database,EN_MAT_DOMCMPT,12,MF11,T,2025-05-21T00:00:00,2023,,15577233.16
2001,A,0,WESR / Global Material Flows Database,EN_MAT_DOMCMPT,12,MF11,T,2025-05-21T00:00:00,2023,,16976372.82
2002,A,0,WESR / Global Material Flows Database,EN_MAT_DOMCMPT,12,MF11,T,2025-05-21T00:00:00,2023,,19234689.46
2003,A,0,WESR / Global Material Flows Database,EN_MAT_DOMCMPT,12,MF11,T,2025-05-21T00:00:00,2023,,21052621.4
2004,A,0,WESR / Global Material Flows Database,EN_MAT_DOMCMPT,12,MF11,T,2025-05-21T00:00:00,2023,,22080811.33
2005,A,0,WESR / Global Material Flows Database,EN_MAT_DOMCMPT,12,MF11,T,2025-05-21T00:00:00,2023,,23163603.55
2006,A,0,WESR / Global Material Flows Database,EN_MAT_DOMCMPT,12,MF11,T,2025-05-21T00:00:00,2023,,23335020.42
2007,A,0,WESR / Global Material Flows Database,EN_MAT_DOMCMPT,12,MF11,T,2025-05-21T00:00:00,2023,,22215080.75
2008,A,0,WESR / Global Material Flows Database,EN_MAT_DOMCMPT,12,MF11,T,2025-05-21T00:00:00,2023,,22920466.64
2009,A,0,WESR / Global Material Flows Database,EN_MAT_DOMCMPT,12,MF11,T,2025-05-21T00:00:00,2023,,27562976.22
2010,A,0,WESR / Global Material Flows Database,EN_MAT_DOMCMPT,12,MF11,T,2025-05-21T00:00:00,2023,,28006659.73
2011,A,0,WESR / Global Material Flows Database,EN_MAT_DOMCMPT,12,MF11,T,2025-05-21T00:00:00,2023,,33390907.6
2012,A,0,WESR / Global Material Flows Database,EN_MAT_DOMCMPT,12,MF11,T,2025-05-21T00:00:00,2023,,33848569.59
2013,A,0,WESR / Global Material Flows Database,EN_MAT_DOMCMPT,12,MF11,T,2025-05-21T00:00:00,2023,,36474037.57
2014,A,0,WESR / Global Material Flows Database,EN_MAT_DOMCMPT,12,MF11,T,2025-05-21T00:00:00,2023,,37601393.38
2015,A,0,WESR / Global Material Flows Database,EN_MAT_DOMCMPT,12,MF11,T,2025-05-21T00:00:00,2023,,40165227.98
2016,A,0,WESR / Global Material Flows Database,EN_MAT_DOMCMPT,12,MF11,T,2025-05-21T00:00:00,2023,,39719070.91
2017,A,0,WESR / Global Material Flows Database,EN_MAT_DOMCMPT,12,MF11,T,2025-05-21T00:00:00,2023,,39477002.42
2018,A,0,WESR / Global Material Flows Database,EN_MAT_DOMCMPT,12,MF11,T,2025-05-21T00:00:00,2023,,43718131.47
2019,A,0,WESR / Global Material Flows Database,EN_MAT_DOMCMPT,12,MF11,T,2025-05-21T00:00:00,2023,,44088910.18
2020,A,0,WESR / Global Material Flows Database,EN_MAT_DOMCMPT,12,MF11,T,2025-05-21T00:00:00,2023,,43460829.29
2021,A,0,WESR / Global Material Flows Database,EN_MAT_DOMCMPT,12,MF11,T,2025-05-21T00:00:00,2023,,40015016.17861
2022,A,0,WESR / Global Material Flows Database,EN_MAT_DOMCMPT,12,MF11,T,2025-05-21T00:00:00,2023,,40784337.84254
2023,A,0,WESR / Global Material Flows Database,EN_MAT_DOMCMPT,12,MF11,T,2025-05-21T00:00:00,2023,,40691076.18703
2000,A,0,WESR / Global Material Flows Database,EN_MAT_DOMCMPT,12,MF121,T,2025-05-21T00:00:00,2023,,2521317.081
2001,A,0,WESR / Global Material Flows Database,EN_MAT_DOMCMPT,12,MF121,T,2025-05-21T00:00:00,2023,,4381599.859
2002,A,0,WESR / Global Material Flows Database,EN_MAT_DOMCMPT,12,MF121,T,2025-05-21T00:00:00,2023,,3789963.1159
2003,A,0,WESR / Global Material Flows Database,EN_MAT_DOMCMPT,12,MF121,T,2025-05-21T00:00:00,2023,,6931234.9337
2004,A,0,WESR / Global Material Flows Database,EN_MAT_DOMCMPT,12,MF121,T,2025-05-21T00:00:00,2023,,7267988.0309
2005,A,0,WESR / Global Material Flows Database,EN_MAT_DOMCMPT,12,MF121,T,2025-05-21T00:00:00,2023,,6549145.9088
2006,A,0,WESR / Global Material Flows Database,EN_MAT_DOMCMPT,12,MF121,T,2025-05-21T00:00:00,2023,,7068361.8406
2007,A,0,WESR / Global Material Flows Database,EN_MAT_DOMCMPT,12,MF121,T,2025-05-21T00:00:00,2023,,5938952.1801
2008,A,0,WESR / Global Material Flows Database,EN_MAT_DOMCMPT,12,MF121,T,2025-05-21T00:00:00,2023,,4042586.727
2009,A,0,WESR / Global Material Flows Database,EN_MAT_DOMCMPT,12,MF121,T,2025-05-21T00:00:00,2023,,9293209.6689
2010,A,0,WESR / Global Material Flows Database,EN_MAT_DOMCMPT,12,MF121,T,2025-05-21T00:00:00,2023,,8215548.5588
2011,A,0,WESR / Global Material Flows Database,EN_MAT_DOMCMPT,12,MF121,T,2025-05-21T00:00:00,2023,,9281396.9853
2012,A,0,WESR / Global Material Flows Database,EN_MAT_DOMCMPT,12,MF121,T,2025-05-21T00:00:00,2023,,10185656.9349
2013,A,0,WESR / Global Material Flows Database,EN_MAT_DOMCMPT,12,MF121,T,2025-05-21T00:00:00,2023,,10786035.9473
2014,A,0,WESR / Global Material Flows Database,EN_MAT_DOMCMPT,12,MF121,T,2025-05-21T00:00:00,2023,,8664222.7468
2015,A,0,WESR / Global Material Flows Database,EN_MAT_DOMCMPT,12,MF121,T,2025-05-21T00:00:00,2023,,9297220.2621
2016,A,0,WESR / Global Material Flows Database,EN_MAT_DOMCMPT,12,MF121,T,2025-05-21T00:00:00,2023,,9179086.5664
2017,A,0,WESR / Global Material Flows Database,EN_MAT_DOMCMPT,12,MF121,T,2025-05-21T00:00:00,2023,,9085255.8371
2018,A,0,WESR / Global Material Flows Database,EN_MAT_DOMCMPT,12,MF121,T,2025-05-21T00:00:00,2023,,12590757.9502
2019,A,0,WESR / Global Material Flows Database,EN_MAT_DOMCMPT,12,MF121,T,2025-05-21T00:00:00,2023,,12361072.4059
2020,A,0,WESR / Global Material Flows Database,EN_MAT_DOMCMPT,12,MF121,T,2025-05-21T00:00:00,2023,,11012212.98
2021,A,0,WESR / Global Material Flows Database,EN_MAT_DOMCMPT,12,MF121,T,2025-05-21T00:00:00,2023,,8125262.5905
2022,A,0,WESR / Global Material Flows Database,EN_MAT_DOMCMPT,12,MF121,T,2025-05-21T00:00:00,2023,,8294181.98884
2023,A,0,WESR / Global Material Flows Database,EN_MAT_DOMCMPT,12,MF121,T,2025-05-21T00:00:00,2023,,8303946.75832
2000,A,0,WESR / Global Material Flows Database,EN_MAT_DOMCMPT,12,MF122,T,2025-05-21T00:00:00,2023,,12244822.7
2001,A,0,WESR / Global Material Flows Database,EN_MAT_DOMCMPT,12,MF122,T,2025-05-21T00:00:00,2023,,12277884.4
2002,A,0,WESR / Global Material Flows Database,EN_MAT_DOMCMPT,12,MF122,T,2025-05-21T00:00:00,2023,,11976165.0
2003,A,0,WESR / Global Material Flows Database,EN_MAT_DOMCMPT,12,MF122,T,2025-05-21T00:00:00,2023,,12280543.0
2004,A,0,WESR / Global Material Flows Database,EN_MAT_DOMCMPT,12,MF122,T,2025-05-21T00:00:00,2023,,12746516.0
2005,A,0,WESR / Global Material Flows Database,EN_MAT_DOMCMPT,12,MF122,T,2025-05-21T00:00:00,2023,,12868862.2
2006,A,0,WESR / Global Material Flows Database,EN_MAT_DOMCMPT,12,MF122,T,2025-05-21T00:00:00,2023,,13341555.0
2007,A,0,WESR / Global Material Flows Database,EN_MAT_DOMCMPT,12,MF122,T,2025-05-21T00:00:00,2023,,13540062.0
2008,A,0,WESR / Global Material Flows Database,EN_MAT_DOMCMPT,12,MF122,T,2025-05-21T00:00:00,2023,,13469317.0
2009,A,0,WESR / Global Material Flows Database,EN_MAT_DOMCMPT,12,MF122,T,2025-05-21T00:00:00,2023,,14119149.7
2010,A,0,WESR / Global Material Flows Database,EN_MAT_DOMCMPT,12,MF122,T,2025-05-21T00:00:00,2023,,14859545.0
2011,A,0,WESR / Global Material Flows Database,EN_MAT_DOMCMPT,12,MF122,T,2025-05-21T00:00:00,2023,,15382931.5
2012,A,0,WESR / Global Material Flows Database,EN_MAT_DOMCMPT,12,MF122,T,2025-05-21T00:00:00,2023,,16028278.5
2013,A,0,WESR / Global Material Flows Database,EN_MAT_DOMCMPT,12,MF122,T,2025-05-21T00:00:00,2023,,16717423.0
2014,A,0,WESR / Global Material Flows Database,EN_MAT_DOMCMPT,12,MF122,T,2025-05-21T00:00:00,2023,,17583468.0
2015,A,0,WESR / Global Material Flows Database,EN_MAT_DOMCMPT,12,MF122,T,2025-05-21T00:00:00,2023,,17904487.2
2016,A,0,WESR / Global Material Flows Database,EN_MAT_DOMCMPT,12,MF122,T,2025-05-21T00:00:00,2023,,17754983.4
2017,A,0,WESR / Global Material Flows Database,EN_MAT_DOMCMPT,12,MF122,T,2025-05-21T00:00:00,2023,,17318006.9
2018,A,0,WESR / Global Material Flows Database,EN_MAT_DOMCMPT,12,MF122,T,2025-05-21T00:00:00,2023,,17283337.5
2019,A,0,WESR / Global Material Flows Database,EN_MAT_DOMCMPT,12,MF122,T,2025-05-21T00:00:00,2023,,17414926.6
2020,A,0,WESR / Global Material Flows Database,EN_MAT_DOMCMPT,12,MF122,T,2025-05-21T00:00:00,2023,,17803264.9
2021,A,0,WESR / Global Material Flows Database,EN_MAT_DOMCMPT,12,MF122,T,2025-05-21T00:00:00,2023,,17946375.63087
2022,A,0,WESR / Global Material Flows Database,EN_MAT_DOMCMPT,12,MF122,T,2025-05-21T00:00:00,2023,,18208990.88805
2023,A,0,WESR / Global Material Flows Database,EN_MAT_DOMCMPT,12,MF122,T,2025-05-21T00:00:00,2023,,17973133.65107
2000,A,0,WESR / Global Material Flows Database,EN_MAT_DOMCMPT,12,MF13,T,2025-05-21T00:00:00,2023,,4840179.56
2001,A,0,WESR / Global Material Flows Database,EN_MAT_DOMCMPT,12,MF13,T,2025-05-21T00:00:00,2023,,5015312.84
2002,A,0,WESR / Global Material Flows Database,EN_MAT_DOMCMPT,12,MF13,T,2025-05-21T00:00:00,2023,,5059626.36
2003,A,0,WESR / Global Material Flows Database,EN_MAT_DOMCMPT,12,MF13,T,2025-05-21T00:00:00,2023,,5246129.24
2004,A,0,WESR / Global Material Flows Database,EN_MAT_DOMCMPT,12,MF13,T,2025-05-21T00:00:00,2023,,5563796.2
2005,A,0,WESR / Global Material Flows Database,EN_MAT_DOMCMPT,12,MF13,T,2025-05-21T00:00:00,2023,,5583536.92
2006,A,0,WESR / Global Material Flows Database,EN_MAT_DOMCMPT,12,MF13,T,2025-05-21T00:00:00,2023,,5346707.76
2007,A,0,WESR / Global Material Flows Database,EN_MAT_DOMCMPT,12,MF13,T,2025-05-21T00:00:00,2023,,5662137.04
2008,A,0,WESR / Global Material Flows Database,EN_MAT_DOMCMPT,12,MF13,T,2025-05-21T00:00:00,2023,,5673855.56
2009,A,0,WESR / Global Material Flows Database,EN_MAT_DOMCMPT,12,MF13,T,2025-05-21T00:00:00,2023,,5933903.24
2010,A,0,WESR / Global Material Flows Database,EN_MAT_DOMCMPT,12,MF13,T,2025-05-21T00:00:00,2023,,6161655.36
2011,A,0,WESR / Global Material Flows Database,EN_MAT_DOMCMPT,12,MF13,T,2025-05-21T00:00:00,2023,,6278725.44
2012,A,0,WESR / Global Material Flows Database,EN_MAT_DOMCMPT,12,MF13,T,2025-05-21T00:00:00,2023,,6480767.48
2013,A,0,WESR / Global Material Flows Database,EN_MAT_DOMCMPT,12,MF13,T,2025-05-21T00:00:00,2023,,6518434.96
2014,A,0,WESR / Global Material Flows Database,EN_MAT_DOMCMPT,12,MF13,T,2025-05-21T00:00:00,2023,,6709465.32
2015,A,0,WESR / Global Material Flows Database,EN_MAT_DOMCMPT,12,MF13,T,2025-05-21T00:00:00,2023,,6810362.32
2016,A,0,WESR / Global Material Flows Database,EN_MAT_DOMCMPT,12,MF13,T,2025-05-21T00:00:00,2023,,6769608.12
2017,A,0,WESR / Global Material Flows Database,EN_MAT_DOMCMPT,12,MF13,T,2025-05-21T00:00:00,2023,,6774611.4
2018,A,0,WESR / Global Material Flows Database,EN_MAT_DOMCMPT,12,MF13,T,2025-05-21T00:00:00,2023,,6812844.64
2019,A,0,WESR / Global Material Flows Database,EN_MAT_DOMCMPT,12,MF13,T,2025-05-21T00:00:00,2023,,6459608.4
2020,A,0,WESR / Global Material Flows Database,EN_MAT_DOMCMPT,12,MF13,T,2025-05-21T00:00:00,2023,,6109255.25209
2021,A,0,WESR / Global Material Flows Database,EN_MAT_DOMCMPT,12,MF13,T,2025-05-21T00:00:00,2023,,6551867.80712
2022,A,0,WESR / Global Material Flows Database,EN_MAT_DOMCMPT,12,MF13,T,2025-05-21T00:00:00,2023,,6342149.48756
2023,A,0,WESR / Global Material Flows Database,EN_MAT_DOMCMPT,12,MF13,T,2025-05-21T00:00:00,2023,,5989032.78228
2000,A,0,WESR / Global Material Flows Database,EN_MAT_DOMCMPT,12,MF14,T,2025-05-21T00:00:00,2023,,118803.9
2001,A,0,WESR / Global Material Flows Database,EN_MAT_DOMCMPT,12,MF14,T,2025-05-21T00:00:00,2023,,138010.0
2002,A,0,WESR / Global Material Flows Database,EN_MAT_DOMCMPT,12,MF14,T,2025-05-21T00:00:00,2023,,141454.8
2003,A,0,WESR / Global Material Flows Database,EN_MAT_DOMCMPT,12,MF14,T,2025-05-21T00:00:00,2023,,159211.0
2004,A,0,WESR / Global Material Flows Database,EN_MAT_DOMCMPT,12,MF14,T,2025-05-21T00:00:00,2023,,132490.2
2005,A,0,WESR / Global Material Flows Database,EN_MAT_DOMCMPT,12,MF14,T,2025-05-21T00:00:00,2023,,141840.3
2006,A,0,WESR / Global Material Flows Database,EN_MAT_DOMCMPT,12,MF14,T,2025-05-21T00:00:00,2023,,161771.8
2007,A,0,WESR / Global Material Flows Database,EN_MAT_DOMCMPT,12,MF14,T,2025-05-21T00:00:00,2023,,157899.131
2008,A,0,WESR / Global Material Flows Database,EN_MAT_DOMCMPT,12,MF14,T,2025-05-21T00:00:00,2023,,148881.43
2009,A,0,WESR / Global Material Flows Database,EN_MAT_DOMCMPT,12,MF14,T,2025-05-21T00:00:00,2023,,146582.0
2010,A,0,WESR / Global Material Flows Database,EN_MAT_DOMCMPT,12,MF14,T,2025-05-21T00:00:00,2023,,113449.0
2011,A,0,WESR / Global Material Flows Database,EN_MAT_DOMCMPT,12,MF14,T,2025-05-21T00:00:00,2023,,122083.86
2012,A,0,WESR / Global Material Flows Database,EN_MAT_DOMCMPT,12,MF14,T,2025-05-21T00:00:00,2023,,124750.407
2013,A,0,WESR / Global Material Flows Database,EN_MAT_DOMCMPT,12,MF14,T,2025-05-21T00:00:00,2023,,122892.13
2014,A,0,WESR / Global Material Flows Database,EN_MAT_DOMCMPT,12,MF14,T,2025-05-21T00:00:00,2023,,130241.17
2015,A,0,WESR / Global Material Flows Database,EN_MAT_DOMCMPT,12,MF14,T,2025-05-21T00:00:00,2023,,125868.89
2016,A,0,WESR / Global Material Flows Database,EN_MAT_DOMCMPT,12,MF14,T,2025-05-21T00:00:00,2023,,129475.88
2017,A,0,WESR / Global Material Flows Database,EN_MAT_DOMCMPT,12,MF14,T,2025-05-21T00:00:00,2023,,135862.291
2018,A,0,WESR / Global Material Flows Database,EN_MAT_DOMCMPT,12,MF14,T,2025-05-21T00:00:00,2023,,138887.0
2019,A,0,WESR / Global Material Flows Database,EN_MAT_DOMCMPT,12,MF14,T,2025-05-21T00:00:00,2023,,122388.871
2020,A,0,WESR / Global Material Flows Database,EN_MAT_DOMCMPT,12,MF14,T,2025-05-21T00:00:00,2023,,98681.2438
2021,A,0,WESR / Global Material Flows Database,EN_MAT_DOMCMPT,12,MF14,T,2025-05-21T00:00:00,2023,,103766.36987
2022,A,0,WESR / Global Material Flows Database,EN_MAT_DOMCMPT,12,MF14,T,2025-05-21T00:00:00,2023,,106473.8589
2023,A,0,WESR / Global Material Flows Database,EN_MAT_DOMCMPT,12,MF14,T,2025-05-21T00:00:00,2023,,106622.33498
2000,A,0,WESR / Global Material Flows Database,EN_MAT_DOMCMPT,12,MF2,T,2025-05-21T00:00:00,2023,,3012393.00083
2001,A,0,WESR / Global Material Flows Database,EN_MAT_DOMCMPT,12,MF2,T,2025-05-21T00:00:00,2023,,3164807.41345
2002,A,0,WESR / Global Material Flows Database,EN_MAT_DOMCMPT,12,MF2,T,2025-05-21T00:00:00,2023,,3043490.26142
2003,A,0,WESR / Global Material Flows Database,EN_MAT_DOMCMPT,12,MF2,T,2025-05-21T00:00:00,2023,,4062535.88942
2004,A,0,WESR / Global Material Flows Database,EN_MAT_DOMCMPT,12,MF2,T,2025-05-21T00:00:00,2023,,4482115.99177
2005,A,0,WESR / Global Material Flows Database,EN_MAT_DOMCMPT,12,MF2,T,2025-05-21T00:00:00,2023,,5302252.57186
2006,A,0,WESR / Global Material Flows Database,EN_MAT_DOMCMPT,12,MF2,T,2025-05-21T00:00:00,2023,,6269676.84807
2007,A,0,WESR / Global Material Flows Database,EN_MAT_DOMCMPT,12,MF2,T,2025-05-21T00:00:00,2023,,5600294.08105
2008,A,0,WESR / Global Material Flows Database,EN_MAT_DOMCMPT,12,MF2,T,2025-05-21T00:00:00,2023,,7145310.94598
2009,A,0,WESR / Global Material Flows Database,EN_MAT_DOMCMPT,12,MF2,T,2025-05-21T00:00:00,2023,,7412942.17545
2010,A,0,WESR / Global Material Flows Database,EN_MAT_DOMCMPT,12,MF2,T,2025-05-21T00:00:00,2023,,6220506.70517
2011,A,0,WESR / Global Material Flows Database,EN_MAT_DOMCMPT,12,MF2,T,2025-05-21T00:00:00,2023,,6440694.15875
2012,A,0,WESR / Global Material Flows Database,EN_MAT_DOMCMPT,12,MF2,T,2025-05-21T00:00:00,2023,,7234856.76736
2013,A,0,WESR / Global Material Flows Database,EN_MAT_DOMCMPT,12,MF2,T,2025-05-21T00:00:00,2023,,6904780.36359
2014,A,0,WESR / Global Material Flows Database,EN_MAT_DOMCMPT,12,MF2,T,2025-05-21T00:00:00,2023,,7371912.03061
2015,A,0,WESR / Global Material Flows Database,EN_MAT_DOMCMPT,12,MF2,T,2025-05-21T00:00:00,2023,,8304174.89156
2016,A,0,WESR / Global Material Flows Database,EN_MAT_DOMCMPT,12,MF2,T,2025-05-21T00:00:00,2023,,7243403.06457
2017,A,0,WESR / Global Material Flows Database,EN_MAT_DOMCMPT,12,MF2,T,2025-05-21T00:00:00,2023,,4953742.78401
2018,A,0,WESR / Global Material Flows Database,EN_MAT_DOMCMPT,12,MF2,T,2025-05-21T00:00:00,2023,,5119123.38967
2019,A,0,WESR / Global Material Flows Database,EN_MAT_DOMCMPT,12,MF2,T,2025-05-21T00:00:00,2023,,5154912.54488
2020,A,0,WESR / Global Material Flows Database,EN_MAT_DOMCMPT,12,MF2,T,2025-05-21T00:00:00,2023,,5178678.02071
2021,A,0,WESR / Global Material Flows Database,EN_MAT_DOMCMPT,12,MF2,T,2025-05-21T00:00:00,2023,,5415017.58259
2022,A,0,WESR / Global Material Flows Database,EN_MAT_DOMCMPT,12,MF2,T,2025-05-21T00:00:00,2023,,5641460.93065
2023,A,0,WESR / Global Material Flows Database,EN_MAT_DOMCMPT,12,MF2,T,2025-05-21T00:00:00,2023,,5786811.09676
2000,A,0,WESR / Global Material Flows Database,EN_MAT_DOMCMPT,12,MF21,T,2025-05-21T00:00:00,2023,,2843848.226
2001,A,0,WESR / Global Material Flows Database,EN_MAT_DOMCMPT,12,MF21,T,2025-05-21T00:00:00,2023,,2947663.639
2002,A,0,WESR / Global Material Flows Database,EN_MAT_DOMCMPT,12,MF21,T,2025-05-21T00:00:00,2023,,2750390.194
2003,A,0,WESR / Global Material Flows Database,EN_MAT_DOMCMPT,12,MF21,T,2025-05-21T00:00:00,2023,,3889138.249
2004,A,0,WESR / Global Material Flows Database,EN_MAT_DOMCMPT,12,MF21,T,2025-05-21T00:00:00,2023,,4217930.903
2005,A,0,WESR / Global Material Flows Database,EN_MAT_DOMCMPT,12,MF21,T,2025-05-21T00:00:00,2023,,4996732.033
2006,A,0,WESR / Global Material Flows Database,EN_MAT_DOMCMPT,12,MF21,T,2025-05-21T00:00:00,2023,,6110087.844
2007,A,0,WESR / Global Material Flows Database,EN_MAT_DOMCMPT,12,MF21,T,2025-05-21T00:00:00,2023,,5440267.894
2008,A,0,WESR / Global Material Flows Database,EN_MAT_DOMCMPT,12,MF21,T,2025-05-21T00:00:00,2023,,6869445.052
2009,A,0,WESR / Global Material Flows Database,EN_MAT_DOMCMPT,12,MF21,T,2025-05-21T00:00:00,2023,,6992538.649
2010,A,0,WESR / Global Material Flows Database,EN_MAT_DOMCMPT,12,MF21,T,2025-05-21T00:00:00,2023,,5867356.657
2011,A,0,WESR / Global Material Flows Database,EN_MAT_DOMCMPT,12,MF21,T,2025-05-21T00:00:00,2023,,6149628.018
2012,A,0,WESR / Global Material Flows Database,EN_MAT_DOMCMPT,12,MF21,T,2025-05-21T00:00:00,2023,,6952591.637
2013,A,0,WESR / Global Material Flows Database,EN_MAT_DOMCMPT,12,MF21,T,2025-05-21T00:00:00,2023,,6655428.203
2014,A,0,WESR / Global Material Flows Database,EN_MAT_DOMCMPT,12,MF21,T,2025-05-21T00:00:00,2023,,7122789.39
2015,A,0,WESR / Global Material Flows Database,EN_MAT_DOMCMPT,12,MF21,T,2025-05-21T00:00:00,2023,,8029847.55
2016,A,0,WESR / Global Material Flows Database,EN_MAT_DOMCMPT,12,MF21,T,2025-05-21T00:00:00,2023,,6944844.181
2017,A,0,WESR / Global Material Flows Database,EN_MAT_DOMCMPT,12,MF21,T,2025-05-21T00:00:00,2023,,4730896.663
2018,A,0,WESR / Global Material Flows Database,EN_MAT_DOMCMPT,12,MF21,T,2025-05-21T00:00:00,2023,,4838832.43789
2019,A,0,WESR / Global Material Flows Database,EN_MAT_DOMCMPT,12,MF21,T,2025-05-21T00:00:00,2023,,4946755.90079
2020,A,0,WESR / Global Material Flows Database,EN_MAT_DOMCMPT,12,MF21,T,2025-05-21T00:00:00,2023,,4957844.74636
2021,A,0,WESR / Global Material Flows Database,EN_MAT_DOMCMPT,12,MF21,T,2025-05-21T00:00:00,2023,,5187068.53074
2022,A,0,WESR / Global Material Flows Database,EN_MAT_DOMCMPT,12,MF21,T,2025-05-21T00:00:00,2023,,5400690.40024
2023,A,0,WESR / Global Material Flows Database,EN_MAT_DOMCMPT,12,MF21,T,2025-05-21T00:00:00,2023,,5536517.38255
2000,A,0,WESR / Global Material Flows Database,EN_MAT_DOMCMPT,12,MF22,T,2025-05-21T00:00:00,2023,,168544.77483
2001,A,0,WESR / Global Material Flows Database,EN_MAT_DOMCMPT,12,MF22,T,2025-05-21T00:00:00,2023,,217143.77445
2002,A,0,WESR / Global Material Flows Database,EN_MAT_DOMCMPT,12,MF22,T,2025-05-21T00:00:00,2023,,293100.06742
2003,A,0,WESR / Global Material Flows Database,EN_MAT_DOMCMPT,12,MF22,T,2025-05-21T00:00:00,2023,,173397.64042
2004,A,0,WESR / Global Material Flows Database,EN_MAT_DOMCMPT,12,MF22,T,2025-05-21T00:00:00,2023,,264185.08877
2005,A,0,WESR / Global Material Flows Database,EN_MAT_DOMCMPT,12,MF22,T,2025-05-21T00:00:00,2023,,305520.53886
2006,A,0,WESR / Global Material Flows Database,EN_MAT_DOMCMPT,12,MF22,T,2025-05-21T00:00:00,2023,,159589.00407
2007,A,0,WESR / Global Material Flows Database,EN_MAT_DOMCMPT,12,MF22,T,2025-05-21T00:00:00,2023,,160026.18705
2008,A,0,WESR / Global Material Flows Database,EN_MAT_DOMCMPT,12,MF22,T,2025-05-21T00:00:00,2023,,275865.89398
2009,A,0,WESR / Global Material Flows Database,EN_MAT_DOMCMPT,12,MF22,T,2025-05-21T00:00:00,2023,,420403.52645
2010,A,0,WESR / Global Material Flows Database,EN_MAT_DOMCMPT,12,MF22,T,2025-05-21T00:00:00,2023,,353150.04817
2011,A,0,WESR / Global Material Flows Database,EN_MAT_DOMCMPT,12,MF22,T,2025-05-21T00:00:00,2023,,291066.14075
2012,A,0,WESR / Global Material Flows Database,EN_MAT_DOMCMPT,12,MF22,T,2025-05-21T00:00:00,2023,,282265.13036
2013,A,0,WESR / Global Material Flows Database,EN_MAT_DOMCMPT,12,MF22,T,2025-05-21T00:00:00,2023,,249352.16059
2014,A,0,WESR / Global Material Flows Database,EN_MAT_DOMCMPT,12,MF22,T,2025-05-21T00:00:00,2023,,249122.64061
2015,A,0,WESR / Global Material Flows Database,EN_MAT_DOMCMPT,12,MF22,T,2025-05-21T00:00:00,2023,,274327.34156
2016,A,0,WESR / Global Material Flows Database,EN_MAT_DOMCMPT,12,MF22,T,2025-05-21T00:00:00,2023,,298558.88357
2017,A,0,WESR / Global Material Flows Database,EN_MAT_DOMCMPT,12,MF22,T,2025-05-21T00:00:00,2023,,222846.12101
2018,A,0,WESR / Global Material Flows Database,EN_MAT_DOMCMPT,12,MF22,T,2025-05-21T00:00:00,2023,,280290.95178
2019,A,0,WESR / Global Material Flows Database,EN_MAT_DOMCMPT,12,MF22,T,2025-05-21T00:00:00,2023,,208156.6441
2020,A,0,WESR / Global Material Flows Database,EN_MAT_DOMCMPT,12,MF22,T,2025-05-21T00:00:00,2023,,220833.27436
2021,A,0,WESR / Global Material Flows Database,EN_MAT_DOMCMPT,12,MF22,T,2025-05-21T00:00:00,2023,,227949.05185
2022,A,0,WESR / Global Material Flows Database,EN_MAT_DOMCMPT,12,MF22,T,2025-05-21T00:00:00,2023,,240770.53041
2023,A,0,WESR / Global Material Flows Database,EN_MAT_DOMCMPT,12,MF22,T,2025-05-21T00:00:00,2023,,250293.71421
2000,A,0,WESR / Global Material Flows Database,EN_MAT_DOMCMPT,12,MF3,T,2025-05-21T00:00:00,2023,,78339175.72
2001,A,0,WESR / Global Material Flows Database,EN_MAT_DOMCMPT,12,MF3,T,2025-05-21T00:00:00,2023,,79767607.011
2002,A,0,WESR / Global Material Flows Database,EN_MAT_DOMCMPT,12,MF3,T,2025-05-21T00:00:00,2023,,90624255.562
2003,A,0,WESR / Global Material Flows Database,EN_MAT_DOMCMPT,12,MF3,T,2025-05-21T00:00:00,2023,,103434786.092
2004,A,0,WESR / Global Material Flows Database,EN_MAT_DOMCMPT,12,MF3,T,2025-05-21T00:00:00,2023,,104104294.3486
2005,A,0,WESR / Global Material Flows Database,EN_MAT_DOMCMPT,12,MF3,T,2025-05-21T00:00:00,2023,,112977702.915
2006,A,0,WESR / Global Material Flows Database,EN_MAT_DOMCMPT,12,MF3,T,2025-05-21T00:00:00,2023,,129850191.766
2007,A,0,WESR / Global Material Flows Database,EN_MAT_DOMCMPT,12,MF3,T,2025-05-21T00:00:00,2023,,150104691.914
2008,A,0,WESR / Global Material Flows Database,EN_MAT_DOMCMPT,12,MF3,T,2025-05-21T00:00:00,2023,,194302122.732
2009,A,0,WESR / Global Material Flows Database,EN_MAT_DOMCMPT,12,MF3,T,2025-05-21T00:00:00,2023,,193437524.287
2010,A,0,WESR / Global Material Flows Database,EN_MAT_DOMCMPT,12,MF3,T,2025-05-21T00:00:00,2023,,182057398.191
2011,A,0,WESR / Global Material Flows Database,EN_MAT_DOMCMPT,12,MF3,T,2025-05-21T00:00:00,2023,,173311131.563
2012,A,0,WESR / Global Material Flows Database,EN_MAT_DOMCMPT,12,MF3,T,2025-05-21T00:00:00,2023,,175005952.624
2013,A,0,WESR / Global Material Flows Database,EN_MAT_DOMCMPT,12,MF3,T,2025-05-21T00:00:00,2023,,160704958.65434
2014,A,0,WESR / Global Material Flows Database,EN_MAT_DOMCMPT,12,MF3,T,2025-05-21T00:00:00,2023,,168567091.23466
2015,A,0,WESR / Global Material Flows Database,EN_MAT_DOMCMPT,12,MF3,T,2025-05-21T00:00:00,2023,,203648261.06877
2016,A,0,WESR / Global Material Flows Database,EN_MAT_DOMCMPT,12,MF3,T,2025-05-21T00:00:00,2023,,202668120.21316
2017,A,0,WESR / Global Material Flows Database,EN_MAT_DOMCMPT,12,MF3,T,2025-05-21T00:00:00,2023,,219104382.85629
2018,A,0,WESR / Global Material Flows Database,EN_MAT_DOMCMPT,12,MF3,T,2025-05-21T00:00:00,2023,,228453488.51867
2019,A,0,WESR / Global Material Flows Database,EN_MAT_DOMCMPT,12,MF3,T,2025-05-21T00:00:00,2023,,209416025.6659
2020,A,0,WESR / Global Material Flows Database,EN_MAT_DOMCMPT,12,MF3,T,2025-05-21T00:00:00,2023,,211199329.24791
2021,A,0,WESR / Global Material Flows Database,EN_MAT_DOMCMPT,12,MF3,T,2025-05-21T00:00:00,2023,,223793700.55947
2022,A,0,WESR / Global Material Flows Database,EN_MAT_DOMCMPT,12,MF3,T,2025-05-21T00:00:00,2023,,231637251.43464
2023,A,0,WESR / Global Material Flows Database,EN_MAT_DOMCMPT,12,MF3,T,2025-05-21T00:00:00,2023,,233851984.90818
2000,A,0,WESR / Global Material Flows Database,EN_MAT_DOMCMPT,12,MF4,T,2025-05-21T00:00:00,2023,,46584982.01
2001,A,0,WESR / Global Material Flows Database,EN_MAT_DOMCMPT,12,MF4,T,2025-05-21T00:00:00,2023,,47155768.3
2002,A,0,WESR / Global Material Flows Database,EN_MAT_DOMCMPT,12,MF4,T,2025-05-21T00:00:00,2023,,49389799.89784
2003,A,0,WESR / Global Material Flows Database,EN_MAT_DOMCMPT,12,MF4,T,2025-05-21T00:00:00,2023,,49735728.70013
2004,A,0,WESR / Global Material Flows Database,EN_MAT_DOMCMPT,12,MF4,T,2025-05-21T00:00:00,2023,,45598756.11756
2005,A,0,WESR / Global Material Flows Database,EN_MAT_DOMCMPT,12,MF4,T,2025-05-21T00:00:00,2023,,51704956.15
2006,A,0,WESR / Global Material Flows Database,EN_MAT_DOMCMPT,12,MF4,T,2025-05-21T00:00:00,2023,,48731191.09
2007,A,0,WESR / Global Material Flows Database,EN_MAT_DOMCMPT,12,MF4,T,2025-05-21T00:00:00,2023,,50502313.43
2008,A,0,WESR / Global Material Flows Database,EN_MAT_DOMCMPT,12,MF4,T,2025-05-21T00:00:00,2023,,52397056.82
2009,A,0,WESR / Global Material Flows Database,EN_MAT_DOMCMPT,12,MF4,T,2025-05-21T00:00:00,2023,,53898333.59
2010,A,0,WESR / Global Material Flows Database,EN_MAT_DOMCMPT,12,MF4,T,2025-05-21T00:00:00,2023,,56058825.65
2011,A,0,WESR / Global Material Flows Database,EN_MAT_DOMCMPT,12,MF4,T,2025-05-21T00:00:00,2023,,55645790.09
2012,A,0,WESR / Global Material Flows Database,EN_MAT_DOMCMPT,12,MF4,T,2025-05-21T00:00:00,2023,,55072395.64
2013,A,0,WESR / Global Material Flows Database,EN_MAT_DOMCMPT,12,MF4,T,2025-05-21T00:00:00,2023,,56471915.6
2014,A,0,WESR / Global Material Flows Database,EN_MAT_DOMCMPT,12,MF4,T,2025-05-21T00:00:00,2023,,68751127.76
2015,A,0,WESR / Global Material Flows Database,EN_MAT_DOMCMPT,12,MF4,T,2025-05-21T00:00:00,2023,,68058503.57
2016,A,0,WESR / Global Material Flows Database,EN_MAT_DOMCMPT,12,MF4,T,2025-05-21T00:00:00,2023,,68233515.78182
2017,A,0,WESR / Global Material Flows Database,EN_MAT_DOMCMPT,12,MF4,T,2025-05-21T00:00:00,2023,,69522103.3
2018,A,0,WESR / Global Material Flows Database,EN_MAT_DOMCMPT,12,MF4,T,2025-05-21T00:00:00,2023,,73361936.63
2019,A,0,WESR / Global Material Flows Database,EN_MAT_DOMCMPT,12,MF4,T,2025-05-21T00:00:00,2023,,72555818.64352
2020,A,0,WESR / Global Material Flows Database,EN_MAT_DOMCMPT,12,MF4,T,2025-05-21T00:00:00,2023,,72514780.33391
2021,A,0,WESR / Global Material Flows Database,EN_MAT_DOMCMPT,12,MF4,T,2025-05-21T00:00:00,2023,,75274752.96593
2022,A,0,WESR / Global Material Flows Database,EN_MAT_DOMCMPT,12,MF4,T,2025-05-21T00:00:00,2023,,75983289.55202
2023,A,0,WESR / Global Material Flows Database,EN_MAT_DOMCMPT,12,MF4,T,2025-05-21T00:00:00,2023,,75627580.793
2000,A,0,WESR / Global Material Flows Database,EN_MAT_DOMCMPT,12,MF41,T,2025-05-21T00:00:00,2023,,593000.0
2001,A,0,WESR / Global Material Flows Database,EN_MAT_DOMCMPT,12,MF41,T,2025-05-21T00:00:00,2023,,547000.0
2002,A,0,WESR / Global Material Flows Database,EN_MAT_DOMCMPT,12,MF41,T,2025-05-21T00:00:00,2023,,733000.0
2003,A,0,WESR / Global Material Flows Database,EN_MAT_DOMCMPT,12,MF41,T,2025-05-21T00:00:00,2023,,604000.0
2004,A,0,WESR / Global Material Flows Database,EN_MAT_DOMCMPT,12,MF41,T,2025-05-21T00:00:00,2023,,910000.0
2005,A,0,WESR / Global Material Flows Database,EN_MAT_DOMCMPT,12,MF41,T,2025-05-21T00:00:00,2023,,689000.0
2006,A,0,WESR / Global Material Flows Database,EN_MAT_DOMCMPT,12,MF41,T,2025-05-21T00:00:00,2023,,992000.0
2007,A,0,WESR / Global Material Flows Database,EN_MAT_DOMCMPT,12,MF41,T,2025-05-21T00:00:00,2023,,826000.0
2008,A,0,WESR / Global Material Flows Database,EN_MAT_DOMCMPT,12,MF41,T,2025-05-21T00:00:00,2023,,825000.0
2009,A,0,WESR / Global Material Flows Database,EN_MAT_DOMCMPT,12,MF41,T,2025-05-21T00:00:00,2023,,166000.0
2010,A,0,WESR / Global Material Flows Database,EN_MAT_DOMCMPT,12,MF41,T,2025-05-21T00:00:00,2023,,0.0
2011,A,0,WESR / Global Material Flows Database,EN_MAT_DOMCMPT,12,MF41,T,2025-05-21T00:00:00,2023,,0.0
2012,A,0,WESR / Global Material Flows Database,EN_MAT_DOMCMPT,12,MF41,T,2025-05-21T00:00:00,2023,,0.0
2013,A,0,WESR / Global Material Flows Database,EN_MAT_DOMCMPT,12,MF41,T,2025-05-21T00:00:00,2023,,0.0
2014,A,0,WESR / Global Material Flows Database,EN_MAT_DOMCMPT,12,MF41,T,2025-05-21T00:00:00,2023,,20000.0
2015,A,0,WESR / Global Material Flows Database,EN_MAT_DOMCMPT,12,MF41,T,2025-05-21T00:00:00,2023,,0.0
2016,A,0,WESR / Global Material Flows Database,EN_MAT_DOMCMPT,12,MF41,T,2025-05-21T00:00:00,2023,,0.0
2017,A,0,WESR / Global Material Flows Database,EN_MAT_DOMCMPT,12,MF41,T,2025-05-21T00:00:00,2023,,0.0
2018,A,0,WESR / Global Material Flows Database,EN_MAT_DOMCMPT,12,MF41,T,2025-05-21T00:00:00,2023,,12000.0
2019,A,0,WESR / Global Material Flows Database,EN_MAT_DOMCMPT,12,MF41,T,2025-05-21T00:00:00,2023,,8000.0
2020,A,0,WESR / Global Material Flows Database,EN_MAT_DOMCMPT,12,MF41,T,2025-05-21T00:00:00,2023,,8113.0
2021,A,0,WESR / Global Material Flows Database,EN_MAT_DOMCMPT,12,MF41,T,2025-05-21T00:00:00,2023,,8276.20482
2022,A,0,WESR / Global Material Flows Database,EN_MAT_DOMCMPT,12,MF41,T,2025-05-21T00:00:00,2023,,8241.01905
2023,A,0,WESR / Global Material Flows Database,EN_MAT_DOMCMPT,12,MF41,T,2025-05-21T00:00:00,2023,,8024.3174
2000,A,0,WESR / Global Material Flows Database,EN_MAT_DOMCMPT,12,MF421,T,2025-05-21T00:00:00,2023,,30979000.0
2001,A,0,WESR / Global Material Flows Database,EN_MAT_DOMCMPT,12,MF421,T,2025-05-21T00:00:00,2023,,30769000.0
2002,A,0,WESR / Global Material Flows Database,EN_MAT_DOMCMPT,12,MF421,T,2025-05-21T00:00:00,2023,,31465000.0
2003,A,0,WESR / Global Material Flows Database,EN_MAT_DOMCMPT,12,MF421,T,2025-05-21T00:00:00,2023,,32151000.0
2004,A,0,WESR / Global Material Flows Database,EN_MAT_DOMCMPT,12,MF421,T,2025-05-21T00:00:00,2023,,28730000.0
2005,A,0,WESR / Global Material Flows Database,EN_MAT_DOMCMPT,12,MF421,T,2025-05-21T00:00:00,2023,,27752000.0
2006,A,0,WESR / Global Material Flows Database,EN_MAT_DOMCMPT,12,MF421,T,2025-05-21T00:00:00,2023,,28789000.0
2007,A,0,WESR / Global Material Flows Database,EN_MAT_DOMCMPT,12,MF421,T,2025-05-21T00:00:00,2023,,30105000.0
2008,A,0,WESR / Global Material Flows Database,EN_MAT_DOMCMPT,12,MF421,T,2025-05-21T00:00:00,2023,,31827000.0
2009,A,0,WESR / Global Material Flows Database,EN_MAT_DOMCMPT,12,MF421,T,2025-05-21T00:00:00,2023,,32839000.0
2010,A,0,WESR / Global Material Flows Database,EN_MAT_DOMCMPT,12,MF421,T,2025-05-21T00:00:00,2023,,35694000.0
2011,A,0,WESR / Global Material Flows Database,EN_MAT_DOMCMPT,12,MF421,T,2025-05-21T00:00:00,2023,,34120000.0
2012,A,0,WESR / Global Material Flows Database,EN_MAT_DOMCMPT,12,MF421,T,2025-05-21T00:00:00,2023,,30846000.0
2013,A,0,WESR / Global Material Flows Database,EN_MAT_DOMCMPT,12,MF421,T,2025-05-21T00:00:00,2023,,31830000.0
2014,A,0,WESR / Global Material Flows Database,EN_MAT_DOMCMPT,12,MF421,T,2025-05-21T00:00:00,2023,,41062000.0
2015,A,0,WESR / Global Material Flows Database,EN_MAT_DOMCMPT,12,MF421,T,2025-05-21T00:00:00,2023,,38600000.0
2016,A,0,WESR / Global Material Flows Database,EN_MAT_DOMCMPT,12,MF421,T,2025-05-21T00:00:00,2023,,38666000.0
2017,A,0,WESR / Global Material Flows Database,EN_MAT_DOMCMPT,12,MF421,T,2025-05-21T00:00:00,2023,,38557000.0
2018,A,0,WESR / Global Material Flows Database,EN_MAT_DOMCMPT,12,MF421,T,2025-05-21T00:00:00,2023,,40046000.0
2019,A,0,WESR / Global Material Flows Database,EN_MAT_DOMCMPT,12,MF421,T,2025-05-21T00:00:00,2023,,38516000.0
2020,A,0,WESR / Global Material Flows Database,EN_MAT_DOMCMPT,12,MF421,T,2025-05-21T00:00:00,2023,,41543559.85779
2021,A,0,WESR / Global Material Flows Database,EN_MAT_DOMCMPT,12,MF421,T,2025-05-21T00:00:00,2023,,43275906.81222
2022,A,0,WESR / Global Material Flows Database,EN_MAT_DOMCMPT,12,MF421,T,2025-05-21T00:00:00,2023,,43890102.0542
2023,A,0,WESR / Global Material Flows Database,EN_MAT_DOMCMPT,12,MF421,T,2025-05-21T00:00:00,2023,,44120689.54454
2000,A,0,WESR / Global Material Flows Database,EN_MAT_DOMCMPT,12,MF422,T,2025-05-21T00:00:00,2023,,15012982.01
2001,A,0,WESR / Global Material Flows Database,EN_MAT_DOMCMPT,12,MF422,T,2025-05-21T00:00:00,2023,,15839768.3
2002,A,0,WESR / Global Material Flows Database,EN_MAT_DOMCMPT,12,MF422,T,2025-05-21T00:00:00,2023,,17191799.89784
2003,A,0,WESR / Global Material Flows Database,EN_MAT_DOMCMPT,12,MF422,T,2025-05-21T00:00:00,2023,,16980728.70013
2004,A,0,WESR / Global Material Flows Database,EN_MAT_DOMCMPT,12,MF422,T,2025-05-21T00:00:00,2023,,15958756.11756
2005,A,0,WESR / Global Material Flows Database,EN_MAT_DOMCMPT,12,MF422,T,2025-05-21T00:00:00,2023,,23263956.15
2006,A,0,WESR / Global Material Flows Database,EN_MAT_DOMCMPT,12,MF422,T,2025-05-21T00:00:00,2023,,18950191.09
2007,A,0,WESR / Global Material Flows Database,EN_MAT_DOMCMPT,12,MF422,T,2025-05-21T00:00:00,2023,,19571313.43
2008,A,0,WESR / Global Material Flows Database,EN_MAT_DOMCMPT,12,MF422,T,2025-05-21T00:00:00,2023,,19745056.82
2009,A,0,WESR / Global Material Flows Database,EN_MAT_DOMCMPT,12,MF422,T,2025-05-21T00:00:00,2023,,20893333.59
2010,A,0,WESR / Global Material Flows Database,EN_MAT_DOMCMPT,12,MF422,T,2025-05-21T00:00:00,2023,,20364825.65
2011,A,0,WESR / Global Material Flows Database,EN_MAT_DOMCMPT,12,MF422,T,2025-05-21T00:00:00,2023,,21525790.09
2012,A,0,WESR / Global Material Flows Database,EN_MAT_DOMCMPT,12,MF422,T,2025-05-21T00:00:00,2023,,24226395.64
2013,A,0,WESR / Global Material Flows Database,EN_MAT_DOMCMPT,12,MF422,T,2025-05-21T00:00:00,2023,,24641915.6
2014,A,0,WESR / Global Material Flows Database,EN_MAT_DOMCMPT,12,MF422,T,2025-05-21T00:00:00,2023,,27669127.76
2015,A,0,WESR / Global Material Flows Database,EN_MAT_DOMCMPT,12,MF422,T,2025-05-21T00:00:00,2023,,29458503.57
2016,A,0,WESR / Global Material Flows Database,EN_MAT_DOMCMPT,12,MF422,T,2025-05-21T00:00:00,2023,,29567515.78182
2017,A,0,WESR / Global Material Flows Database,EN_MAT_DOMCMPT,12,MF422,T,2025-05-21T00:00:00,2023,,30965103.3
2018,A,0,WESR / Global Material Flows Database,EN_MAT_DOMCMPT,12,MF422,T,2025-05-21T00:00:00,2023,,33303936.63
2019,A,0,WESR / Global Material Flows Database,EN_MAT_DOMCMPT,12,MF422,T,2025-05-21T00:00:00,2023,,34031818.64352
2020,A,0,WESR / Global Material Flows Database,EN_MAT_DOMCMPT,12,MF422,T,2025-05-21T00:00:00,2023,,30963107.47612
2021,A,0,WESR / Global Material Flows Database,EN_MAT_DOMCMPT,12,MF422,T,2025-05-21T00:00:00,2023,,31990569.94889
2022,A,0,WESR / Global Material Flows Database,EN_MAT_DOMCMPT,12,MF422,T,2025-05-21T00:00:00,2023,,32084946.47877
2023,A,0,WESR / Global Material Flows Database,EN_MAT_DOMCMPT,12,MF422,T,2025-05-21T00:00:00,2023,,31498866.93106
