Year,SERIES,REF_AREA,PRODUCT,UNIT_MEASURE,DATA_LAST_UPDATE,OBS_STATUS,UNIT_MULT,TIME_DETAIL,SOURCE_DETAIL,BASE_PER,Value
2000,EN_MAT_DOMCMPC,231,None,T,2025-03-21T00:00:00,A,0,2023,WESR / Global Material Flows Database,,2.89666
2001,EN_MAT_DOMCMPC,231,None,T,2025-03-21T00:00:00,A,0,2023,WESR / Global Material Flows Database,,3.02957
2002,EN_MAT_DOMCMPC,231,None,T,2025-03-21T00:00:00,A,0,2023,WESR / Global Material Flows Database,,3.09214
2003,EN_MAT_DOMCMPC,231,None,T,2025-03-21T00:00:00,A,0,2023,WESR / Global Material Flows Database,,3.07732
2004,EN_MAT_DOMCMPC,231,None,T,2025-03-21T00:00:00,A,0,2023,WESR / Global Material Flows Database,,3.07235
2005,EN_MAT_DOMCMPC,231,None,T,2025-03-21T00:00:00,A,0,2023,WESR / Global Material Flows Database,,3.26314
2006,EN_MAT_DOMCMPC,231,None,T,2025-03-21T00:00:00,A,0,2023,WESR / Global Material Flows Database,,3.28741
2007,EN_MAT_DOMCMPC,231,None,T,2025-03-21T00:00:00,A,0,2023,WESR / Global Material Flows Database,,3.4559
2008,EN_MAT_DOMCMPC,231,None,T,2025-03-21T00:00:00,A,0,2023,WESR / Global Material Flows Database,,3.47691
2009,EN_MAT_DOMCMPC,231,None,T,2025-03-21T00:00:00,A,0,2023,WESR / Global Material Flows Database,,3.63507
2010,EN_MAT_DOMCMPC,231,None,T,2025-03-21T00:00:00,A,0,2023,WESR / Global Material Flows Database,,3.65922
2011,EN_MAT_DOMCMPC,231,None,T,2025-03-21T00:00:00,A,0,2023,WESR / Global Material Flows Database,,3.63892
2012,EN_MAT_DOMCMPC,231,None,T,2025-03-21T00:00:00,A,0,2023,WESR / Global Material Flows Database,,3.75846
2013,EN_MAT_DOMCMPC,231,None,T,2025-03-21T00:00:00,A,0,2023,WESR / Global Material Flows Database,,3.75027
2014,EN_MAT_DOMCMPC,231,None,T,2025-03-21T00:00:00,A,0,2023,WESR / Global Material Flows Database,,3.70264
2015,EN_MAT_DOMCMPC,231,None,T,2025-03-21T00:00:00,A,0,2023,WESR / Global Material Flows Database,,3.94852
2016,EN_MAT_DOMCMPC,231,None,T,2025-03-21T00:00:00,A,0,2023,WESR / Global Material Flows Database,,4.1077
2017,EN_MAT_DOMCMPC,231,None,T,2025-03-21T00:00:00,A,0,2023,WESR / Global Material Flows Database,,4.13953
2018,EN_MAT_DOMCMPC,231,None,T,2025-03-21T00:00:00,A,0,2023,WESR / Global Material Flows Database,,4.10193
2019,EN_MAT_DOMCMPC,231,None,T,2025-03-21T00:00:00,A,0,2023,WESR / Global Material Flows Database,,4.13703
2020,EN_MAT_DOMCMPC,231,None,T,2025-03-21T00:00:00,A,0,2023,WESR / Global Material Flows Database,,4.20851
2021,EN_MAT_DOMCMPC,231,None,T,2025-03-21T00:00:00,A,0,2023,WESR / Global Material Flows Database,,4.04416
2022,EN_MAT_DOMCMPC,231,None,T,2025-03-21T00:00:00,A,0,2023,WESR / Global Material Flows Database,,3.97603
2023,EN_MAT_DOMCMPC,231,None,T,2025-03-21T00:00:00,A,0,2023,WESR / Global Material Flows Database,,3.98805
2000,EN_MAT_DOMCMPC,231,MF_AGG3A,T,2025-03-21T00:00:00,A,0,2023,WESR / Global Material Flows Database,,0.10869
2001,EN_MAT_DOMCMPC,231,MF_AGG3A,T,2025-03-21T00:00:00,A,0,2023,WESR / Global Material Flows Database,,0.11372
2002,EN_MAT_DOMCMPC,231,MF_AGG3A,T,2025-03-21T00:00:00,A,0,2023,WESR / Global Material Flows Database,,0.10109
2003,EN_MAT_DOMCMPC,231,MF_AGG3A,T,2025-03-21T00:00:00,A,0,2023,WESR / Global Material Flows Database,,0.14718
2004,EN_MAT_DOMCMPC,231,MF_AGG3A,T,2025-03-21T00:00:00,A,0,2023,WESR / Global Material Flows Database,,0.1609
2005,EN_MAT_DOMCMPC,231,MF_AGG3A,T,2025-03-21T00:00:00,A,0,2023,WESR / Global Material Flows Database,,0.17144
2006,EN_MAT_DOMCMPC,231,MF_AGG3A,T,2025-03-21T00:00:00,A,0,2023,WESR / Global Material Flows Database,,0.19095
2007,EN_MAT_DOMCMPC,231,MF_AGG3A,T,2025-03-21T00:00:00,A,0,2023,WESR / Global Material Flows Database,,0.25948
2008,EN_MAT_DOMCMPC,231,MF_AGG3A,T,2025-03-21T00:00:00,A,0,2023,WESR / Global Material Flows Database,,0.26657
2009,EN_MAT_DOMCMPC,231,MF_AGG3A,T,2025-03-21T00:00:00,A,0,2023,WESR / Global Material Flows Database,,0.32177
2010,EN_MAT_DOMCMPC,231,MF_AGG3A,T,2025-03-21T00:00:00,A,0,2023,WESR / Global Material Flows Database,,0.24851
2011,EN_MAT_DOMCMPC,231,MF_AGG3A,T,2025-03-21T00:00:00,A,0,2023,WESR / Global Material Flows Database,,0.29161
2012,EN_MAT_DOMCMPC,231,MF_AGG3A,T,2025-03-21T00:00:00,A,0,2023,WESR / Global Material Flows Database,,0.36739
2013,EN_MAT_DOMCMPC,231,MF_AGG3A,T,2025-03-21T00:00:00,A,0,2023,WESR / Global Material Flows Database,,0.29473
2014,EN_MAT_DOMCMPC,231,MF_AGG3A,T,2025-03-21T00:00:00,A,0,2023,WESR / Global Material Flows Database,,0.16049
2015,EN_MAT_DOMCMPC,231,MF_AGG3A,T,2025-03-21T00:00:00,A,0,2023,WESR / Global Material Flows Database,,0.40857
2016,EN_MAT_DOMCMPC,231,MF_AGG3A,T,2025-03-21T00:00:00,A,0,2023,WESR / Global Material Flows Database,,0.53168
2017,EN_MAT_DOMCMPC,231,MF_AGG3A,T,2025-03-21T00:00:00,A,0,2023,WESR / Global Material Flows Database,,0.56947
2018,EN_MAT_DOMCMPC,231,MF_AGG3A,T,2025-03-21T00:00:00,A,0,2023,WESR / Global Material Flows Database,,0.57469
2019,EN_MAT_DOMCMPC,231,MF_AGG3A,T,2025-03-21T00:00:00,A,0,2023,WESR / Global Material Flows Database,,0.56561
2020,EN_MAT_DOMCMPC,231,MF_AGG3A,T,2025-03-21T00:00:00,A,0,2023,WESR / Global Material Flows Database,,0.5616
2021,EN_MAT_DOMCMPC,231,MF_AGG3A,T,2025-03-21T00:00:00,A,0,2023,WESR / Global Material Flows Database,,0.57043
2022,EN_MAT_DOMCMPC,231,MF_AGG3A,T,2025-03-21T00:00:00,A,0,2023,WESR / Global Material Flows Database,,0.57072
2023,EN_MAT_DOMCMPC,231,MF_AGG3A,T,2025-03-21T00:00:00,A,0,2023,WESR / Global Material Flows Database,,0.58446
2000,EN_MAT_DOMCMPC,231,MF_AGG3B,T,2025-03-21T00:00:00,A,0,2023,WESR / Global Material Flows Database,,0.00708
2001,EN_MAT_DOMCMPC,231,MF_AGG3B,T,2025-03-21T00:00:00,A,0,2023,WESR / Global Material Flows Database,,0.00923
2002,EN_MAT_DOMCMPC,231,MF_AGG3B,T,2025-03-21T00:00:00,A,0,2023,WESR / Global Material Flows Database,,0.01129
2003,EN_MAT_DOMCMPC,231,MF_AGG3B,T,2025-03-21T00:00:00,A,0,2023,WESR / Global Material Flows Database,,0.01083
2004,EN_MAT_DOMCMPC,231,MF_AGG3B,T,2025-03-21T00:00:00,A,0,2023,WESR / Global Material Flows Database,,0.01141
2005,EN_MAT_DOMCMPC,231,MF_AGG3B,T,2025-03-21T00:00:00,A,0,2023,WESR / Global Material Flows Database,,0.01387
2006,EN_MAT_DOMCMPC,231,MF_AGG3B,T,2025-03-21T00:00:00,A,0,2023,WESR / Global Material Flows Database,,0.00924
2007,EN_MAT_DOMCMPC,231,MF_AGG3B,T,2025-03-21T00:00:00,A,0,2023,WESR / Global Material Flows Database,,0.00523
2008,EN_MAT_DOMCMPC,231,MF_AGG3B,T,2025-03-21T00:00:00,A,0,2023,WESR / Global Material Flows Database,,0.00717
2009,EN_MAT_DOMCMPC,231,MF_AGG3B,T,2025-03-21T00:00:00,A,0,2023,WESR / Global Material Flows Database,,0.01356
2010,EN_MAT_DOMCMPC,231,MF_AGG3B,T,2025-03-21T00:00:00,A,0,2023,WESR / Global Material Flows Database,,0.01612
2011,EN_MAT_DOMCMPC,231,MF_AGG3B,T,2025-03-21T00:00:00,A,0,2023,WESR / Global Material Flows Database,,0.01554
2012,EN_MAT_DOMCMPC,231,MF_AGG3B,T,2025-03-21T00:00:00,A,0,2023,WESR / Global Material Flows Database,,0.01892
2013,EN_MAT_DOMCMPC,231,MF_AGG3B,T,2025-03-21T00:00:00,A,0,2023,WESR / Global Material Flows Database,,0.01634
2014,EN_MAT_DOMCMPC,231,MF_AGG3B,T,2025-03-21T00:00:00,A,0,2023,WESR / Global Material Flows Database,,0.01812
2015,EN_MAT_DOMCMPC,231,MF_AGG3B,T,2025-03-21T00:00:00,A,0,2023,WESR / Global Material Flows Database,,0.01599
2016,EN_MAT_DOMCMPC,231,MF_AGG3B,T,2025-03-21T00:00:00,A,0,2023,WESR / Global Material Flows Database,,0.01827
2017,EN_MAT_DOMCMPC,231,MF_AGG3B,T,2025-03-21T00:00:00,A,0,2023,WESR / Global Material Flows Database,,0.01728
2018,EN_MAT_DOMCMPC,231,MF_AGG3B,T,2025-03-21T00:00:00,A,0,2023,WESR / Global Material Flows Database,,0.01946
2019,EN_MAT_DOMCMPC,231,MF_AGG3B,T,2025-03-21T00:00:00,A,0,2023,WESR / Global Material Flows Database,,0.0193
2020,EN_MAT_DOMCMPC,231,MF_AGG3B,T,2025-03-21T00:00:00,A,0,2023,WESR / Global Material Flows Database,,0.01401
2021,EN_MAT_DOMCMPC,231,MF_AGG3B,T,2025-03-21T00:00:00,A,0,2023,WESR / Global Material Flows Database,,0.01386
2022,EN_MAT_DOMCMPC,231,MF_AGG3B,T,2025-03-21T00:00:00,A,0,2023,WESR / Global Material Flows Database,,0.01372
2023,EN_MAT_DOMCMPC,231,MF_AGG3B,T,2025-03-21T00:00:00,A,0,2023,WESR / Global Material Flows Database,,0.01362
2000,EN_MAT_DOMCMPC,231,MF1,T,2025-03-21T00:00:00,A,0,2023,WESR / Global Material Flows Database,,2.73522
2001,EN_MAT_DOMCMPC,231,MF1,T,2025-03-21T00:00:00,A,0,2023,WESR / Global Material Flows Database,,2.84908
2002,EN_MAT_DOMCMPC,231,MF1,T,2025-03-21T00:00:00,A,0,2023,WESR / Global Material Flows Database,,2.92581
2003,EN_MAT_DOMCMPC,231,MF1,T,2025-03-21T00:00:00,A,0,2023,WESR / Global Material Flows Database,,2.87525
2004,EN_MAT_DOMCMPC,231,MF1,T,2025-03-21T00:00:00,A,0,2023,WESR / Global Material Flows Database,,2.84226
2005,EN_MAT_DOMCMPC,231,MF1,T,2025-03-21T00:00:00,A,0,2023,WESR / Global Material Flows Database,,2.98132
2006,EN_MAT_DOMCMPC,231,MF1,T,2025-03-21T00:00:00,A,0,2023,WESR / Global Material Flows Database,,3.01203
2007,EN_MAT_DOMCMPC,231,MF1,T,2025-03-21T00:00:00,A,0,2023,WESR / Global Material Flows Database,,3.10905
2008,EN_MAT_DOMCMPC,231,MF1,T,2025-03-21T00:00:00,A,0,2023,WESR / Global Material Flows Database,,3.10838
2009,EN_MAT_DOMCMPC,231,MF1,T,2025-03-21T00:00:00,A,0,2023,WESR / Global Material Flows Database,,3.20041
2010,EN_MAT_DOMCMPC,231,MF1,T,2025-03-21T00:00:00,A,0,2023,WESR / Global Material Flows Database,,3.30358
2011,EN_MAT_DOMCMPC,231,MF1,T,2025-03-21T00:00:00,A,0,2023,WESR / Global Material Flows Database,,3.23296
2012,EN_MAT_DOMCMPC,231,MF1,T,2025-03-21T00:00:00,A,0,2023,WESR / Global Material Flows Database,,3.25677
2013,EN_MAT_DOMCMPC,231,MF1,T,2025-03-21T00:00:00,A,0,2023,WESR / Global Material Flows Database,,3.33155
2014,EN_MAT_DOMCMPC,231,MF1,T,2025-03-21T00:00:00,A,0,2023,WESR / Global Material Flows Database,,3.39728
2015,EN_MAT_DOMCMPC,231,MF1,T,2025-03-21T00:00:00,A,0,2023,WESR / Global Material Flows Database,,3.4041
2016,EN_MAT_DOMCMPC,231,MF1,T,2025-03-21T00:00:00,A,0,2023,WESR / Global Material Flows Database,,3.41733
2017,EN_MAT_DOMCMPC,231,MF1,T,2025-03-21T00:00:00,A,0,2023,WESR / Global Material Flows Database,,3.43341
2018,EN_MAT_DOMCMPC,231,MF1,T,2025-03-21T00:00:00,A,0,2023,WESR / Global Material Flows Database,,3.40013
2019,EN_MAT_DOMCMPC,231,MF1,T,2025-03-21T00:00:00,A,0,2023,WESR / Global Material Flows Database,,3.47707
2020,EN_MAT_DOMCMPC,231,MF1,T,2025-03-21T00:00:00,A,0,2023,WESR / Global Material Flows Database,,3.55118
2021,EN_MAT_DOMCMPC,231,MF1,T,2025-03-21T00:00:00,A,0,2023,WESR / Global Material Flows Database,,3.37836
2022,EN_MAT_DOMCMPC,231,MF1,T,2025-03-21T00:00:00,A,0,2023,WESR / Global Material Flows Database,,3.31091
2023,EN_MAT_DOMCMPC,231,MF1,T,2025-03-21T00:00:00,A,0,2023,WESR / Global Material Flows Database,,3.30981
2000,EN_MAT_DOMCMPC,231,MF11,T,2025-03-21T00:00:00,A,0,2023,WESR / Global Material Flows Database,,0.23877
2001,EN_MAT_DOMCMPC,231,MF11,T,2025-03-21T00:00:00,A,0,2023,WESR / Global Material Flows Database,,0.25726
2002,EN_MAT_DOMCMPC,231,MF11,T,2025-03-21T00:00:00,A,0,2023,WESR / Global Material Flows Database,,0.23115
2003,EN_MAT_DOMCMPC,231,MF11,T,2025-03-21T00:00:00,A,0,2023,WESR / Global Material Flows Database,,0.25535
2004,EN_MAT_DOMCMPC,231,MF11,T,2025-03-21T00:00:00,A,0,2023,WESR / Global Material Flows Database,,0.24565
2005,EN_MAT_DOMCMPC,231,MF11,T,2025-03-21T00:00:00,A,0,2023,WESR / Global Material Flows Database,,0.28439
2006,EN_MAT_DOMCMPC,231,MF11,T,2025-03-21T00:00:00,A,0,2023,WESR / Global Material Flows Database,,0.27542
2007,EN_MAT_DOMCMPC,231,MF11,T,2025-03-21T00:00:00,A,0,2023,WESR / Global Material Flows Database,,0.27318
2008,EN_MAT_DOMCMPC,231,MF11,T,2025-03-21T00:00:00,A,0,2023,WESR / Global Material Flows Database,,0.26588
2009,EN_MAT_DOMCMPC,231,MF11,T,2025-03-21T00:00:00,A,0,2023,WESR / Global Material Flows Database,,0.30454
2010,EN_MAT_DOMCMPC,231,MF11,T,2025-03-21T00:00:00,A,0,2023,WESR / Global Material Flows Database,,0.32811
2011,EN_MAT_DOMCMPC,231,MF11,T,2025-03-21T00:00:00,A,0,2023,WESR / Global Material Flows Database,,0.33234
2012,EN_MAT_DOMCMPC,231,MF11,T,2025-03-21T00:00:00,A,0,2023,WESR / Global Material Flows Database,,0.3455
2013,EN_MAT_DOMCMPC,231,MF11,T,2025-03-21T00:00:00,A,0,2023,WESR / Global Material Flows Database,,0.37594
2014,EN_MAT_DOMCMPC,231,MF11,T,2025-03-21T00:00:00,A,0,2023,WESR / Global Material Flows Database,,0.39176
2015,EN_MAT_DOMCMPC,231,MF11,T,2025-03-21T00:00:00,A,0,2023,WESR / Global Material Flows Database,,0.39921
2016,EN_MAT_DOMCMPC,231,MF11,T,2025-03-21T00:00:00,A,0,2023,WESR / Global Material Flows Database,,0.41256
2017,EN_MAT_DOMCMPC,231,MF11,T,2025-03-21T00:00:00,A,0,2023,WESR / Global Material Flows Database,,0.40643
2018,EN_MAT_DOMCMPC,231,MF11,T,2025-03-21T00:00:00,A,0,2023,WESR / Global Material Flows Database,,0.39935
2019,EN_MAT_DOMCMPC,231,MF11,T,2025-03-21T00:00:00,A,0,2023,WESR / Global Material Flows Database,,0.39547
2020,EN_MAT_DOMCMPC,231,MF11,T,2025-03-21T00:00:00,A,0,2023,WESR / Global Material Flows Database,,0.41981
2021,EN_MAT_DOMCMPC,231,MF11,T,2025-03-21T00:00:00,A,0,2023,WESR / Global Material Flows Database,,0.41634
2022,EN_MAT_DOMCMPC,231,MF11,T,2025-03-21T00:00:00,A,0,2023,WESR / Global Material Flows Database,,0.41062
2023,EN_MAT_DOMCMPC,231,MF11,T,2025-03-21T00:00:00,A,0,2023,WESR / Global Material Flows Database,,0.41308
2000,EN_MAT_DOMCMPC,231,MF121,T,2025-03-21T00:00:00,A,0,2023,WESR / Global Material Flows Database,,0.3662
2001,EN_MAT_DOMCMPC,231,MF121,T,2025-03-21T00:00:00,A,0,2023,WESR / Global Material Flows Database,,0.42101
2002,EN_MAT_DOMCMPC,231,MF121,T,2025-03-21T00:00:00,A,0,2023,WESR / Global Material Flows Database,,0.38322
2003,EN_MAT_DOMCMPC,231,MF121,T,2025-03-21T00:00:00,A,0,2023,WESR / Global Material Flows Database,,0.39479
2004,EN_MAT_DOMCMPC,231,MF121,T,2025-03-21T00:00:00,A,0,2023,WESR / Global Material Flows Database,,0.40408
2005,EN_MAT_DOMCMPC,231,MF121,T,2025-03-21T00:00:00,A,0,2023,WESR / Global Material Flows Database,,0.4835
2006,EN_MAT_DOMCMPC,231,MF121,T,2025-03-21T00:00:00,A,0,2023,WESR / Global Material Flows Database,,0.4783
2007,EN_MAT_DOMCMPC,231,MF121,T,2025-03-21T00:00:00,A,0,2023,WESR / Global Material Flows Database,,0.47928
2008,EN_MAT_DOMCMPC,231,MF121,T,2025-03-21T00:00:00,A,0,2023,WESR / Global Material Flows Database,,0.48147
2009,EN_MAT_DOMCMPC,231,MF121,T,2025-03-21T00:00:00,A,0,2023,WESR / Global Material Flows Database,,0.53996
2010,EN_MAT_DOMCMPC,231,MF121,T,2025-03-21T00:00:00,A,0,2023,WESR / Global Material Flows Database,,0.59572
2011,EN_MAT_DOMCMPC,231,MF121,T,2025-03-21T00:00:00,A,0,2023,WESR / Global Material Flows Database,,0.61216
2012,EN_MAT_DOMCMPC,231,MF121,T,2025-03-21T00:00:00,A,0,2023,WESR / Global Material Flows Database,,0.62726
2013,EN_MAT_DOMCMPC,231,MF121,T,2025-03-21T00:00:00,A,0,2023,WESR / Global Material Flows Database,,0.67223
2014,EN_MAT_DOMCMPC,231,MF121,T,2025-03-21T00:00:00,A,0,2023,WESR / Global Material Flows Database,,0.71741
2015,EN_MAT_DOMCMPC,231,MF121,T,2025-03-21T00:00:00,A,0,2023,WESR / Global Material Flows Database,,0.73493
2016,EN_MAT_DOMCMPC,231,MF121,T,2025-03-21T00:00:00,A,0,2023,WESR / Global Material Flows Database,,0.73859
2017,EN_MAT_DOMCMPC,231,MF121,T,2025-03-21T00:00:00,A,0,2023,WESR / Global Material Flows Database,,0.77952
2018,EN_MAT_DOMCMPC,231,MF121,T,2025-03-21T00:00:00,A,0,2023,WESR / Global Material Flows Database,,0.74471
2019,EN_MAT_DOMCMPC,231,MF121,T,2025-03-21T00:00:00,A,0,2023,WESR / Global Material Flows Database,,0.75036
2020,EN_MAT_DOMCMPC,231,MF121,T,2025-03-21T00:00:00,A,0,2023,WESR / Global Material Flows Database,,0.74823
2021,EN_MAT_DOMCMPC,231,MF121,T,2025-03-21T00:00:00,A,0,2023,WESR / Global Material Flows Database,,0.7224
2022,EN_MAT_DOMCMPC,231,MF121,T,2025-03-21T00:00:00,A,0,2023,WESR / Global Material Flows Database,,0.71227
2023,EN_MAT_DOMCMPC,231,MF121,T,2025-03-21T00:00:00,A,0,2023,WESR / Global Material Flows Database,,0.71358
2000,EN_MAT_DOMCMPC,231,MF122,T,2025-03-21T00:00:00,A,0,2023,WESR / Global Material Flows Database,,1.23155
2001,EN_MAT_DOMCMPC,231,MF122,T,2025-03-21T00:00:00,A,0,2023,WESR / Global Material Flows Database,,1.28491
2002,EN_MAT_DOMCMPC,231,MF122,T,2025-03-21T00:00:00,A,0,2023,WESR / Global Material Flows Database,,1.43845
2003,EN_MAT_DOMCMPC,231,MF122,T,2025-03-21T00:00:00,A,0,2023,WESR / Global Material Flows Database,,1.3598
2004,EN_MAT_DOMCMPC,231,MF122,T,2025-03-21T00:00:00,A,0,2023,WESR / Global Material Flows Database,,1.33881
2005,EN_MAT_DOMCMPC,231,MF122,T,2025-03-21T00:00:00,A,0,2023,WESR / Global Material Flows Database,,1.37099
2006,EN_MAT_DOMCMPC,231,MF122,T,2025-03-21T00:00:00,A,0,2023,WESR / Global Material Flows Database,,1.42885
2007,EN_MAT_DOMCMPC,231,MF122,T,2025-03-21T00:00:00,A,0,2023,WESR / Global Material Flows Database,,1.53891
2008,EN_MAT_DOMCMPC,231,MF122,T,2025-03-21T00:00:00,A,0,2023,WESR / Global Material Flows Database,,1.55519
2009,EN_MAT_DOMCMPC,231,MF122,T,2025-03-21T00:00:00,A,0,2023,WESR / Global Material Flows Database,,1.56191
2010,EN_MAT_DOMCMPC,231,MF122,T,2025-03-21T00:00:00,A,0,2023,WESR / Global Material Flows Database,,1.59703
2011,EN_MAT_DOMCMPC,231,MF122,T,2025-03-21T00:00:00,A,0,2023,WESR / Global Material Flows Database,,1.51806
2012,EN_MAT_DOMCMPC,231,MF122,T,2025-03-21T00:00:00,A,0,2023,WESR / Global Material Flows Database,,1.52555
2013,EN_MAT_DOMCMPC,231,MF122,T,2025-03-21T00:00:00,A,0,2023,WESR / Global Material Flows Database,,1.53524
2014,EN_MAT_DOMCMPC,231,MF122,T,2025-03-21T00:00:00,A,0,2023,WESR / Global Material Flows Database,,1.55022
2015,EN_MAT_DOMCMPC,231,MF122,T,2025-03-21T00:00:00,A,0,2023,WESR / Global Material Flows Database,,1.54273
2016,EN_MAT_DOMCMPC,231,MF122,T,2025-03-21T00:00:00,A,0,2023,WESR / Global Material Flows Database,,1.55066
2017,EN_MAT_DOMCMPC,231,MF122,T,2025-03-21T00:00:00,A,0,2023,WESR / Global Material Flows Database,,1.54372
2018,EN_MAT_DOMCMPC,231,MF122,T,2025-03-21T00:00:00,A,0,2023,WESR / Global Material Flows Database,,1.56338
2019,EN_MAT_DOMCMPC,231,MF122,T,2025-03-21T00:00:00,A,0,2023,WESR / Global Material Flows Database,,1.64915
2020,EN_MAT_DOMCMPC,231,MF122,T,2025-03-21T00:00:00,A,0,2023,WESR / Global Material Flows Database,,1.71172
2021,EN_MAT_DOMCMPC,231,MF122,T,2025-03-21T00:00:00,A,0,2023,WESR / Global Material Flows Database,,1.5786
2022,EN_MAT_DOMCMPC,231,MF122,T,2025-03-21T00:00:00,A,0,2023,WESR / Global Material Flows Database,,1.56729
2023,EN_MAT_DOMCMPC,231,MF122,T,2025-03-21T00:00:00,A,0,2023,WESR / Global Material Flows Database,,1.59147
2000,EN_MAT_DOMCMPC,231,MF13,T,2025-03-21T00:00:00,A,0,2023,WESR / Global Material Flows Database,,0.89846
2001,EN_MAT_DOMCMPC,231,MF13,T,2025-03-21T00:00:00,A,0,2023,WESR / Global Material Flows Database,,0.88568
2002,EN_MAT_DOMCMPC,231,MF13,T,2025-03-21T00:00:00,A,0,2023,WESR / Global Material Flows Database,,0.87281
2003,EN_MAT_DOMCMPC,231,MF13,T,2025-03-21T00:00:00,A,0,2023,WESR / Global Material Flows Database,,0.86517
2004,EN_MAT_DOMCMPC,231,MF13,T,2025-03-21T00:00:00,A,0,2023,WESR / Global Material Flows Database,,0.85359
2005,EN_MAT_DOMCMPC,231,MF13,T,2025-03-21T00:00:00,A,0,2023,WESR / Global Material Flows Database,,0.84231
2006,EN_MAT_DOMCMPC,231,MF13,T,2025-03-21T00:00:00,A,0,2023,WESR / Global Material Flows Database,,0.82933
2007,EN_MAT_DOMCMPC,231,MF13,T,2025-03-21T00:00:00,A,0,2023,WESR / Global Material Flows Database,,0.81752
2008,EN_MAT_DOMCMPC,231,MF13,T,2025-03-21T00:00:00,A,0,2023,WESR / Global Material Flows Database,,0.80564
2009,EN_MAT_DOMCMPC,231,MF13,T,2025-03-21T00:00:00,A,0,2023,WESR / Global Material Flows Database,,0.79382
2010,EN_MAT_DOMCMPC,231,MF13,T,2025-03-21T00:00:00,A,0,2023,WESR / Global Material Flows Database,,0.78254
2011,EN_MAT_DOMCMPC,231,MF13,T,2025-03-21T00:00:00,A,0,2023,WESR / Global Material Flows Database,,0.77015
2012,EN_MAT_DOMCMPC,231,MF13,T,2025-03-21T00:00:00,A,0,2023,WESR / Global Material Flows Database,,0.75816
2013,EN_MAT_DOMCMPC,231,MF13,T,2025-03-21T00:00:00,A,0,2023,WESR / Global Material Flows Database,,0.74775
2014,EN_MAT_DOMCMPC,231,MF13,T,2025-03-21T00:00:00,A,0,2023,WESR / Global Material Flows Database,,0.73739
2015,EN_MAT_DOMCMPC,231,MF13,T,2025-03-21T00:00:00,A,0,2023,WESR / Global Material Flows Database,,0.72679
2016,EN_MAT_DOMCMPC,231,MF13,T,2025-03-21T00:00:00,A,0,2023,WESR / Global Material Flows Database,,0.71505
2017,EN_MAT_DOMCMPC,231,MF13,T,2025-03-21T00:00:00,A,0,2023,WESR / Global Material Flows Database,,0.70322
2018,EN_MAT_DOMCMPC,231,MF13,T,2025-03-21T00:00:00,A,0,2023,WESR / Global Material Flows Database,,0.69218
2019,EN_MAT_DOMCMPC,231,MF13,T,2025-03-21T00:00:00,A,0,2023,WESR / Global Material Flows Database,,0.68157
2020,EN_MAT_DOMCMPC,231,MF13,T,2025-03-21T00:00:00,A,0,2023,WESR / Global Material Flows Database,,0.67091
2021,EN_MAT_DOMCMPC,231,MF13,T,2025-03-21T00:00:00,A,0,2023,WESR / Global Material Flows Database,,0.66053
2022,EN_MAT_DOMCMPC,231,MF13,T,2025-03-21T00:00:00,A,0,2023,WESR / Global Material Flows Database,,0.62025
2023,EN_MAT_DOMCMPC,231,MF13,T,2025-03-21T00:00:00,A,0,2023,WESR / Global Material Flows Database,,0.59121
2000,EN_MAT_DOMCMPC,231,MF14,T,2025-03-21T00:00:00,A,0,2023,WESR / Global Material Flows Database,,0.00023
2001,EN_MAT_DOMCMPC,231,MF14,T,2025-03-21T00:00:00,A,0,2023,WESR / Global Material Flows Database,,0.00022
2002,EN_MAT_DOMCMPC,231,MF14,T,2025-03-21T00:00:00,A,0,2023,WESR / Global Material Flows Database,,0.00018
2003,EN_MAT_DOMCMPC,231,MF14,T,2025-03-21T00:00:00,A,0,2023,WESR / Global Material Flows Database,,0.00014
2004,EN_MAT_DOMCMPC,231,MF14,T,2025-03-21T00:00:00,A,0,2023,WESR / Global Material Flows Database,,0.00014
2005,EN_MAT_DOMCMPC,231,MF14,T,2025-03-21T00:00:00,A,0,2023,WESR / Global Material Flows Database,,0.00013
2006,EN_MAT_DOMCMPC,231,MF14,T,2025-03-21T00:00:00,A,0,2023,WESR / Global Material Flows Database,,0.00013
2007,EN_MAT_DOMCMPC,231,MF14,T,2025-03-21T00:00:00,A,0,2023,WESR / Global Material Flows Database,,0.00016
2008,EN_MAT_DOMCMPC,231,MF14,T,2025-03-21T00:00:00,A,0,2023,WESR / Global Material Flows Database,,0.0002
2009,EN_MAT_DOMCMPC,231,MF14,T,2025-03-21T00:00:00,A,0,2023,WESR / Global Material Flows Database,,0.00019
2010,EN_MAT_DOMCMPC,231,MF14,T,2025-03-21T00:00:00,A,0,2023,WESR / Global Material Flows Database,,0.00019
2011,EN_MAT_DOMCMPC,231,MF14,T,2025-03-21T00:00:00,A,0,2023,WESR / Global Material Flows Database,,0.00025
2012,EN_MAT_DOMCMPC,231,MF14,T,2025-03-21T00:00:00,A,0,2023,WESR / Global Material Flows Database,,0.0003
2013,EN_MAT_DOMCMPC,231,MF14,T,2025-03-21T00:00:00,A,0,2023,WESR / Global Material Flows Database,,0.00039
2014,EN_MAT_DOMCMPC,231,MF14,T,2025-03-21T00:00:00,A,0,2023,WESR / Global Material Flows Database,,0.0005
2015,EN_MAT_DOMCMPC,231,MF14,T,2025-03-21T00:00:00,A,0,2023,WESR / Global Material Flows Database,,0.00044
2016,EN_MAT_DOMCMPC,231,MF14,T,2025-03-21T00:00:00,A,0,2023,WESR / Global Material Flows Database,,0.00047
2017,EN_MAT_DOMCMPC,231,MF14,T,2025-03-21T00:00:00,A,0,2023,WESR / Global Material Flows Database,,0.00052
2018,EN_MAT_DOMCMPC,231,MF14,T,2025-03-21T00:00:00,A,0,2023,WESR / Global Material Flows Database,,0.00051
2019,EN_MAT_DOMCMPC,231,MF14,T,2025-03-21T00:00:00,A,0,2023,WESR / Global Material Flows Database,,0.00052
2020,EN_MAT_DOMCMPC,231,MF14,T,2025-03-21T00:00:00,A,0,2023,WESR / Global Material Flows Database,,0.00051
2021,EN_MAT_DOMCMPC,231,MF14,T,2025-03-21T00:00:00,A,0,2023,WESR / Global Material Flows Database,,0.00049
2022,EN_MAT_DOMCMPC,231,MF14,T,2025-03-21T00:00:00,A,0,2023,WESR / Global Material Flows Database,,0.00048
2023,EN_MAT_DOMCMPC,231,MF14,T,2025-03-21T00:00:00,A,0,2023,WESR / Global Material Flows Database,,0.00047
2000,EN_MAT_DOMCMPC,231,MF2,T,2025-03-21T00:00:00,A,0,2023,WESR / Global Material Flows Database,,0.01331
2001,EN_MAT_DOMCMPC,231,MF2,T,2025-03-21T00:00:00,A,0,2023,WESR / Global Material Flows Database,,0.01738
2002,EN_MAT_DOMCMPC,231,MF2,T,2025-03-21T00:00:00,A,0,2023,WESR / Global Material Flows Database,,0.02154
2003,EN_MAT_DOMCMPC,231,MF2,T,2025-03-21T00:00:00,A,0,2023,WESR / Global Material Flows Database,,0.01845
2004,EN_MAT_DOMCMPC,231,MF2,T,2025-03-21T00:00:00,A,0,2023,WESR / Global Material Flows Database,,0.01535
2005,EN_MAT_DOMCMPC,231,MF2,T,2025-03-21T00:00:00,A,0,2023,WESR / Global Material Flows Database,,0.02585
2006,EN_MAT_DOMCMPC,231,MF2,T,2025-03-21T00:00:00,A,0,2023,WESR / Global Material Flows Database,,0.01839
2007,EN_MAT_DOMCMPC,231,MF2,T,2025-03-21T00:00:00,A,0,2023,WESR / Global Material Flows Database,,0.0199
2008,EN_MAT_DOMCMPC,231,MF2,T,2025-03-21T00:00:00,A,0,2023,WESR / Global Material Flows Database,,0.01977
2009,EN_MAT_DOMCMPC,231,MF2,T,2025-03-21T00:00:00,A,0,2023,WESR / Global Material Flows Database,,0.022
2010,EN_MAT_DOMCMPC,231,MF2,T,2025-03-21T00:00:00,A,0,2023,WESR / Global Material Flows Database,,0.02635
2011,EN_MAT_DOMCMPC,231,MF2,T,2025-03-21T00:00:00,A,0,2023,WESR / Global Material Flows Database,,0.03989
2012,EN_MAT_DOMCMPC,231,MF2,T,2025-03-21T00:00:00,A,0,2023,WESR / Global Material Flows Database,,0.04271
2013,EN_MAT_DOMCMPC,231,MF2,T,2025-03-21T00:00:00,A,0,2023,WESR / Global Material Flows Database,,0.0385
2014,EN_MAT_DOMCMPC,231,MF2,T,2025-03-21T00:00:00,A,0,2023,WESR / Global Material Flows Database,,0.0387
2015,EN_MAT_DOMCMPC,231,MF2,T,2025-03-21T00:00:00,A,0,2023,WESR / Global Material Flows Database,,0.03941
2016,EN_MAT_DOMCMPC,231,MF2,T,2025-03-21T00:00:00,A,0,2023,WESR / Global Material Flows Database,,0.04109
2017,EN_MAT_DOMCMPC,231,MF2,T,2025-03-21T00:00:00,A,0,2023,WESR / Global Material Flows Database,,0.02888
2018,EN_MAT_DOMCMPC,231,MF2,T,2025-03-21T00:00:00,A,0,2023,WESR / Global Material Flows Database,,0.02382
2019,EN_MAT_DOMCMPC,231,MF2,T,2025-03-21T00:00:00,A,0,2023,WESR / Global Material Flows Database,,0.01997
2020,EN_MAT_DOMCMPC,231,MF2,T,2025-03-21T00:00:00,A,0,2023,WESR / Global Material Flows Database,,0.02684
2021,EN_MAT_DOMCMPC,231,MF2,T,2025-03-21T00:00:00,A,0,2023,WESR / Global Material Flows Database,,0.02783
2022,EN_MAT_DOMCMPC,231,MF2,T,2025-03-21T00:00:00,A,0,2023,WESR / Global Material Flows Database,,0.02833
2023,EN_MAT_DOMCMPC,231,MF2,T,2025-03-21T00:00:00,A,0,2023,WESR / Global Material Flows Database,,0.02882
2000,EN_MAT_DOMCMPC,231,MF21,T,2025-03-21T00:00:00,A,0,2023,WESR / Global Material Flows Database,,0.00244
2001,EN_MAT_DOMCMPC,231,MF21,T,2025-03-21T00:00:00,A,0,2023,WESR / Global Material Flows Database,,0.00371
2002,EN_MAT_DOMCMPC,231,MF21,T,2025-03-21T00:00:00,A,0,2023,WESR / Global Material Flows Database,,0.00385
2003,EN_MAT_DOMCMPC,231,MF21,T,2025-03-21T00:00:00,A,0,2023,WESR / Global Material Flows Database,,0.00547
2004,EN_MAT_DOMCMPC,231,MF21,T,2025-03-21T00:00:00,A,0,2023,WESR / Global Material Flows Database,,0.00427
2005,EN_MAT_DOMCMPC,231,MF21,T,2025-03-21T00:00:00,A,0,2023,WESR / Global Material Flows Database,,0.013
2006,EN_MAT_DOMCMPC,231,MF21,T,2025-03-21T00:00:00,A,0,2023,WESR / Global Material Flows Database,,0.00616
2007,EN_MAT_DOMCMPC,231,MF21,T,2025-03-21T00:00:00,A,0,2023,WESR / Global Material Flows Database,,0.00783
2008,EN_MAT_DOMCMPC,231,MF21,T,2025-03-21T00:00:00,A,0,2023,WESR / Global Material Flows Database,,0.00722
2009,EN_MAT_DOMCMPC,231,MF21,T,2025-03-21T00:00:00,A,0,2023,WESR / Global Material Flows Database,,0.00907
2010,EN_MAT_DOMCMPC,231,MF21,T,2025-03-21T00:00:00,A,0,2023,WESR / Global Material Flows Database,,0.00675
2011,EN_MAT_DOMCMPC,231,MF21,T,2025-03-21T00:00:00,A,0,2023,WESR / Global Material Flows Database,,0.009
2012,EN_MAT_DOMCMPC,231,MF21,T,2025-03-21T00:00:00,A,0,2023,WESR / Global Material Flows Database,,0.01101
2013,EN_MAT_DOMCMPC,231,MF21,T,2025-03-21T00:00:00,A,0,2023,WESR / Global Material Flows Database,,0.01083
2014,EN_MAT_DOMCMPC,231,MF21,T,2025-03-21T00:00:00,A,0,2023,WESR / Global Material Flows Database,,0.01327
2015,EN_MAT_DOMCMPC,231,MF21,T,2025-03-21T00:00:00,A,0,2023,WESR / Global Material Flows Database,,0.01705
2016,EN_MAT_DOMCMPC,231,MF21,T,2025-03-21T00:00:00,A,0,2023,WESR / Global Material Flows Database,,0.01937
2017,EN_MAT_DOMCMPC,231,MF21,T,2025-03-21T00:00:00,A,0,2023,WESR / Global Material Flows Database,,0.01406
2018,EN_MAT_DOMCMPC,231,MF21,T,2025-03-21T00:00:00,A,0,2023,WESR / Global Material Flows Database,,0.01191
2019,EN_MAT_DOMCMPC,231,MF21,T,2025-03-21T00:00:00,A,0,2023,WESR / Global Material Flows Database,,0.01221
2020,EN_MAT_DOMCMPC,231,MF21,T,2025-03-21T00:00:00,A,0,2023,WESR / Global Material Flows Database,,0.01183
2021,EN_MAT_DOMCMPC,231,MF21,T,2025-03-21T00:00:00,A,0,2023,WESR / Global Material Flows Database,,0.01149
2022,EN_MAT_DOMCMPC,231,MF21,T,2025-03-21T00:00:00,A,0,2023,WESR / Global Material Flows Database,,0.01118
2023,EN_MAT_DOMCMPC,231,MF21,T,2025-03-21T00:00:00,A,0,2023,WESR / Global Material Flows Database,,0.01086
2000,EN_MAT_DOMCMPC,231,MF22,T,2025-03-21T00:00:00,A,0,2023,WESR / Global Material Flows Database,,0.01087
2001,EN_MAT_DOMCMPC,231,MF22,T,2025-03-21T00:00:00,A,0,2023,WESR / Global Material Flows Database,,0.01368
2002,EN_MAT_DOMCMPC,231,MF22,T,2025-03-21T00:00:00,A,0,2023,WESR / Global Material Flows Database,,0.01769
2003,EN_MAT_DOMCMPC,231,MF22,T,2025-03-21T00:00:00,A,0,2023,WESR / Global Material Flows Database,,0.01298
2004,EN_MAT_DOMCMPC,231,MF22,T,2025-03-21T00:00:00,A,0,2023,WESR / Global Material Flows Database,,0.01108
2005,EN_MAT_DOMCMPC,231,MF22,T,2025-03-21T00:00:00,A,0,2023,WESR / Global Material Flows Database,,0.01285
2006,EN_MAT_DOMCMPC,231,MF22,T,2025-03-21T00:00:00,A,0,2023,WESR / Global Material Flows Database,,0.01223
2007,EN_MAT_DOMCMPC,231,MF22,T,2025-03-21T00:00:00,A,0,2023,WESR / Global Material Flows Database,,0.01207
2008,EN_MAT_DOMCMPC,231,MF22,T,2025-03-21T00:00:00,A,0,2023,WESR / Global Material Flows Database,,0.01255
2009,EN_MAT_DOMCMPC,231,MF22,T,2025-03-21T00:00:00,A,0,2023,WESR / Global Material Flows Database,,0.01294
2010,EN_MAT_DOMCMPC,231,MF22,T,2025-03-21T00:00:00,A,0,2023,WESR / Global Material Flows Database,,0.01959
2011,EN_MAT_DOMCMPC,231,MF22,T,2025-03-21T00:00:00,A,0,2023,WESR / Global Material Flows Database,,0.0309
2012,EN_MAT_DOMCMPC,231,MF22,T,2025-03-21T00:00:00,A,0,2023,WESR / Global Material Flows Database,,0.03171
2013,EN_MAT_DOMCMPC,231,MF22,T,2025-03-21T00:00:00,A,0,2023,WESR / Global Material Flows Database,,0.02767
2014,EN_MAT_DOMCMPC,231,MF22,T,2025-03-21T00:00:00,A,0,2023,WESR / Global Material Flows Database,,0.02543
2015,EN_MAT_DOMCMPC,231,MF22,T,2025-03-21T00:00:00,A,0,2023,WESR / Global Material Flows Database,,0.02236
2016,EN_MAT_DOMCMPC,231,MF22,T,2025-03-21T00:00:00,A,0,2023,WESR / Global Material Flows Database,,0.02173
2017,EN_MAT_DOMCMPC,231,MF22,T,2025-03-21T00:00:00,A,0,2023,WESR / Global Material Flows Database,,0.01483
2018,EN_MAT_DOMCMPC,231,MF22,T,2025-03-21T00:00:00,A,0,2023,WESR / Global Material Flows Database,,0.0119
2019,EN_MAT_DOMCMPC,231,MF22,T,2025-03-21T00:00:00,A,0,2023,WESR / Global Material Flows Database,,0.00775
2020,EN_MAT_DOMCMPC,231,MF22,T,2025-03-21T00:00:00,A,0,2023,WESR / Global Material Flows Database,,0.01502
2021,EN_MAT_DOMCMPC,231,MF22,T,2025-03-21T00:00:00,A,0,2023,WESR / Global Material Flows Database,,0.01634
2022,EN_MAT_DOMCMPC,231,MF22,T,2025-03-21T00:00:00,A,0,2023,WESR / Global Material Flows Database,,0.01715
2023,EN_MAT_DOMCMPC,231,MF22,T,2025-03-21T00:00:00,A,0,2023,WESR / Global Material Flows Database,,0.01796
2000,EN_MAT_DOMCMPC,231,MF3,T,2025-03-21T00:00:00,A,0,2023,WESR / Global Material Flows Database,,0.11577
2001,EN_MAT_DOMCMPC,231,MF3,T,2025-03-21T00:00:00,A,0,2023,WESR / Global Material Flows Database,,0.12295
2002,EN_MAT_DOMCMPC,231,MF3,T,2025-03-21T00:00:00,A,0,2023,WESR / Global Material Flows Database,,0.11238
2003,EN_MAT_DOMCMPC,231,MF3,T,2025-03-21T00:00:00,A,0,2023,WESR / Global Material Flows Database,,0.15802
2004,EN_MAT_DOMCMPC,231,MF3,T,2025-03-21T00:00:00,A,0,2023,WESR / Global Material Flows Database,,0.17231
2005,EN_MAT_DOMCMPC,231,MF3,T,2025-03-21T00:00:00,A,0,2023,WESR / Global Material Flows Database,,0.18531
2006,EN_MAT_DOMCMPC,231,MF3,T,2025-03-21T00:00:00,A,0,2023,WESR / Global Material Flows Database,,0.20018
2007,EN_MAT_DOMCMPC,231,MF3,T,2025-03-21T00:00:00,A,0,2023,WESR / Global Material Flows Database,,0.26471
2008,EN_MAT_DOMCMPC,231,MF3,T,2025-03-21T00:00:00,A,0,2023,WESR / Global Material Flows Database,,0.27374
2009,EN_MAT_DOMCMPC,231,MF3,T,2025-03-21T00:00:00,A,0,2023,WESR / Global Material Flows Database,,0.33534
2010,EN_MAT_DOMCMPC,231,MF3,T,2025-03-21T00:00:00,A,0,2023,WESR / Global Material Flows Database,,0.26463
2011,EN_MAT_DOMCMPC,231,MF3,T,2025-03-21T00:00:00,A,0,2023,WESR / Global Material Flows Database,,0.30715
2012,EN_MAT_DOMCMPC,231,MF3,T,2025-03-21T00:00:00,A,0,2023,WESR / Global Material Flows Database,,0.38631
2013,EN_MAT_DOMCMPC,231,MF3,T,2025-03-21T00:00:00,A,0,2023,WESR / Global Material Flows Database,,0.31107
2014,EN_MAT_DOMCMPC,231,MF3,T,2025-03-21T00:00:00,A,0,2023,WESR / Global Material Flows Database,,0.17861
2015,EN_MAT_DOMCMPC,231,MF3,T,2025-03-21T00:00:00,A,0,2023,WESR / Global Material Flows Database,,0.42456
2016,EN_MAT_DOMCMPC,231,MF3,T,2025-03-21T00:00:00,A,0,2023,WESR / Global Material Flows Database,,0.54995
2017,EN_MAT_DOMCMPC,231,MF3,T,2025-03-21T00:00:00,A,0,2023,WESR / Global Material Flows Database,,0.58675
2018,EN_MAT_DOMCMPC,231,MF3,T,2025-03-21T00:00:00,A,0,2023,WESR / Global Material Flows Database,,0.59415
2019,EN_MAT_DOMCMPC,231,MF3,T,2025-03-21T00:00:00,A,0,2023,WESR / Global Material Flows Database,,0.5849
2020,EN_MAT_DOMCMPC,231,MF3,T,2025-03-21T00:00:00,A,0,2023,WESR / Global Material Flows Database,,0.57561
2021,EN_MAT_DOMCMPC,231,MF3,T,2025-03-21T00:00:00,A,0,2023,WESR / Global Material Flows Database,,0.58429
2022,EN_MAT_DOMCMPC,231,MF3,T,2025-03-21T00:00:00,A,0,2023,WESR / Global Material Flows Database,,0.58444
2023,EN_MAT_DOMCMPC,231,MF3,T,2025-03-21T00:00:00,A,0,2023,WESR / Global Material Flows Database,,0.59808
2000,EN_MAT_DOMCMPC,231,MF4,T,2025-03-21T00:00:00,A,0,2023,WESR / Global Material Flows Database,,0.0
2001,EN_MAT_DOMCMPC,231,MF4,T,2025-03-21T00:00:00,A,0,2023,WESR / Global Material Flows Database,,0.0
2002,EN_MAT_DOMCMPC,231,MF4,T,2025-03-21T00:00:00,A,0,2023,WESR / Global Material Flows Database,,0.0
2003,EN_MAT_DOMCMPC,231,MF4,T,2025-03-21T00:00:00,A,0,2023,WESR / Global Material Flows Database,,0.0
2004,EN_MAT_DOMCMPC,231,MF4,T,2025-03-21T00:00:00,A,0,2023,WESR / Global Material Flows Database,,0.0
2005,EN_MAT_DOMCMPC,231,MF4,T,2025-03-21T00:00:00,A,0,2023,WESR / Global Material Flows Database,,0.0
2006,EN_MAT_DOMCMPC,231,MF4,T,2025-03-21T00:00:00,A,0,2023,WESR / Global Material Flows Database,,0.0
2007,EN_MAT_DOMCMPC,231,MF4,T,2025-03-21T00:00:00,A,0,2023,WESR / Global Material Flows Database,,0.0
2008,EN_MAT_DOMCMPC,231,MF4,T,2025-03-21T00:00:00,A,0,2023,WESR / Global Material Flows Database,,0.00018
2009,EN_MAT_DOMCMPC,231,MF4,T,2025-03-21T00:00:00,A,0,2023,WESR / Global Material Flows Database,,0.0005
2010,EN_MAT_DOMCMPC,231,MF4,T,2025-03-21T00:00:00,A,0,2023,WESR / Global Material Flows Database,,0.00068
2011,EN_MAT_DOMCMPC,231,MF4,T,2025-03-21T00:00:00,A,0,2023,WESR / Global Material Flows Database,,0.00176
2012,EN_MAT_DOMCMPC,231,MF4,T,2025-03-21T00:00:00,A,0,2023,WESR / Global Material Flows Database,,0.00237
2013,EN_MAT_DOMCMPC,231,MF4,T,2025-03-21T00:00:00,A,0,2023,WESR / Global Material Flows Database,,0.003
2014,EN_MAT_DOMCMPC,231,MF4,T,2025-03-21T00:00:00,A,0,2023,WESR / Global Material Flows Database,,0.00406
2015,EN_MAT_DOMCMPC,231,MF4,T,2025-03-21T00:00:00,A,0,2023,WESR / Global Material Flows Database,,0.00401
2016,EN_MAT_DOMCMPC,231,MF4,T,2025-03-21T00:00:00,A,0,2023,WESR / Global Material Flows Database,,0.00501
2017,EN_MAT_DOMCMPC,231,MF4,T,2025-03-21T00:00:00,A,0,2023,WESR / Global Material Flows Database,,0.00538
2018,EN_MAT_DOMCMPC,231,MF4,T,2025-03-21T00:00:00,A,0,2023,WESR / Global Material Flows Database,,0.00378
2019,EN_MAT_DOMCMPC,231,MF4,T,2025-03-21T00:00:00,A,0,2023,WESR / Global Material Flows Database,,0.00399
2020,EN_MAT_DOMCMPC,231,MF4,T,2025-03-21T00:00:00,A,0,2023,WESR / Global Material Flows Database,,0.00659
2021,EN_MAT_DOMCMPC,231,MF4,T,2025-03-21T00:00:00,A,0,2023,WESR / Global Material Flows Database,,0.00658
2022,EN_MAT_DOMCMPC,231,MF4,T,2025-03-21T00:00:00,A,0,2023,WESR / Global Material Flows Database,,0.00648
2023,EN_MAT_DOMCMPC,231,MF4,T,2025-03-21T00:00:00,A,0,2023,WESR / Global Material Flows Database,,0.00649
2000,EN_MAT_DOMCMPC,231,MF41,T,2025-03-21T00:00:00,A,0,2023,WESR / Global Material Flows Database,,0.0
2001,EN_MAT_DOMCMPC,231,MF41,T,2025-03-21T00:00:00,A,0,2023,WESR / Global Material Flows Database,,0.0
2002,EN_MAT_DOMCMPC,231,MF41,T,2025-03-21T00:00:00,A,0,2023,WESR / Global Material Flows Database,,0.0
2003,EN_MAT_DOMCMPC,231,MF41,T,2025-03-21T00:00:00,A,0,2023,WESR / Global Material Flows Database,,0.0
2004,EN_MAT_DOMCMPC,231,MF41,T,2025-03-21T00:00:00,A,0,2023,WESR / Global Material Flows Database,,0.0
2005,EN_MAT_DOMCMPC,231,MF41,T,2025-03-21T00:00:00,A,0,2023,WESR / Global Material Flows Database,,0.0
2006,EN_MAT_DOMCMPC,231,MF41,T,2025-03-21T00:00:00,A,0,2023,WESR / Global Material Flows Database,,0.0
2007,EN_MAT_DOMCMPC,231,MF41,T,2025-03-21T00:00:00,A,0,2023,WESR / Global Material Flows Database,,0.0
2008,EN_MAT_DOMCMPC,231,MF41,T,2025-03-21T00:00:00,A,0,2023,WESR / Global Material Flows Database,,0.00018
2009,EN_MAT_DOMCMPC,231,MF41,T,2025-03-21T00:00:00,A,0,2023,WESR / Global Material Flows Database,,0.0005
2010,EN_MAT_DOMCMPC,231,MF41,T,2025-03-21T00:00:00,A,0,2023,WESR / Global Material Flows Database,,0.00068
2011,EN_MAT_DOMCMPC,231,MF41,T,2025-03-21T00:00:00,A,0,2023,WESR / Global Material Flows Database,,0.00176
2012,EN_MAT_DOMCMPC,231,MF41,T,2025-03-21T00:00:00,A,0,2023,WESR / Global Material Flows Database,,0.00237
2013,EN_MAT_DOMCMPC,231,MF41,T,2025-03-21T00:00:00,A,0,2023,WESR / Global Material Flows Database,,0.003
2014,EN_MAT_DOMCMPC,231,MF41,T,2025-03-21T00:00:00,A,0,2023,WESR / Global Material Flows Database,,0.00406
2015,EN_MAT_DOMCMPC,231,MF41,T,2025-03-21T00:00:00,A,0,2023,WESR / Global Material Flows Database,,0.00401
2016,EN_MAT_DOMCMPC,231,MF41,T,2025-03-21T00:00:00,A,0,2023,WESR / Global Material Flows Database,,0.00501
2017,EN_MAT_DOMCMPC,231,MF41,T,2025-03-21T00:00:00,A,0,2023,WESR / Global Material Flows Database,,0.00538
2018,EN_MAT_DOMCMPC,231,MF41,T,2025-03-21T00:00:00,A,0,2023,WESR / Global Material Flows Database,,0.00378
2019,EN_MAT_DOMCMPC,231,MF41,T,2025-03-21T00:00:00,A,0,2023,WESR / Global Material Flows Database,,0.00399
2020,EN_MAT_DOMCMPC,231,MF41,T,2025-03-21T00:00:00,A,0,2023,WESR / Global Material Flows Database,,0.00659
2021,EN_MAT_DOMCMPC,231,MF41,T,2025-03-21T00:00:00,A,0,2023,WESR / Global Material Flows Database,,0.00658
2022,EN_MAT_DOMCMPC,231,MF41,T,2025-03-21T00:00:00,A,0,2023,WESR / Global Material Flows Database,,0.00648
2023,EN_MAT_DOMCMPC,231,MF41,T,2025-03-21T00:00:00,A,0,2023,WESR / Global Material Flows Database,,0.00649
2000,EN_MAT_DOMCMPG,231,None,KG_PER_CON_USD,2025-03-21T00:00:00,A,0,2023,WESR / Global Material Flows Database,2015,11.66135
2001,EN_MAT_DOMCMPG,231,None,KG_PER_CON_USD,2025-03-21T00:00:00,A,0,2023,WESR / Global Material Flows Database,2015,11.59536
2002,EN_MAT_DOMCMPG,231,None,KG_PER_CON_USD,2025-03-21T00:00:00,A,0,2023,WESR / Global Material Flows Database,2015,12.00525
2003,EN_MAT_DOMCMPG,231,None,KG_PER_CON_USD,2025-03-21T00:00:00,A,0,2023,WESR / Global Material Flows Database,2015,12.57168
2004,EN_MAT_DOMCMPG,231,None,KG_PER_CON_USD,2025-03-21T00:00:00,A,0,2023,WESR / Global Material Flows Database,2015,11.37345
2005,EN_MAT_DOMCMPG,231,None,KG_PER_CON_USD,2025-03-21T00:00:00,A,0,2023,WESR / Global Material Flows Database,2015,11.11416
2006,EN_MAT_DOMCMPG,231,None,KG_PER_CON_USD,2025-03-21T00:00:00,A,0,2023,WESR / Global Material Flows Database,2015,10.39188
2007,EN_MAT_DOMCMPG,231,None,KG_PER_CON_USD,2025-03-21T00:00:00,A,0,2023,WESR / Global Material Flows Database,2015,10.08516
2008,EN_MAT_DOMCMPG,231,None,KG_PER_CON_USD,2025-03-21T00:00:00,A,0,2023,WESR / Global Material Flows Database,2015,9.4221
2009,EN_MAT_DOMCMPG,231,None,KG_PER_CON_USD,2025-03-21T00:00:00,A,0,2023,WESR / Global Material Flows Database,2015,9.31117
2010,EN_MAT_DOMCMPG,231,None,KG_PER_CON_USD,2025-03-21T00:00:00,A,0,2023,WESR / Global Material Flows Database,2015,8.56612
2011,EN_MAT_DOMCMPG,231,None,KG_PER_CON_USD,2025-03-21T00:00:00,A,0,2023,WESR / Global Material Flows Database,2015,7.74589
2012,EN_MAT_DOMCMPG,231,None,KG_PER_CON_USD,2025-03-21T00:00:00,A,0,2023,WESR / Global Material Flows Database,2015,7.57475
2013,EN_MAT_DOMCMPG,231,None,KG_PER_CON_USD,2025-03-21T00:00:00,A,0,2023,WESR / Global Material Flows Database,2015,7.0255
2014,EN_MAT_DOMCMPG,231,None,KG_PER_CON_USD,2025-03-21T00:00:00,A,0,2023,WESR / Global Material Flows Database,2015,6.46313
2015,EN_MAT_DOMCMPG,231,None,KG_PER_CON_USD,2025-03-21T00:00:00,A,0,2023,WESR / Global Material Flows Database,2015,6.41442
2016,EN_MAT_DOMCMPG,231,None,KG_PER_CON_USD,2025-03-21T00:00:00,A,0,2023,WESR / Global Material Flows Database,2015,6.37469
2017,EN_MAT_DOMCMPG,231,None,KG_PER_CON_USD,2025-03-21T00:00:00,A,0,2023,WESR / Global Material Flows Database,2015,6.02505
2018,EN_MAT_DOMCMPG,231,None,KG_PER_CON_USD,2025-03-21T00:00:00,A,0,2023,WESR / Global Material Flows Database,2015,5.74079
2019,EN_MAT_DOMCMPG,231,None,KG_PER_CON_USD,2025-03-21T00:00:00,A,0,2023,WESR / Global Material Flows Database,2015,5.48681
2020,EN_MAT_DOMCMPG,231,None,KG_PER_CON_USD,2025-03-21T00:00:00,A,0,2023,WESR / Global Material Flows Database,2015,5.40432
2021,EN_MAT_DOMCMPG,231,None,KG_PER_CON_USD,2025-03-21T00:00:00,A,0,2023,WESR / Global Material Flows Database,2015,5.04564
2022,EN_MAT_DOMCMPG,231,None,KG_PER_CON_USD,2025-03-21T00:00:00,A,0,2023,WESR / Global Material Flows Database,2015,4.83126
2023,EN_MAT_DOMCMPG,231,None,KG_PER_CON_USD,2025-03-21T00:00:00,A,0,2023,WESR / Global Material Flows Database,2015,4.66203
2000,EN_MAT_DOMCMPG,231,MF_AGG3A,KG_PER_CON_USD,2025-03-21T00:00:00,A,0,2023,WESR / Global Material Flows Database,2015,0.43756
2001,EN_MAT_DOMCMPG,231,MF_AGG3A,KG_PER_CON_USD,2025-03-21T00:00:00,A,0,2023,WESR / Global Material Flows Database,2015,0.43524
2002,EN_MAT_DOMCMPG,231,MF_AGG3A,KG_PER_CON_USD,2025-03-21T00:00:00,A,0,2023,WESR / Global Material Flows Database,2015,0.39247
2003,EN_MAT_DOMCMPG,231,MF_AGG3A,KG_PER_CON_USD,2025-03-21T00:00:00,A,0,2023,WESR / Global Material Flows Database,2015,0.60129
2004,EN_MAT_DOMCMPG,231,MF_AGG3A,KG_PER_CON_USD,2025-03-21T00:00:00,A,0,2023,WESR / Global Material Flows Database,2015,0.59562
2005,EN_MAT_DOMCMPG,231,MF_AGG3A,KG_PER_CON_USD,2025-03-21T00:00:00,A,0,2023,WESR / Global Material Flows Database,2015,0.58391
2006,EN_MAT_DOMCMPG,231,MF_AGG3A,KG_PER_CON_USD,2025-03-21T00:00:00,A,0,2023,WESR / Global Material Flows Database,2015,0.6036
2007,EN_MAT_DOMCMPG,231,MF_AGG3A,KG_PER_CON_USD,2025-03-21T00:00:00,A,0,2023,WESR / Global Material Flows Database,2015,0.75722
2008,EN_MAT_DOMCMPG,231,MF_AGG3A,KG_PER_CON_USD,2025-03-21T00:00:00,A,0,2023,WESR / Global Material Flows Database,2015,0.72237
2009,EN_MAT_DOMCMPG,231,MF_AGG3A,KG_PER_CON_USD,2025-03-21T00:00:00,A,0,2023,WESR / Global Material Flows Database,2015,0.82421
2010,EN_MAT_DOMCMPG,231,MF_AGG3A,KG_PER_CON_USD,2025-03-21T00:00:00,A,0,2023,WESR / Global Material Flows Database,2015,0.58174
2011,EN_MAT_DOMCMPG,231,MF_AGG3A,KG_PER_CON_USD,2025-03-21T00:00:00,A,0,2023,WESR / Global Material Flows Database,2015,0.62073
2012,EN_MAT_DOMCMPG,231,MF_AGG3A,KG_PER_CON_USD,2025-03-21T00:00:00,A,0,2023,WESR / Global Material Flows Database,2015,0.74044
2013,EN_MAT_DOMCMPG,231,MF_AGG3A,KG_PER_CON_USD,2025-03-21T00:00:00,A,0,2023,WESR / Global Material Flows Database,2015,0.55213
2014,EN_MAT_DOMCMPG,231,MF_AGG3A,KG_PER_CON_USD,2025-03-21T00:00:00,A,0,2023,WESR / Global Material Flows Database,2015,0.28014
2015,EN_MAT_DOMCMPG,231,MF_AGG3A,KG_PER_CON_USD,2025-03-21T00:00:00,A,0,2023,WESR / Global Material Flows Database,2015,0.66372
2016,EN_MAT_DOMCMPG,231,MF_AGG3A,KG_PER_CON_USD,2025-03-21T00:00:00,A,0,2023,WESR / Global Material Flows Database,2015,0.82511
2017,EN_MAT_DOMCMPG,231,MF_AGG3A,KG_PER_CON_USD,2025-03-21T00:00:00,A,0,2023,WESR / Global Material Flows Database,2015,0.82886
2018,EN_MAT_DOMCMPG,231,MF_AGG3A,KG_PER_CON_USD,2025-03-21T00:00:00,A,0,2023,WESR / Global Material Flows Database,2015,0.8043
2019,EN_MAT_DOMCMPG,231,MF_AGG3A,KG_PER_CON_USD,2025-03-21T00:00:00,A,0,2023,WESR / Global Material Flows Database,2015,0.75014
2020,EN_MAT_DOMCMPG,231,MF_AGG3A,KG_PER_CON_USD,2025-03-21T00:00:00,A,0,2023,WESR / Global Material Flows Database,2015,0.72118
2021,EN_MAT_DOMCMPG,231,MF_AGG3A,KG_PER_CON_USD,2025-03-21T00:00:00,A,0,2023,WESR / Global Material Flows Database,2015,0.71169
2022,EN_MAT_DOMCMPG,231,MF_AGG3A,KG_PER_CON_USD,2025-03-21T00:00:00,A,0,2023,WESR / Global Material Flows Database,2015,0.69348
2023,EN_MAT_DOMCMPG,231,MF_AGG3A,KG_PER_CON_USD,2025-03-21T00:00:00,A,0,2023,WESR / Global Material Flows Database,2015,0.68324
2000,EN_MAT_DOMCMPG,231,MF_AGG3B,KG_PER_CON_USD,2025-03-21T00:00:00,A,0,2023,WESR / Global Material Flows Database,2015,0.0285
2001,EN_MAT_DOMCMPG,231,MF_AGG3B,KG_PER_CON_USD,2025-03-21T00:00:00,A,0,2023,WESR / Global Material Flows Database,2015,0.03534
2002,EN_MAT_DOMCMPG,231,MF_AGG3B,KG_PER_CON_USD,2025-03-21T00:00:00,A,0,2023,WESR / Global Material Flows Database,2015,0.04384
2003,EN_MAT_DOMCMPG,231,MF_AGG3B,KG_PER_CON_USD,2025-03-21T00:00:00,A,0,2023,WESR / Global Material Flows Database,2015,0.04425
2004,EN_MAT_DOMCMPG,231,MF_AGG3B,KG_PER_CON_USD,2025-03-21T00:00:00,A,0,2023,WESR / Global Material Flows Database,2015,0.04225
2005,EN_MAT_DOMCMPG,231,MF_AGG3B,KG_PER_CON_USD,2025-03-21T00:00:00,A,0,2023,WESR / Global Material Flows Database,2015,0.04724
2006,EN_MAT_DOMCMPG,231,MF_AGG3B,KG_PER_CON_USD,2025-03-21T00:00:00,A,0,2023,WESR / Global Material Flows Database,2015,0.0292
2007,EN_MAT_DOMCMPG,231,MF_AGG3B,KG_PER_CON_USD,2025-03-21T00:00:00,A,0,2023,WESR / Global Material Flows Database,2015,0.01525
2008,EN_MAT_DOMCMPG,231,MF_AGG3B,KG_PER_CON_USD,2025-03-21T00:00:00,A,0,2023,WESR / Global Material Flows Database,2015,0.01944
2009,EN_MAT_DOMCMPG,231,MF_AGG3B,KG_PER_CON_USD,2025-03-21T00:00:00,A,0,2023,WESR / Global Material Flows Database,2015,0.03475
2010,EN_MAT_DOMCMPG,231,MF_AGG3B,KG_PER_CON_USD,2025-03-21T00:00:00,A,0,2023,WESR / Global Material Flows Database,2015,0.03775
2011,EN_MAT_DOMCMPG,231,MF_AGG3B,KG_PER_CON_USD,2025-03-21T00:00:00,A,0,2023,WESR / Global Material Flows Database,2015,0.03308
2012,EN_MAT_DOMCMPG,231,MF_AGG3B,KG_PER_CON_USD,2025-03-21T00:00:00,A,0,2023,WESR / Global Material Flows Database,2015,0.03813
2013,EN_MAT_DOMCMPG,231,MF_AGG3B,KG_PER_CON_USD,2025-03-21T00:00:00,A,0,2023,WESR / Global Material Flows Database,2015,0.03061
2014,EN_MAT_DOMCMPG,231,MF_AGG3B,KG_PER_CON_USD,2025-03-21T00:00:00,A,0,2023,WESR / Global Material Flows Database,2015,0.03163
2015,EN_MAT_DOMCMPG,231,MF_AGG3B,KG_PER_CON_USD,2025-03-21T00:00:00,A,0,2023,WESR / Global Material Flows Database,2015,0.02598
2016,EN_MAT_DOMCMPG,231,MF_AGG3B,KG_PER_CON_USD,2025-03-21T00:00:00,A,0,2023,WESR / Global Material Flows Database,2015,0.02836
2017,EN_MAT_DOMCMPG,231,MF_AGG3B,KG_PER_CON_USD,2025-03-21T00:00:00,A,0,2023,WESR / Global Material Flows Database,2015,0.02515
2018,EN_MAT_DOMCMPG,231,MF_AGG3B,KG_PER_CON_USD,2025-03-21T00:00:00,A,0,2023,WESR / Global Material Flows Database,2015,0.02724
2019,EN_MAT_DOMCMPG,231,MF_AGG3B,KG_PER_CON_USD,2025-03-21T00:00:00,A,0,2023,WESR / Global Material Flows Database,2015,0.02559
2020,EN_MAT_DOMCMPG,231,MF_AGG3B,KG_PER_CON_USD,2025-03-21T00:00:00,A,0,2023,WESR / Global Material Flows Database,2015,0.01799
2021,EN_MAT_DOMCMPG,231,MF_AGG3B,KG_PER_CON_USD,2025-03-21T00:00:00,A,0,2023,WESR / Global Material Flows Database,2015,0.01729
2022,EN_MAT_DOMCMPG,231,MF_AGG3B,KG_PER_CON_USD,2025-03-21T00:00:00,A,0,2023,WESR / Global Material Flows Database,2015,0.01667
2023,EN_MAT_DOMCMPG,231,MF_AGG3B,KG_PER_CON_USD,2025-03-21T00:00:00,A,0,2023,WESR / Global Material Flows Database,2015,0.01592
2000,EN_MAT_DOMCMPG,231,MF1,KG_PER_CON_USD,2025-03-21T00:00:00,A,0,2023,WESR / Global Material Flows Database,2015,11.01139
2001,EN_MAT_DOMCMPG,231,MF1,KG_PER_CON_USD,2025-03-21T00:00:00,A,0,2023,WESR / Global Material Flows Database,2015,10.90457
2002,EN_MAT_DOMCMPG,231,MF1,KG_PER_CON_USD,2025-03-21T00:00:00,A,0,2023,WESR / Global Material Flows Database,2015,11.3595
2003,EN_MAT_DOMCMPG,231,MF1,KG_PER_CON_USD,2025-03-21T00:00:00,A,0,2023,WESR / Global Material Flows Database,2015,11.74618
2004,EN_MAT_DOMCMPG,231,MF1,KG_PER_CON_USD,2025-03-21T00:00:00,A,0,2023,WESR / Global Material Flows Database,2015,10.52171
2005,EN_MAT_DOMCMPG,231,MF1,KG_PER_CON_USD,2025-03-21T00:00:00,A,0,2023,WESR / Global Material Flows Database,2015,10.15429
2006,EN_MAT_DOMCMPG,231,MF1,KG_PER_CON_USD,2025-03-21T00:00:00,A,0,2023,WESR / Global Material Flows Database,2015,9.52138
2007,EN_MAT_DOMCMPG,231,MF1,KG_PER_CON_USD,2025-03-21T00:00:00,A,0,2023,WESR / Global Material Flows Database,2015,9.07297
2008,EN_MAT_DOMCMPG,231,MF1,KG_PER_CON_USD,2025-03-21T00:00:00,A,0,2023,WESR / Global Material Flows Database,2015,8.42342
2009,EN_MAT_DOMCMPG,231,MF1,KG_PER_CON_USD,2025-03-21T00:00:00,A,0,2023,WESR / Global Material Flows Database,2015,8.19781
2010,EN_MAT_DOMCMPG,231,MF1,KG_PER_CON_USD,2025-03-21T00:00:00,A,0,2023,WESR / Global Material Flows Database,2015,7.73358
2011,EN_MAT_DOMCMPG,231,MF1,KG_PER_CON_USD,2025-03-21T00:00:00,A,0,2023,WESR / Global Material Flows Database,2015,6.88176
2012,EN_MAT_DOMCMPG,231,MF1,KG_PER_CON_USD,2025-03-21T00:00:00,A,0,2023,WESR / Global Material Flows Database,2015,6.56366
2013,EN_MAT_DOMCMPG,231,MF1,KG_PER_CON_USD,2025-03-21T00:00:00,A,0,2023,WESR / Global Material Flows Database,2015,6.24109
2014,EN_MAT_DOMCMPG,231,MF1,KG_PER_CON_USD,2025-03-21T00:00:00,A,0,2023,WESR / Global Material Flows Database,2015,5.9301
2015,EN_MAT_DOMCMPG,231,MF1,KG_PER_CON_USD,2025-03-21T00:00:00,A,0,2023,WESR / Global Material Flows Database,2015,5.52999
2016,EN_MAT_DOMCMPG,231,MF1,KG_PER_CON_USD,2025-03-21T00:00:00,A,0,2023,WESR / Global Material Flows Database,2015,5.30331
2017,EN_MAT_DOMCMPG,231,MF1,KG_PER_CON_USD,2025-03-21T00:00:00,A,0,2023,WESR / Global Material Flows Database,2015,4.9973
2018,EN_MAT_DOMCMPG,231,MF1,KG_PER_CON_USD,2025-03-21T00:00:00,A,0,2023,WESR / Global Material Flows Database,2015,4.75859
2019,EN_MAT_DOMCMPG,231,MF1,KG_PER_CON_USD,2025-03-21T00:00:00,A,0,2023,WESR / Global Material Flows Database,2015,4.61153
2020,EN_MAT_DOMCMPG,231,MF1,KG_PER_CON_USD,2025-03-21T00:00:00,A,0,2023,WESR / Global Material Flows Database,2015,4.56022
2021,EN_MAT_DOMCMPG,231,MF1,KG_PER_CON_USD,2025-03-21T00:00:00,A,0,2023,WESR / Global Material Flows Database,2015,4.21498
2022,EN_MAT_DOMCMPG,231,MF1,KG_PER_CON_USD,2025-03-21T00:00:00,A,0,2023,WESR / Global Material Flows Database,2015,4.02307
2023,EN_MAT_DOMCMPG,231,MF1,KG_PER_CON_USD,2025-03-21T00:00:00,A,0,2023,WESR / Global Material Flows Database,2015,3.86917
2000,EN_MAT_DOMCMPG,231,MF11,KG_PER_CON_USD,2025-03-21T00:00:00,A,0,2023,WESR / Global Material Flows Database,2015,0.96122
2001,EN_MAT_DOMCMPG,231,MF11,KG_PER_CON_USD,2025-03-21T00:00:00,A,0,2023,WESR / Global Material Flows Database,2015,0.98465
2002,EN_MAT_DOMCMPG,231,MF11,KG_PER_CON_USD,2025-03-21T00:00:00,A,0,2023,WESR / Global Material Flows Database,2015,0.89745
2003,EN_MAT_DOMCMPG,231,MF11,KG_PER_CON_USD,2025-03-21T00:00:00,A,0,2023,WESR / Global Material Flows Database,2015,1.04316
2004,EN_MAT_DOMCMPG,231,MF11,KG_PER_CON_USD,2025-03-21T00:00:00,A,0,2023,WESR / Global Material Flows Database,2015,0.90935
2005,EN_MAT_DOMCMPG,231,MF11,KG_PER_CON_USD,2025-03-21T00:00:00,A,0,2023,WESR / Global Material Flows Database,2015,0.96863
2006,EN_MAT_DOMCMPG,231,MF11,KG_PER_CON_USD,2025-03-21T00:00:00,A,0,2023,WESR / Global Material Flows Database,2015,0.87063
2007,EN_MAT_DOMCMPG,231,MF11,KG_PER_CON_USD,2025-03-21T00:00:00,A,0,2023,WESR / Global Material Flows Database,2015,0.79721
2008,EN_MAT_DOMCMPG,231,MF11,KG_PER_CON_USD,2025-03-21T00:00:00,A,0,2023,WESR / Global Material Flows Database,2015,0.72051
2009,EN_MAT_DOMCMPG,231,MF11,KG_PER_CON_USD,2025-03-21T00:00:00,A,0,2023,WESR / Global Material Flows Database,2015,0.78009
2010,EN_MAT_DOMCMPG,231,MF11,KG_PER_CON_USD,2025-03-21T00:00:00,A,0,2023,WESR / Global Material Flows Database,2015,0.76809
2011,EN_MAT_DOMCMPG,231,MF11,KG_PER_CON_USD,2025-03-21T00:00:00,A,0,2023,WESR / Global Material Flows Database,2015,0.70742
2012,EN_MAT_DOMCMPG,231,MF11,KG_PER_CON_USD,2025-03-21T00:00:00,A,0,2023,WESR / Global Material Flows Database,2015,0.69632
2013,EN_MAT_DOMCMPG,231,MF11,KG_PER_CON_USD,2025-03-21T00:00:00,A,0,2023,WESR / Global Material Flows Database,2015,0.70425
2014,EN_MAT_DOMCMPG,231,MF11,KG_PER_CON_USD,2025-03-21T00:00:00,A,0,2023,WESR / Global Material Flows Database,2015,0.68384
2015,EN_MAT_DOMCMPG,231,MF11,KG_PER_CON_USD,2025-03-21T00:00:00,A,0,2023,WESR / Global Material Flows Database,2015,0.64852
2016,EN_MAT_DOMCMPG,231,MF11,KG_PER_CON_USD,2025-03-21T00:00:00,A,0,2023,WESR / Global Material Flows Database,2015,0.64024
2017,EN_MAT_DOMCMPG,231,MF11,KG_PER_CON_USD,2025-03-21T00:00:00,A,0,2023,WESR / Global Material Flows Database,2015,0.59156
2018,EN_MAT_DOMCMPG,231,MF11,KG_PER_CON_USD,2025-03-21T00:00:00,A,0,2023,WESR / Global Material Flows Database,2015,0.5589
2019,EN_MAT_DOMCMPG,231,MF11,KG_PER_CON_USD,2025-03-21T00:00:00,A,0,2023,WESR / Global Material Flows Database,2015,0.5245
2020,EN_MAT_DOMCMPG,231,MF11,KG_PER_CON_USD,2025-03-21T00:00:00,A,0,2023,WESR / Global Material Flows Database,2015,0.53909
2021,EN_MAT_DOMCMPG,231,MF11,KG_PER_CON_USD,2025-03-21T00:00:00,A,0,2023,WESR / Global Material Flows Database,2015,0.51944
2022,EN_MAT_DOMCMPG,231,MF11,KG_PER_CON_USD,2025-03-21T00:00:00,A,0,2023,WESR / Global Material Flows Database,2015,0.49894
2023,EN_MAT_DOMCMPG,231,MF11,KG_PER_CON_USD,2025-03-21T00:00:00,A,0,2023,WESR / Global Material Flows Database,2015,0.48289
2000,EN_MAT_DOMCMPG,231,MF121,KG_PER_CON_USD,2025-03-21T00:00:00,A,0,2023,WESR / Global Material Flows Database,2015,1.47424
2001,EN_MAT_DOMCMPG,231,MF121,KG_PER_CON_USD,2025-03-21T00:00:00,A,0,2023,WESR / Global Material Flows Database,2015,1.61137
2002,EN_MAT_DOMCMPG,231,MF121,KG_PER_CON_USD,2025-03-21T00:00:00,A,0,2023,WESR / Global Material Flows Database,2015,1.48786
2003,EN_MAT_DOMCMPG,231,MF121,KG_PER_CON_USD,2025-03-21T00:00:00,A,0,2023,WESR / Global Material Flows Database,2015,1.61284
2004,EN_MAT_DOMCMPG,231,MF121,KG_PER_CON_USD,2025-03-21T00:00:00,A,0,2023,WESR / Global Material Flows Database,2015,1.49584
2005,EN_MAT_DOMCMPG,231,MF121,KG_PER_CON_USD,2025-03-21T00:00:00,A,0,2023,WESR / Global Material Flows Database,2015,1.64679
2006,EN_MAT_DOMCMPG,231,MF121,KG_PER_CON_USD,2025-03-21T00:00:00,A,0,2023,WESR / Global Material Flows Database,2015,1.51196
2007,EN_MAT_DOMCMPG,231,MF121,KG_PER_CON_USD,2025-03-21T00:00:00,A,0,2023,WESR / Global Material Flows Database,2015,1.39865
2008,EN_MAT_DOMCMPG,231,MF121,KG_PER_CON_USD,2025-03-21T00:00:00,A,0,2023,WESR / Global Material Flows Database,2015,1.30474
2009,EN_MAT_DOMCMPG,231,MF121,KG_PER_CON_USD,2025-03-21T00:00:00,A,0,2023,WESR / Global Material Flows Database,2015,1.38309
2010,EN_MAT_DOMCMPG,231,MF121,KG_PER_CON_USD,2025-03-21T00:00:00,A,0,2023,WESR / Global Material Flows Database,2015,1.39455
2011,EN_MAT_DOMCMPG,231,MF121,KG_PER_CON_USD,2025-03-21T00:00:00,A,0,2023,WESR / Global Material Flows Database,2015,1.30306
2012,EN_MAT_DOMCMPG,231,MF121,KG_PER_CON_USD,2025-03-21T00:00:00,A,0,2023,WESR / Global Material Flows Database,2015,1.26417
2013,EN_MAT_DOMCMPG,231,MF121,KG_PER_CON_USD,2025-03-21T00:00:00,A,0,2023,WESR / Global Material Flows Database,2015,1.2593
2014,EN_MAT_DOMCMPG,231,MF121,KG_PER_CON_USD,2025-03-21T00:00:00,A,0,2023,WESR / Global Material Flows Database,2015,1.25227
2015,EN_MAT_DOMCMPG,231,MF121,KG_PER_CON_USD,2025-03-21T00:00:00,A,0,2023,WESR / Global Material Flows Database,2015,1.1939
2016,EN_MAT_DOMCMPG,231,MF121,KG_PER_CON_USD,2025-03-21T00:00:00,A,0,2023,WESR / Global Material Flows Database,2015,1.14621
2017,EN_MAT_DOMCMPG,231,MF121,KG_PER_CON_USD,2025-03-21T00:00:00,A,0,2023,WESR / Global Material Flows Database,2015,1.13458
2018,EN_MAT_DOMCMPG,231,MF121,KG_PER_CON_USD,2025-03-21T00:00:00,A,0,2023,WESR / Global Material Flows Database,2015,1.04224
2019,EN_MAT_DOMCMPG,231,MF121,KG_PER_CON_USD,2025-03-21T00:00:00,A,0,2023,WESR / Global Material Flows Database,2015,0.99518
2020,EN_MAT_DOMCMPG,231,MF121,KG_PER_CON_USD,2025-03-21T00:00:00,A,0,2023,WESR / Global Material Flows Database,2015,0.96083
2021,EN_MAT_DOMCMPG,231,MF121,KG_PER_CON_USD,2025-03-21T00:00:00,A,0,2023,WESR / Global Material Flows Database,2015,0.90129
2022,EN_MAT_DOMCMPG,231,MF121,KG_PER_CON_USD,2025-03-21T00:00:00,A,0,2023,WESR / Global Material Flows Database,2015,0.86547
2023,EN_MAT_DOMCMPG,231,MF121,KG_PER_CON_USD,2025-03-21T00:00:00,A,0,2023,WESR / Global Material Flows Database,2015,0.83417
2000,EN_MAT_DOMCMPG,231,MF122,KG_PER_CON_USD,2025-03-21T00:00:00,A,0,2023,WESR / Global Material Flows Database,2015,4.95797
2001,EN_MAT_DOMCMPG,231,MF122,KG_PER_CON_USD,2025-03-21T00:00:00,A,0,2023,WESR / Global Material Flows Database,2015,4.91786
2002,EN_MAT_DOMCMPG,231,MF122,KG_PER_CON_USD,2025-03-21T00:00:00,A,0,2023,WESR / Global Material Flows Database,2015,5.58481
2003,EN_MAT_DOMCMPG,231,MF122,KG_PER_CON_USD,2025-03-21T00:00:00,A,0,2023,WESR / Global Material Flows Database,2015,5.55516
2004,EN_MAT_DOMCMPG,231,MF122,KG_PER_CON_USD,2025-03-21T00:00:00,A,0,2023,WESR / Global Material Flows Database,2015,4.95612
2005,EN_MAT_DOMCMPG,231,MF122,KG_PER_CON_USD,2025-03-21T00:00:00,A,0,2023,WESR / Global Material Flows Database,2015,4.66956
2006,EN_MAT_DOMCMPG,231,MF122,KG_PER_CON_USD,2025-03-21T00:00:00,A,0,2023,WESR / Global Material Flows Database,2015,4.51675
2007,EN_MAT_DOMCMPG,231,MF122,KG_PER_CON_USD,2025-03-21T00:00:00,A,0,2023,WESR / Global Material Flows Database,2015,4.49092
2008,EN_MAT_DOMCMPG,231,MF122,KG_PER_CON_USD,2025-03-21T00:00:00,A,0,2023,WESR / Global Material Flows Database,2015,4.21442
2009,EN_MAT_DOMCMPG,231,MF122,KG_PER_CON_USD,2025-03-21T00:00:00,A,0,2023,WESR / Global Material Flows Database,2015,4.00079
2010,EN_MAT_DOMCMPG,231,MF122,KG_PER_CON_USD,2025-03-21T00:00:00,A,0,2023,WESR / Global Material Flows Database,2015,3.73859
2011,EN_MAT_DOMCMPG,231,MF122,KG_PER_CON_USD,2025-03-21T00:00:00,A,0,2023,WESR / Global Material Flows Database,2015,3.23138
2012,EN_MAT_DOMCMPG,231,MF122,KG_PER_CON_USD,2025-03-21T00:00:00,A,0,2023,WESR / Global Material Flows Database,2015,3.07457
2013,EN_MAT_DOMCMPG,231,MF122,KG_PER_CON_USD,2025-03-21T00:00:00,A,0,2023,WESR / Global Material Flows Database,2015,2.87602
2014,EN_MAT_DOMCMPG,231,MF122,KG_PER_CON_USD,2025-03-21T00:00:00,A,0,2023,WESR / Global Material Flows Database,2015,2.70597
2015,EN_MAT_DOMCMPG,231,MF122,KG_PER_CON_USD,2025-03-21T00:00:00,A,0,2023,WESR / Global Material Flows Database,2015,2.50619
2016,EN_MAT_DOMCMPG,231,MF122,KG_PER_CON_USD,2025-03-21T00:00:00,A,0,2023,WESR / Global Material Flows Database,2015,2.40644
2017,EN_MAT_DOMCMPG,231,MF122,KG_PER_CON_USD,2025-03-21T00:00:00,A,0,2023,WESR / Global Material Flows Database,2015,2.24688
2018,EN_MAT_DOMCMPG,231,MF122,KG_PER_CON_USD,2025-03-21T00:00:00,A,0,2023,WESR / Global Material Flows Database,2015,2.188
2019,EN_MAT_DOMCMPG,231,MF122,KG_PER_CON_USD,2025-03-21T00:00:00,A,0,2023,WESR / Global Material Flows Database,2015,2.18722
2020,EN_MAT_DOMCMPG,231,MF122,KG_PER_CON_USD,2025-03-21T00:00:00,A,0,2023,WESR / Global Material Flows Database,2015,2.19809
2021,EN_MAT_DOMCMPG,231,MF122,KG_PER_CON_USD,2025-03-21T00:00:00,A,0,2023,WESR / Global Material Flows Database,2015,1.96952
2022,EN_MAT_DOMCMPG,231,MF122,KG_PER_CON_USD,2025-03-21T00:00:00,A,0,2023,WESR / Global Material Flows Database,2015,1.90441
2023,EN_MAT_DOMCMPG,231,MF122,KG_PER_CON_USD,2025-03-21T00:00:00,A,0,2023,WESR / Global Material Flows Database,2015,1.86043
2000,EN_MAT_DOMCMPG,231,MF13,KG_PER_CON_USD,2025-03-21T00:00:00,A,0,2023,WESR / Global Material Flows Database,2015,3.61701
2001,EN_MAT_DOMCMPG,231,MF13,KG_PER_CON_USD,2025-03-21T00:00:00,A,0,2023,WESR / Global Material Flows Database,2015,3.38983
2002,EN_MAT_DOMCMPG,231,MF13,KG_PER_CON_USD,2025-03-21T00:00:00,A,0,2023,WESR / Global Material Flows Database,2015,3.38869
2003,EN_MAT_DOMCMPG,231,MF13,KG_PER_CON_USD,2025-03-21T00:00:00,A,0,2023,WESR / Global Material Flows Database,2015,3.53446
2004,EN_MAT_DOMCMPG,231,MF13,KG_PER_CON_USD,2025-03-21T00:00:00,A,0,2023,WESR / Global Material Flows Database,2015,3.15988
2005,EN_MAT_DOMCMPG,231,MF13,KG_PER_CON_USD,2025-03-21T00:00:00,A,0,2023,WESR / Global Material Flows Database,2015,2.86888
2006,EN_MAT_DOMCMPG,231,MF13,KG_PER_CON_USD,2025-03-21T00:00:00,A,0,2023,WESR / Global Material Flows Database,2015,2.62161
2007,EN_MAT_DOMCMPG,231,MF13,KG_PER_CON_USD,2025-03-21T00:00:00,A,0,2023,WESR / Global Material Flows Database,2015,2.38572
2008,EN_MAT_DOMCMPG,231,MF13,KG_PER_CON_USD,2025-03-21T00:00:00,A,0,2023,WESR / Global Material Flows Database,2015,2.18321
2009,EN_MAT_DOMCMPG,231,MF13,KG_PER_CON_USD,2025-03-21T00:00:00,A,0,2023,WESR / Global Material Flows Database,2015,2.03335
2010,EN_MAT_DOMCMPG,231,MF13,KG_PER_CON_USD,2025-03-21T00:00:00,A,0,2023,WESR / Global Material Flows Database,2015,1.8319
2011,EN_MAT_DOMCMPG,231,MF13,KG_PER_CON_USD,2025-03-21T00:00:00,A,0,2023,WESR / Global Material Flows Database,2015,1.63935
2012,EN_MAT_DOMCMPG,231,MF13,KG_PER_CON_USD,2025-03-21T00:00:00,A,0,2023,WESR / Global Material Flows Database,2015,1.52799
2013,EN_MAT_DOMCMPG,231,MF13,KG_PER_CON_USD,2025-03-21T00:00:00,A,0,2023,WESR / Global Material Flows Database,2015,1.40078
2014,EN_MAT_DOMCMPG,231,MF13,KG_PER_CON_USD,2025-03-21T00:00:00,A,0,2023,WESR / Global Material Flows Database,2015,1.28715
2015,EN_MAT_DOMCMPG,231,MF13,KG_PER_CON_USD,2025-03-21T00:00:00,A,0,2023,WESR / Global Material Flows Database,2015,1.18068
2016,EN_MAT_DOMCMPG,231,MF13,KG_PER_CON_USD,2025-03-21T00:00:00,A,0,2023,WESR / Global Material Flows Database,2015,1.10968
2017,EN_MAT_DOMCMPG,231,MF13,KG_PER_CON_USD,2025-03-21T00:00:00,A,0,2023,WESR / Global Material Flows Database,2015,1.02353
2018,EN_MAT_DOMCMPG,231,MF13,KG_PER_CON_USD,2025-03-21T00:00:00,A,0,2023,WESR / Global Material Flows Database,2015,0.96872
2019,EN_MAT_DOMCMPG,231,MF13,KG_PER_CON_USD,2025-03-21T00:00:00,A,0,2023,WESR / Global Material Flows Database,2015,0.90395
2020,EN_MAT_DOMCMPG,231,MF13,KG_PER_CON_USD,2025-03-21T00:00:00,A,0,2023,WESR / Global Material Flows Database,2015,0.86154
2021,EN_MAT_DOMCMPG,231,MF13,KG_PER_CON_USD,2025-03-21T00:00:00,A,0,2023,WESR / Global Material Flows Database,2015,0.82411
2022,EN_MAT_DOMCMPG,231,MF13,KG_PER_CON_USD,2025-03-21T00:00:00,A,0,2023,WESR / Global Material Flows Database,2015,0.75366
2023,EN_MAT_DOMCMPG,231,MF13,KG_PER_CON_USD,2025-03-21T00:00:00,A,0,2023,WESR / Global Material Flows Database,2015,0.69112
2000,EN_MAT_DOMCMPG,231,MF14,KG_PER_CON_USD,2025-03-21T00:00:00,A,0,2023,WESR / Global Material Flows Database,2015,0.00095
2001,EN_MAT_DOMCMPG,231,MF14,KG_PER_CON_USD,2025-03-21T00:00:00,A,0,2023,WESR / Global Material Flows Database,2015,0.00086
2002,EN_MAT_DOMCMPG,231,MF14,KG_PER_CON_USD,2025-03-21T00:00:00,A,0,2023,WESR / Global Material Flows Database,2015,0.00068
2003,EN_MAT_DOMCMPG,231,MF14,KG_PER_CON_USD,2025-03-21T00:00:00,A,0,2023,WESR / Global Material Flows Database,2015,0.00056
2004,EN_MAT_DOMCMPG,231,MF14,KG_PER_CON_USD,2025-03-21T00:00:00,A,0,2023,WESR / Global Material Flows Database,2015,0.00052
2005,EN_MAT_DOMCMPG,231,MF14,KG_PER_CON_USD,2025-03-21T00:00:00,A,0,2023,WESR / Global Material Flows Database,2015,0.00043
2006,EN_MAT_DOMCMPG,231,MF14,KG_PER_CON_USD,2025-03-21T00:00:00,A,0,2023,WESR / Global Material Flows Database,2015,0.00042
2007,EN_MAT_DOMCMPG,231,MF14,KG_PER_CON_USD,2025-03-21T00:00:00,A,0,2023,WESR / Global Material Flows Database,2015,0.00047
2008,EN_MAT_DOMCMPG,231,MF14,KG_PER_CON_USD,2025-03-21T00:00:00,A,0,2023,WESR / Global Material Flows Database,2015,0.00055
2009,EN_MAT_DOMCMPG,231,MF14,KG_PER_CON_USD,2025-03-21T00:00:00,A,0,2023,WESR / Global Material Flows Database,2015,0.00049
2010,EN_MAT_DOMCMPG,231,MF14,KG_PER_CON_USD,2025-03-21T00:00:00,A,0,2023,WESR / Global Material Flows Database,2015,0.00045
2011,EN_MAT_DOMCMPG,231,MF14,KG_PER_CON_USD,2025-03-21T00:00:00,A,0,2023,WESR / Global Material Flows Database,2015,0.00054
2012,EN_MAT_DOMCMPG,231,MF14,KG_PER_CON_USD,2025-03-21T00:00:00,A,0,2023,WESR / Global Material Flows Database,2015,0.00061
2013,EN_MAT_DOMCMPG,231,MF14,KG_PER_CON_USD,2025-03-21T00:00:00,A,0,2023,WESR / Global Material Flows Database,2015,0.00073
2014,EN_MAT_DOMCMPG,231,MF14,KG_PER_CON_USD,2025-03-21T00:00:00,A,0,2023,WESR / Global Material Flows Database,2015,0.00087
2015,EN_MAT_DOMCMPG,231,MF14,KG_PER_CON_USD,2025-03-21T00:00:00,A,0,2023,WESR / Global Material Flows Database,2015,0.00071
2016,EN_MAT_DOMCMPG,231,MF14,KG_PER_CON_USD,2025-03-21T00:00:00,A,0,2023,WESR / Global Material Flows Database,2015,0.00073
2017,EN_MAT_DOMCMPG,231,MF14,KG_PER_CON_USD,2025-03-21T00:00:00,A,0,2023,WESR / Global Material Flows Database,2015,0.00075
2018,EN_MAT_DOMCMPG,231,MF14,KG_PER_CON_USD,2025-03-21T00:00:00,A,0,2023,WESR / Global Material Flows Database,2015,0.00072
2019,EN_MAT_DOMCMPG,231,MF14,KG_PER_CON_USD,2025-03-21T00:00:00,A,0,2023,WESR / Global Material Flows Database,2015,0.00069
2020,EN_MAT_DOMCMPG,231,MF14,KG_PER_CON_USD,2025-03-21T00:00:00,A,0,2023,WESR / Global Material Flows Database,2015,0.00065
2021,EN_MAT_DOMCMPG,231,MF14,KG_PER_CON_USD,2025-03-21T00:00:00,A,0,2023,WESR / Global Material Flows Database,2015,0.00062
2022,EN_MAT_DOMCMPG,231,MF14,KG_PER_CON_USD,2025-03-21T00:00:00,A,0,2023,WESR / Global Material Flows Database,2015,0.00059
2023,EN_MAT_DOMCMPG,231,MF14,KG_PER_CON_USD,2025-03-21T00:00:00,A,0,2023,WESR / Global Material Flows Database,2015,0.00055
2000,EN_MAT_DOMCMPG,231,MF2,KG_PER_CON_USD,2025-03-21T00:00:00,A,0,2023,WESR / Global Material Flows Database,2015,0.05356
2001,EN_MAT_DOMCMPG,231,MF2,KG_PER_CON_USD,2025-03-21T00:00:00,A,0,2023,WESR / Global Material Flows Database,2015,0.06653
2002,EN_MAT_DOMCMPG,231,MF2,KG_PER_CON_USD,2025-03-21T00:00:00,A,0,2023,WESR / Global Material Flows Database,2015,0.08364
2003,EN_MAT_DOMCMPG,231,MF2,KG_PER_CON_USD,2025-03-21T00:00:00,A,0,2023,WESR / Global Material Flows Database,2015,0.07538
2004,EN_MAT_DOMCMPG,231,MF2,KG_PER_CON_USD,2025-03-21T00:00:00,A,0,2023,WESR / Global Material Flows Database,2015,0.05684
2005,EN_MAT_DOMCMPG,231,MF2,KG_PER_CON_USD,2025-03-21T00:00:00,A,0,2023,WESR / Global Material Flows Database,2015,0.08805
2006,EN_MAT_DOMCMPG,231,MF2,KG_PER_CON_USD,2025-03-21T00:00:00,A,0,2023,WESR / Global Material Flows Database,2015,0.05813
2007,EN_MAT_DOMCMPG,231,MF2,KG_PER_CON_USD,2025-03-21T00:00:00,A,0,2023,WESR / Global Material Flows Database,2015,0.05807
2008,EN_MAT_DOMCMPG,231,MF2,KG_PER_CON_USD,2025-03-21T00:00:00,A,0,2023,WESR / Global Material Flows Database,2015,0.05358
2009,EN_MAT_DOMCMPG,231,MF2,KG_PER_CON_USD,2025-03-21T00:00:00,A,0,2023,WESR / Global Material Flows Database,2015,0.05636
2010,EN_MAT_DOMCMPG,231,MF2,KG_PER_CON_USD,2025-03-21T00:00:00,A,0,2023,WESR / Global Material Flows Database,2015,0.06168
2011,EN_MAT_DOMCMPG,231,MF2,KG_PER_CON_USD,2025-03-21T00:00:00,A,0,2023,WESR / Global Material Flows Database,2015,0.08491
2012,EN_MAT_DOMCMPG,231,MF2,KG_PER_CON_USD,2025-03-21T00:00:00,A,0,2023,WESR / Global Material Flows Database,2015,0.08608
2013,EN_MAT_DOMCMPG,231,MF2,KG_PER_CON_USD,2025-03-21T00:00:00,A,0,2023,WESR / Global Material Flows Database,2015,0.07212
2014,EN_MAT_DOMCMPG,231,MF2,KG_PER_CON_USD,2025-03-21T00:00:00,A,0,2023,WESR / Global Material Flows Database,2015,0.06755
2015,EN_MAT_DOMCMPG,231,MF2,KG_PER_CON_USD,2025-03-21T00:00:00,A,0,2023,WESR / Global Material Flows Database,2015,0.06402
2016,EN_MAT_DOMCMPG,231,MF2,KG_PER_CON_USD,2025-03-21T00:00:00,A,0,2023,WESR / Global Material Flows Database,2015,0.06377
2017,EN_MAT_DOMCMPG,231,MF2,KG_PER_CON_USD,2025-03-21T00:00:00,A,0,2023,WESR / Global Material Flows Database,2015,0.04204
2018,EN_MAT_DOMCMPG,231,MF2,KG_PER_CON_USD,2025-03-21T00:00:00,A,0,2023,WESR / Global Material Flows Database,2015,0.03333
2019,EN_MAT_DOMCMPG,231,MF2,KG_PER_CON_USD,2025-03-21T00:00:00,A,0,2023,WESR / Global Material Flows Database,2015,0.02648
2020,EN_MAT_DOMCMPG,231,MF2,KG_PER_CON_USD,2025-03-21T00:00:00,A,0,2023,WESR / Global Material Flows Database,2015,0.03447
2021,EN_MAT_DOMCMPG,231,MF2,KG_PER_CON_USD,2025-03-21T00:00:00,A,0,2023,WESR / Global Material Flows Database,2015,0.03472
2022,EN_MAT_DOMCMPG,231,MF2,KG_PER_CON_USD,2025-03-21T00:00:00,A,0,2023,WESR / Global Material Flows Database,2015,0.03442
2023,EN_MAT_DOMCMPG,231,MF2,KG_PER_CON_USD,2025-03-21T00:00:00,A,0,2023,WESR / Global Material Flows Database,2015,0.03369
2000,EN_MAT_DOMCMPG,231,MF21,KG_PER_CON_USD,2025-03-21T00:00:00,A,0,2023,WESR / Global Material Flows Database,2015,0.00982
2001,EN_MAT_DOMCMPG,231,MF21,KG_PER_CON_USD,2025-03-21T00:00:00,A,0,2023,WESR / Global Material Flows Database,2015,0.01419
2002,EN_MAT_DOMCMPG,231,MF21,KG_PER_CON_USD,2025-03-21T00:00:00,A,0,2023,WESR / Global Material Flows Database,2015,0.01495
2003,EN_MAT_DOMCMPG,231,MF21,KG_PER_CON_USD,2025-03-21T00:00:00,A,0,2023,WESR / Global Material Flows Database,2015,0.02233
2004,EN_MAT_DOMCMPG,231,MF21,KG_PER_CON_USD,2025-03-21T00:00:00,A,0,2023,WESR / Global Material Flows Database,2015,0.01581
2005,EN_MAT_DOMCMPG,231,MF21,KG_PER_CON_USD,2025-03-21T00:00:00,A,0,2023,WESR / Global Material Flows Database,2015,0.04429
2006,EN_MAT_DOMCMPG,231,MF21,KG_PER_CON_USD,2025-03-21T00:00:00,A,0,2023,WESR / Global Material Flows Database,2015,0.01949
2007,EN_MAT_DOMCMPG,231,MF21,KG_PER_CON_USD,2025-03-21T00:00:00,A,0,2023,WESR / Global Material Flows Database,2015,0.02284
2008,EN_MAT_DOMCMPG,231,MF21,KG_PER_CON_USD,2025-03-21T00:00:00,A,0,2023,WESR / Global Material Flows Database,2015,0.01957
2009,EN_MAT_DOMCMPG,231,MF21,KG_PER_CON_USD,2025-03-21T00:00:00,A,0,2023,WESR / Global Material Flows Database,2015,0.02322
2010,EN_MAT_DOMCMPG,231,MF21,KG_PER_CON_USD,2025-03-21T00:00:00,A,0,2023,WESR / Global Material Flows Database,2015,0.01581
2011,EN_MAT_DOMCMPG,231,MF21,KG_PER_CON_USD,2025-03-21T00:00:00,A,0,2023,WESR / Global Material Flows Database,2015,0.01915
2012,EN_MAT_DOMCMPG,231,MF21,KG_PER_CON_USD,2025-03-21T00:00:00,A,0,2023,WESR / Global Material Flows Database,2015,0.02218
2013,EN_MAT_DOMCMPG,231,MF21,KG_PER_CON_USD,2025-03-21T00:00:00,A,0,2023,WESR / Global Material Flows Database,2015,0.02029
2014,EN_MAT_DOMCMPG,231,MF21,KG_PER_CON_USD,2025-03-21T00:00:00,A,0,2023,WESR / Global Material Flows Database,2015,0.02316
2015,EN_MAT_DOMCMPG,231,MF21,KG_PER_CON_USD,2025-03-21T00:00:00,A,0,2023,WESR / Global Material Flows Database,2015,0.0277
2016,EN_MAT_DOMCMPG,231,MF21,KG_PER_CON_USD,2025-03-21T00:00:00,A,0,2023,WESR / Global Material Flows Database,2015,0.03005
2017,EN_MAT_DOMCMPG,231,MF21,KG_PER_CON_USD,2025-03-21T00:00:00,A,0,2023,WESR / Global Material Flows Database,2015,0.02046
2018,EN_MAT_DOMCMPG,231,MF21,KG_PER_CON_USD,2025-03-21T00:00:00,A,0,2023,WESR / Global Material Flows Database,2015,0.01667
2019,EN_MAT_DOMCMPG,231,MF21,KG_PER_CON_USD,2025-03-21T00:00:00,A,0,2023,WESR / Global Material Flows Database,2015,0.0162
2020,EN_MAT_DOMCMPG,231,MF21,KG_PER_CON_USD,2025-03-21T00:00:00,A,0,2023,WESR / Global Material Flows Database,2015,0.01519
2021,EN_MAT_DOMCMPG,231,MF21,KG_PER_CON_USD,2025-03-21T00:00:00,A,0,2023,WESR / Global Material Flows Database,2015,0.01434
2022,EN_MAT_DOMCMPG,231,MF21,KG_PER_CON_USD,2025-03-21T00:00:00,A,0,2023,WESR / Global Material Flows Database,2015,0.01358
2023,EN_MAT_DOMCMPG,231,MF21,KG_PER_CON_USD,2025-03-21T00:00:00,A,0,2023,WESR / Global Material Flows Database,2015,0.0127
2000,EN_MAT_DOMCMPG,231,MF22,KG_PER_CON_USD,2025-03-21T00:00:00,A,0,2023,WESR / Global Material Flows Database,2015,0.04375
2001,EN_MAT_DOMCMPG,231,MF22,KG_PER_CON_USD,2025-03-21T00:00:00,A,0,2023,WESR / Global Material Flows Database,2015,0.05234
2002,EN_MAT_DOMCMPG,231,MF22,KG_PER_CON_USD,2025-03-21T00:00:00,A,0,2023,WESR / Global Material Flows Database,2015,0.06868
2003,EN_MAT_DOMCMPG,231,MF22,KG_PER_CON_USD,2025-03-21T00:00:00,A,0,2023,WESR / Global Material Flows Database,2015,0.05305
2004,EN_MAT_DOMCMPG,231,MF22,KG_PER_CON_USD,2025-03-21T00:00:00,A,0,2023,WESR / Global Material Flows Database,2015,0.04103
2005,EN_MAT_DOMCMPG,231,MF22,KG_PER_CON_USD,2025-03-21T00:00:00,A,0,2023,WESR / Global Material Flows Database,2015,0.04376
2006,EN_MAT_DOMCMPG,231,MF22,KG_PER_CON_USD,2025-03-21T00:00:00,A,0,2023,WESR / Global Material Flows Database,2015,0.03865
2007,EN_MAT_DOMCMPG,231,MF22,KG_PER_CON_USD,2025-03-21T00:00:00,A,0,2023,WESR / Global Material Flows Database,2015,0.03522
2008,EN_MAT_DOMCMPG,231,MF22,KG_PER_CON_USD,2025-03-21T00:00:00,A,0,2023,WESR / Global Material Flows Database,2015,0.03401
2009,EN_MAT_DOMCMPG,231,MF22,KG_PER_CON_USD,2025-03-21T00:00:00,A,0,2023,WESR / Global Material Flows Database,2015,0.03314
2010,EN_MAT_DOMCMPG,231,MF22,KG_PER_CON_USD,2025-03-21T00:00:00,A,0,2023,WESR / Global Material Flows Database,2015,0.04587
2011,EN_MAT_DOMCMPG,231,MF22,KG_PER_CON_USD,2025-03-21T00:00:00,A,0,2023,WESR / Global Material Flows Database,2015,0.06576
2012,EN_MAT_DOMCMPG,231,MF22,KG_PER_CON_USD,2025-03-21T00:00:00,A,0,2023,WESR / Global Material Flows Database,2015,0.0639
2013,EN_MAT_DOMCMPG,231,MF22,KG_PER_CON_USD,2025-03-21T00:00:00,A,0,2023,WESR / Global Material Flows Database,2015,0.05183
2014,EN_MAT_DOMCMPG,231,MF22,KG_PER_CON_USD,2025-03-21T00:00:00,A,0,2023,WESR / Global Material Flows Database,2015,0.0444
2015,EN_MAT_DOMCMPG,231,MF22,KG_PER_CON_USD,2025-03-21T00:00:00,A,0,2023,WESR / Global Material Flows Database,2015,0.03632
2016,EN_MAT_DOMCMPG,231,MF22,KG_PER_CON_USD,2025-03-21T00:00:00,A,0,2023,WESR / Global Material Flows Database,2015,0.03372
2017,EN_MAT_DOMCMPG,231,MF22,KG_PER_CON_USD,2025-03-21T00:00:00,A,0,2023,WESR / Global Material Flows Database,2015,0.02158
2018,EN_MAT_DOMCMPG,231,MF22,KG_PER_CON_USD,2025-03-21T00:00:00,A,0,2023,WESR / Global Material Flows Database,2015,0.01666
2019,EN_MAT_DOMCMPG,231,MF22,KG_PER_CON_USD,2025-03-21T00:00:00,A,0,2023,WESR / Global Material Flows Database,2015,0.01028
2020,EN_MAT_DOMCMPG,231,MF22,KG_PER_CON_USD,2025-03-21T00:00:00,A,0,2023,WESR / Global Material Flows Database,2015,0.01928
2021,EN_MAT_DOMCMPG,231,MF22,KG_PER_CON_USD,2025-03-21T00:00:00,A,0,2023,WESR / Global Material Flows Database,2015,0.02038
2022,EN_MAT_DOMCMPG,231,MF22,KG_PER_CON_USD,2025-03-21T00:00:00,A,0,2023,WESR / Global Material Flows Database,2015,0.02084
2023,EN_MAT_DOMCMPG,231,MF22,KG_PER_CON_USD,2025-03-21T00:00:00,A,0,2023,WESR / Global Material Flows Database,2015,0.021
2000,EN_MAT_DOMCMPG,231,MF3,KG_PER_CON_USD,2025-03-21T00:00:00,A,0,2023,WESR / Global Material Flows Database,2015,0.46606
2001,EN_MAT_DOMCMPG,231,MF3,KG_PER_CON_USD,2025-03-21T00:00:00,A,0,2023,WESR / Global Material Flows Database,2015,0.47058
2002,EN_MAT_DOMCMPG,231,MF3,KG_PER_CON_USD,2025-03-21T00:00:00,A,0,2023,WESR / Global Material Flows Database,2015,0.43631
2003,EN_MAT_DOMCMPG,231,MF3,KG_PER_CON_USD,2025-03-21T00:00:00,A,0,2023,WESR / Global Material Flows Database,2015,0.64554
2004,EN_MAT_DOMCMPG,231,MF3,KG_PER_CON_USD,2025-03-21T00:00:00,A,0,2023,WESR / Global Material Flows Database,2015,0.63787
2005,EN_MAT_DOMCMPG,231,MF3,KG_PER_CON_USD,2025-03-21T00:00:00,A,0,2023,WESR / Global Material Flows Database,2015,0.63115
2006,EN_MAT_DOMCMPG,231,MF3,KG_PER_CON_USD,2025-03-21T00:00:00,A,0,2023,WESR / Global Material Flows Database,2015,0.63281
2007,EN_MAT_DOMCMPG,231,MF3,KG_PER_CON_USD,2025-03-21T00:00:00,A,0,2023,WESR / Global Material Flows Database,2015,0.77247
2008,EN_MAT_DOMCMPG,231,MF3,KG_PER_CON_USD,2025-03-21T00:00:00,A,0,2023,WESR / Global Material Flows Database,2015,0.74181
2009,EN_MAT_DOMCMPG,231,MF3,KG_PER_CON_USD,2025-03-21T00:00:00,A,0,2023,WESR / Global Material Flows Database,2015,0.85896
2010,EN_MAT_DOMCMPG,231,MF3,KG_PER_CON_USD,2025-03-21T00:00:00,A,0,2023,WESR / Global Material Flows Database,2015,0.61949
2011,EN_MAT_DOMCMPG,231,MF3,KG_PER_CON_USD,2025-03-21T00:00:00,A,0,2023,WESR / Global Material Flows Database,2015,0.65381
2012,EN_MAT_DOMCMPG,231,MF3,KG_PER_CON_USD,2025-03-21T00:00:00,A,0,2023,WESR / Global Material Flows Database,2015,0.77857
2013,EN_MAT_DOMCMPG,231,MF3,KG_PER_CON_USD,2025-03-21T00:00:00,A,0,2023,WESR / Global Material Flows Database,2015,0.58273
2014,EN_MAT_DOMCMPG,231,MF3,KG_PER_CON_USD,2025-03-21T00:00:00,A,0,2023,WESR / Global Material Flows Database,2015,0.31177
2015,EN_MAT_DOMCMPG,231,MF3,KG_PER_CON_USD,2025-03-21T00:00:00,A,0,2023,WESR / Global Material Flows Database,2015,0.6897
2016,EN_MAT_DOMCMPG,231,MF3,KG_PER_CON_USD,2025-03-21T00:00:00,A,0,2023,WESR / Global Material Flows Database,2015,0.85347
2017,EN_MAT_DOMCMPG,231,MF3,KG_PER_CON_USD,2025-03-21T00:00:00,A,0,2023,WESR / Global Material Flows Database,2015,0.85401
2018,EN_MAT_DOMCMPG,231,MF3,KG_PER_CON_USD,2025-03-21T00:00:00,A,0,2023,WESR / Global Material Flows Database,2015,0.83154
2019,EN_MAT_DOMCMPG,231,MF3,KG_PER_CON_USD,2025-03-21T00:00:00,A,0,2023,WESR / Global Material Flows Database,2015,0.77574
2020,EN_MAT_DOMCMPG,231,MF3,KG_PER_CON_USD,2025-03-21T00:00:00,A,0,2023,WESR / Global Material Flows Database,2015,0.73916
2021,EN_MAT_DOMCMPG,231,MF3,KG_PER_CON_USD,2025-03-21T00:00:00,A,0,2023,WESR / Global Material Flows Database,2015,0.72898
2022,EN_MAT_DOMCMPG,231,MF3,KG_PER_CON_USD,2025-03-21T00:00:00,A,0,2023,WESR / Global Material Flows Database,2015,0.71015
2023,EN_MAT_DOMCMPG,231,MF3,KG_PER_CON_USD,2025-03-21T00:00:00,A,0,2023,WESR / Global Material Flows Database,2015,0.69916
2000,EN_MAT_DOMCMPG,231,MF4,KG_PER_CON_USD,2025-03-21T00:00:00,A,0,2023,WESR / Global Material Flows Database,2015,0.0
2001,EN_MAT_DOMCMPG,231,MF4,KG_PER_CON_USD,2025-03-21T00:00:00,A,0,2023,WESR / Global Material Flows Database,2015,0.0
2002,EN_MAT_DOMCMPG,231,MF4,KG_PER_CON_USD,2025-03-21T00:00:00,A,0,2023,WESR / Global Material Flows Database,2015,0.0
2003,EN_MAT_DOMCMPG,231,MF4,KG_PER_CON_USD,2025-03-21T00:00:00,A,0,2023,WESR / Global Material Flows Database,2015,0.0
2004,EN_MAT_DOMCMPG,231,MF4,KG_PER_CON_USD,2025-03-21T00:00:00,A,0,2023,WESR / Global Material Flows Database,2015,0.0
2005,EN_MAT_DOMCMPG,231,MF4,KG_PER_CON_USD,2025-03-21T00:00:00,A,0,2023,WESR / Global Material Flows Database,2015,0.0
2006,EN_MAT_DOMCMPG,231,MF4,KG_PER_CON_USD,2025-03-21T00:00:00,A,0,2023,WESR / Global Material Flows Database,2015,0.0
2007,EN_MAT_DOMCMPG,231,MF4,KG_PER_CON_USD,2025-03-21T00:00:00,A,0,2023,WESR / Global Material Flows Database,2015,0.0
2008,EN_MAT_DOMCMPG,231,MF4,KG_PER_CON_USD,2025-03-21T00:00:00,A,0,2023,WESR / Global Material Flows Database,2015,0.00048
2009,EN_MAT_DOMCMPG,231,MF4,KG_PER_CON_USD,2025-03-21T00:00:00,A,0,2023,WESR / Global Material Flows Database,2015,0.00127
2010,EN_MAT_DOMCMPG,231,MF4,KG_PER_CON_USD,2025-03-21T00:00:00,A,0,2023,WESR / Global Material Flows Database,2015,0.0016
2011,EN_MAT_DOMCMPG,231,MF4,KG_PER_CON_USD,2025-03-21T00:00:00,A,0,2023,WESR / Global Material Flows Database,2015,0.00376
2012,EN_MAT_DOMCMPG,231,MF4,KG_PER_CON_USD,2025-03-21T00:00:00,A,0,2023,WESR / Global Material Flows Database,2015,0.00478
2013,EN_MAT_DOMCMPG,231,MF4,KG_PER_CON_USD,2025-03-21T00:00:00,A,0,2023,WESR / Global Material Flows Database,2015,0.00562
2014,EN_MAT_DOMCMPG,231,MF4,KG_PER_CON_USD,2025-03-21T00:00:00,A,0,2023,WESR / Global Material Flows Database,2015,0.00709
2015,EN_MAT_DOMCMPG,231,MF4,KG_PER_CON_USD,2025-03-21T00:00:00,A,0,2023,WESR / Global Material Flows Database,2015,0.00652
2016,EN_MAT_DOMCMPG,231,MF4,KG_PER_CON_USD,2025-03-21T00:00:00,A,0,2023,WESR / Global Material Flows Database,2015,0.00778
2017,EN_MAT_DOMCMPG,231,MF4,KG_PER_CON_USD,2025-03-21T00:00:00,A,0,2023,WESR / Global Material Flows Database,2015,0.00783
2018,EN_MAT_DOMCMPG,231,MF4,KG_PER_CON_USD,2025-03-21T00:00:00,A,0,2023,WESR / Global Material Flows Database,2015,0.00529
2019,EN_MAT_DOMCMPG,231,MF4,KG_PER_CON_USD,2025-03-21T00:00:00,A,0,2023,WESR / Global Material Flows Database,2015,0.00529
2020,EN_MAT_DOMCMPG,231,MF4,KG_PER_CON_USD,2025-03-21T00:00:00,A,0,2023,WESR / Global Material Flows Database,2015,0.00847
2021,EN_MAT_DOMCMPG,231,MF4,KG_PER_CON_USD,2025-03-21T00:00:00,A,0,2023,WESR / Global Material Flows Database,2015,0.00821
2022,EN_MAT_DOMCMPG,231,MF4,KG_PER_CON_USD,2025-03-21T00:00:00,A,0,2023,WESR / Global Material Flows Database,2015,0.00787
2023,EN_MAT_DOMCMPG,231,MF4,KG_PER_CON_USD,2025-03-21T00:00:00,A,0,2023,WESR / Global Material Flows Database,2015,0.00758
2000,EN_MAT_DOMCMPG,231,MF41,KG_PER_CON_USD,2025-03-21T00:00:00,A,0,2023,WESR / Global Material Flows Database,2015,0.0
2001,EN_MAT_DOMCMPG,231,MF41,KG_PER_CON_USD,2025-03-21T00:00:00,A,0,2023,WESR / Global Material Flows Database,2015,0.0
2002,EN_MAT_DOMCMPG,231,MF41,KG_PER_CON_USD,2025-03-21T00:00:00,A,0,2023,WESR / Global Material Flows Database,2015,0.0
2003,EN_MAT_DOMCMPG,231,MF41,KG_PER_CON_USD,2025-03-21T00:00:00,A,0,2023,WESR / Global Material Flows Database,2015,0.0
2004,EN_MAT_DOMCMPG,231,MF41,KG_PER_CON_USD,2025-03-21T00:00:00,A,0,2023,WESR / Global Material Flows Database,2015,0.0
2005,EN_MAT_DOMCMPG,231,MF41,KG_PER_CON_USD,2025-03-21T00:00:00,A,0,2023,WESR / Global Material Flows Database,2015,0.0
2006,EN_MAT_DOMCMPG,231,MF41,KG_PER_CON_USD,2025-03-21T00:00:00,A,0,2023,WESR / Global Material Flows Database,2015,0.0
2007,EN_MAT_DOMCMPG,231,MF41,KG_PER_CON_USD,2025-03-21T00:00:00,A,0,2023,WESR / Global Material Flows Database,2015,0.0
2008,EN_MAT_DOMCMPG,231,MF41,KG_PER_CON_USD,2025-03-21T00:00:00,A,0,2023,WESR / Global Material Flows Database,2015,0.00048
2009,EN_MAT_DOMCMPG,231,MF41,KG_PER_CON_USD,2025-03-21T00:00:00,A,0,2023,WESR / Global Material Flows Database,2015,0.00127
2010,EN_MAT_DOMCMPG,231,MF41,KG_PER_CON_USD,2025-03-21T00:00:00,A,0,2023,WESR / Global Material Flows Database,2015,0.0016
2011,EN_MAT_DOMCMPG,231,MF41,KG_PER_CON_USD,2025-03-21T00:00:00,A,0,2023,WESR / Global Material Flows Database,2015,0.00376
2012,EN_MAT_DOMCMPG,231,MF41,KG_PER_CON_USD,2025-03-21T00:00:00,A,0,2023,WESR / Global Material Flows Database,2015,0.00478
2013,EN_MAT_DOMCMPG,231,MF41,KG_PER_CON_USD,2025-03-21T00:00:00,A,0,2023,WESR / Global Material Flows Database,2015,0.00562
2014,EN_MAT_DOMCMPG,231,MF41,KG_PER_CON_USD,2025-03-21T00:00:00,A,0,2023,WESR / Global Material Flows Database,2015,0.00709
2015,EN_MAT_DOMCMPG,231,MF41,KG_PER_CON_USD,2025-03-21T00:00:00,A,0,2023,WESR / Global Material Flows Database,2015,0.00652
2016,EN_MAT_DOMCMPG,231,MF41,KG_PER_CON_USD,2025-03-21T00:00:00,A,0,2023,WESR / Global Material Flows Database,2015,0.00778
2017,EN_MAT_DOMCMPG,231,MF41,KG_PER_CON_USD,2025-03-21T00:00:00,A,0,2023,WESR / Global Material Flows Database,2015,0.00783
2018,EN_MAT_DOMCMPG,231,MF41,KG_PER_CON_USD,2025-03-21T00:00:00,A,0,2023,WESR / Global Material Flows Database,2015,0.00529
2019,EN_MAT_DOMCMPG,231,MF41,KG_PER_CON_USD,2025-03-21T00:00:00,A,0,2023,WESR / Global Material Flows Database,2015,0.00529
2020,EN_MAT_DOMCMPG,231,MF41,KG_PER_CON_USD,2025-03-21T00:00:00,A,0,2023,WESR / Global Material Flows Database,2015,0.00847
2021,EN_MAT_DOMCMPG,231,MF41,KG_PER_CON_USD,2025-03-21T00:00:00,A,0,2023,WESR / Global Material Flows Database,2015,0.00821
2022,EN_MAT_DOMCMPG,231,MF41,KG_PER_CON_USD,2025-03-21T00:00:00,A,0,2023,WESR / Global Material Flows Database,2015,0.00787
2023,EN_MAT_DOMCMPG,231,MF41,KG_PER_CON_USD,2025-03-21T00:00:00,A,0,2023,WESR / Global Material Flows Database,2015,0.00758
2000,EN_MAT_DOMCMPT,231,None,T,2025-05-21T00:00:00,A,0,2023,WESR / Global Material Flows Database,,194168828.88882
2001,EN_MAT_DOMCMPT,231,None,T,2025-05-21T00:00:00,A,0,2023,WESR / Global Material Flows Database,,209097644.8569
2002,EN_MAT_DOMCMPT,231,None,T,2025-05-21T00:00:00,A,0,2023,WESR / Global Material Flows Database,,219768028.18815
2003,EN_MAT_DOMCMPT,231,None,T,2025-05-21T00:00:00,A,0,2023,WESR / Global Material Flows Database,,225163614.66537
2004,EN_MAT_DOMCMPT,231,None,T,2025-05-21T00:00:00,A,0,2023,WESR / Global Material Flows Database,,231350972.79612
2005,EN_MAT_DOMCMPT,231,None,T,2025-05-21T00:00:00,A,0,2023,WESR / Global Material Flows Database,,252795561.97851
2006,EN_MAT_DOMCMPT,231,None,T,2025-05-21T00:00:00,A,0,2023,WESR / Global Material Flows Database,,261977083.29119
2007,EN_MAT_DOMCMPT,231,None,T,2025-05-21T00:00:00,A,0,2023,WESR / Global Material Flows Database,,283370698.9324
2008,EN_MAT_DOMCMPT,231,None,T,2025-05-21T00:00:00,A,0,2023,WESR / Global Material Flows Database,,293302134.89692
2009,EN_MAT_DOMCMPT,231,None,T,2025-05-21T00:00:00,A,0,2023,WESR / Global Material Flows Database,,315362442.45974
2010,EN_MAT_DOMCMPT,231,None,T,2025-05-21T00:00:00,A,0,2023,WESR / Global Material Flows Database,,326540914.74158
2011,EN_MAT_DOMCMPT,231,None,T,2025-05-21T00:00:00,A,0,2023,WESR / Global Material Flows Database,,334117910.45963
2012,EN_MAT_DOMCMPT,231,None,T,2025-05-21T00:00:00,A,0,2023,WESR / Global Material Flows Database,,354991247.29815
2013,EN_MAT_DOMCMPT,231,None,T,2025-05-21T00:00:00,A,0,2023,WESR / Global Material Flows Database,,364092800.90231
2014,EN_MAT_DOMCMPT,231,None,T,2025-05-21T00:00:00,A,0,2023,WESR / Global Material Flows Database,,369326692.26778
2015,EN_MAT_DOMCMPT,231,None,T,2025-05-21T00:00:00,A,0,2023,WESR / Global Material Flows Database,,404612808.16225
2016,EN_MAT_DOMCMPT,231,None,T,2025-05-21T00:00:00,A,0,2023,WESR / Global Material Flows Database,,432513123.23334
2017,EN_MAT_DOMCMPT,231,None,T,2025-05-21T00:00:00,A,0,2023,WESR / Global Material Flows Database,,447888377.00552
2018,EN_MAT_DOMCMPT,231,None,T,2025-05-21T00:00:00,A,0,2023,WESR / Global Material Flows Database,,455845527.2828
2019,EN_MAT_DOMCMPT,231,None,T,2025-05-21T00:00:00,A,0,2023,WESR / Global Material Flows Database,,472119849.68691
2020,EN_MAT_DOMCMPT,231,None,T,2025-05-21T00:00:00,A,0,2023,WESR / Global Material Flows Database,,493198744.59937
2021,EN_MAT_DOMCMPT,231,None,T,2025-05-21T00:00:00,A,0,2023,WESR / Global Material Flows Database,,486443234.01451
2022,EN_MAT_DOMCMPT,231,None,T,2025-05-21T00:00:00,A,0,2023,WESR / Global Material Flows Database,,490562163.79851
2023,EN_MAT_DOMCMPT,231,None,T,2025-05-21T00:00:00,A,0,2023,WESR / Global Material Flows Database,,504596381.56082
2000,EN_MAT_DOMCMPT,231,MF_AGG3A,T,2025-05-21T00:00:00,A,0,2023,WESR / Global Material Flows Database,,7285583.464
2001,EN_MAT_DOMCMPT,231,MF_AGG3A,T,2025-05-21T00:00:00,A,0,2023,WESR / Global Material Flows Database,,7848600.179
2002,EN_MAT_DOMCMPT,231,MF_AGG3A,T,2025-05-21T00:00:00,A,0,2023,WESR / Global Material Flows Database,,7184479.54605
2003,EN_MAT_DOMCMPT,231,MF_AGG3A,T,2025-05-21T00:00:00,A,0,2023,WESR / Global Material Flows Database,,10769346.64085
2004,EN_MAT_DOMCMPT,231,MF_AGG3A,T,2025-05-21T00:00:00,A,0,2023,WESR / Global Material Flows Database,,12115774.14755
2005,EN_MAT_DOMCMPT,231,MF_AGG3A,T,2025-05-21T00:00:00,A,0,2023,WESR / Global Material Flows Database,,13281323.37285
2006,EN_MAT_DOMCMPT,231,MF_AGG3A,T,2025-05-21T00:00:00,A,0,2023,WESR / Global Material Flows Database,,15216660.00025
2007,EN_MAT_DOMCMPT,231,MF_AGG3A,T,2025-05-21T00:00:00,A,0,2023,WESR / Global Material Flows Database,,21276229.6849
2008,EN_MAT_DOMCMPT,231,MF_AGG3A,T,2025-05-21T00:00:00,A,0,2023,WESR / Global Material Flows Database,,22486771.6737
2009,EN_MAT_DOMCMPT,231,MF_AGG3A,T,2025-05-21T00:00:00,A,0,2023,WESR / Global Material Flows Database,,27915548.231
2010,EN_MAT_DOMCMPT,231,MF_AGG3A,T,2025-05-21T00:00:00,A,0,2023,WESR / Global Material Flows Database,,22176111.3127
2011,EN_MAT_DOMCMPT,231,MF_AGG3A,T,2025-05-21T00:00:00,A,0,2023,WESR / Global Material Flows Database,,26775210.2488
2012,EN_MAT_DOMCMPT,231,MF_AGG3A,T,2025-05-21T00:00:00,A,0,2023,WESR / Global Material Flows Database,,34700765.80346
2013,EN_MAT_DOMCMPT,231,MF_AGG3A,T,2025-05-21T00:00:00,A,0,2023,WESR / Global Material Flows Database,,28613677.07642
2014,EN_MAT_DOMCMPT,231,MF_AGG3A,T,2025-05-21T00:00:00,A,0,2023,WESR / Global Material Flows Database,,16008460.53369
2015,EN_MAT_DOMCMPT,231,MF_AGG3A,T,2025-05-21T00:00:00,A,0,2023,WESR / Global Material Flows Database,,41866794.89307
2016,EN_MAT_DOMCMPT,231,MF_AGG3A,T,2025-05-21T00:00:00,A,0,2023,WESR / Global Material Flows Database,,55982265.62567
2017,EN_MAT_DOMCMPT,231,MF_AGG3A,T,2025-05-21T00:00:00,A,0,2023,WESR / Global Material Flows Database,,61615394.48271
2018,EN_MAT_DOMCMPT,231,MF_AGG3A,T,2025-05-21T00:00:00,A,0,2023,WESR / Global Material Flows Database,,63865089.98226
2019,EN_MAT_DOMCMPT,231,MF_AGG3A,T,2025-05-21T00:00:00,A,0,2023,WESR / Global Material Flows Database,,64547205.59089
2020,EN_MAT_DOMCMPT,231,MF_AGG3A,T,2025-05-21T00:00:00,A,0,2023,WESR / Global Material Flows Database,,65814861.89425
2021,EN_MAT_DOMCMPT,231,MF_AGG3A,T,2025-05-21T00:00:00,A,0,2023,WESR / Global Material Flows Database,,68612840.12201
2022,EN_MAT_DOMCMPT,231,MF_AGG3A,T,2025-05-21T00:00:00,A,0,2023,WESR / Global Material Flows Database,,70414999.63082
2023,EN_MAT_DOMCMPT,231,MF_AGG3A,T,2025-05-21T00:00:00,A,0,2023,WESR / Global Material Flows Database,,73950256.11609
2000,EN_MAT_DOMCMPT,231,MF_AGG3B,T,2025-05-21T00:00:00,A,0,2023,WESR / Global Material Flows Database,,474609.44
2001,EN_MAT_DOMCMPT,231,MF_AGG3B,T,2025-05-21T00:00:00,A,0,2023,WESR / Global Material Flows Database,,637303.626
2002,EN_MAT_DOMCMPT,231,MF_AGG3B,T,2025-05-21T00:00:00,A,0,2023,WESR / Global Material Flows Database,,802546.513
2003,EN_MAT_DOMCMPT,231,MF_AGG3B,T,2025-05-21T00:00:00,A,0,2023,WESR / Global Material Flows Database,,792565.039
2004,EN_MAT_DOMCMPT,231,MF_AGG3B,T,2025-05-21T00:00:00,A,0,2023,WESR / Global Material Flows Database,,859340.709
2005,EN_MAT_DOMCMPT,231,MF_AGG3B,T,2025-05-21T00:00:00,A,0,2023,WESR / Global Material Flows Database,,1074468.171
2006,EN_MAT_DOMCMPT,231,MF_AGG3B,T,2025-05-21T00:00:00,A,0,2023,WESR / Global Material Flows Database,,736222.402
2007,EN_MAT_DOMCMPT,231,MF_AGG3B,T,2025-05-21T00:00:00,A,0,2023,WESR / Global Material Flows Database,,428599.573
2008,EN_MAT_DOMCMPT,231,MF_AGG3B,T,2025-05-21T00:00:00,A,0,2023,WESR / Global Material Flows Database,,605084.389
2009,EN_MAT_DOMCMPT,231,MF_AGG3B,T,2025-05-21T00:00:00,A,0,2023,WESR / Global Material Flows Database,,1176826.939
2010,EN_MAT_DOMCMPT,231,MF_AGG3B,T,2025-05-21T00:00:00,A,0,2023,WESR / Global Material Flows Database,,1438877.933
2011,EN_MAT_DOMCMPT,231,MF_AGG3B,T,2025-05-21T00:00:00,A,0,2023,WESR / Global Material Flows Database,,1426934.175
2012,EN_MAT_DOMCMPT,231,MF_AGG3B,T,2025-05-21T00:00:00,A,0,2023,WESR / Global Material Flows Database,,1787109.775
2013,EN_MAT_DOMCMPT,231,MF_AGG3B,T,2025-05-21T00:00:00,A,0,2023,WESR / Global Material Flows Database,,1586191.666
2014,EN_MAT_DOMCMPT,231,MF_AGG3B,T,2025-05-21T00:00:00,A,0,2023,WESR / Global Material Flows Database,,1807302.251
2015,EN_MAT_DOMCMPT,231,MF_AGG3B,T,2025-05-21T00:00:00,A,0,2023,WESR / Global Material Flows Database,,1638529.993
2016,EN_MAT_DOMCMPT,231,MF_AGG3B,T,2025-05-21T00:00:00,A,0,2023,WESR / Global Material Flows Database,,1924138.147
2017,EN_MAT_DOMCMPT,231,MF_AGG3B,T,2025-05-21T00:00:00,A,0,2023,WESR / Global Material Flows Database,,1869879.988
2018,EN_MAT_DOMCMPT,231,MF_AGG3B,T,2025-05-21T00:00:00,A,0,2023,WESR / Global Material Flows Database,,2162696.13117
2019,EN_MAT_DOMCMPT,231,MF_AGG3B,T,2025-05-21T00:00:00,A,0,2023,WESR / Global Material Flows Database,,2202271.29052
2020,EN_MAT_DOMCMPT,231,MF_AGG3B,T,2025-05-21T00:00:00,A,0,2023,WESR / Global Material Flows Database,,1641414.12896
2021,EN_MAT_DOMCMPT,231,MF_AGG3B,T,2025-05-21T00:00:00,A,0,2023,WESR / Global Material Flows Database,,1666804.14153
2022,EN_MAT_DOMCMPT,231,MF_AGG3B,T,2025-05-21T00:00:00,A,0,2023,WESR / Global Material Flows Database,,1692824.46101
2023,EN_MAT_DOMCMPT,231,MF_AGG3B,T,2025-05-21T00:00:00,A,0,2023,WESR / Global Material Flows Database,,1723110.72458
2000,EN_MAT_DOMCMPT,231,MF1,T,2025-05-21T00:00:00,A,0,2023,WESR / Global Material Flows Database,,183346621.891
2001,EN_MAT_DOMCMPT,231,MF1,T,2025-05-21T00:00:00,A,0,2023,WESR / Global Material Flows Database,,196640616.4794
2002,EN_MAT_DOMCMPT,231,MF1,T,2025-05-21T00:00:00,A,0,2023,WESR / Global Material Flows Database,,207946887.2663
2003,EN_MAT_DOMCMPT,231,MF1,T,2025-05-21T00:00:00,A,0,2023,WESR / Global Material Flows Database,,210378569.6112
2004,EN_MAT_DOMCMPT,231,MF1,T,2025-05-21T00:00:00,A,0,2023,WESR / Global Material Flows Database,,214025290.249
2005,EN_MAT_DOMCMPT,231,MF1,T,2025-05-21T00:00:00,A,0,2023,WESR / Global Material Flows Database,,230962916.3906
2006,EN_MAT_DOMCMPT,231,MF1,T,2025-05-21T00:00:00,A,0,2023,WESR / Global Material Flows Database,,240031802.0566
2007,EN_MAT_DOMCMPT,231,MF1,T,2025-05-21T00:00:00,A,0,2023,WESR / Global Material Flows Database,,254930390.2392
2008,EN_MAT_DOMCMPT,231,MF1,T,2025-05-21T00:00:00,A,0,2023,WESR / Global Material Flows Database,,262213893.2805
2009,EN_MAT_DOMCMPT,231,MF1,T,2025-05-21T00:00:00,A,0,2023,WESR / Global Material Flows Database,,277653849.1502
2010,EN_MAT_DOMCMPT,231,MF1,T,2025-05-21T00:00:00,A,0,2023,WESR / Global Material Flows Database,,294804560.3474
2011,EN_MAT_DOMCMPT,231,MF1,T,2025-05-21T00:00:00,A,0,2023,WESR / Global Material Flows Database,,296843621.8593
2012,EN_MAT_DOMCMPT,231,MF1,T,2025-05-21T00:00:00,A,0,2023,WESR / Global Material Flows Database,,307606320.7584
2013,EN_MAT_DOMCMPT,231,MF1,T,2025-05-21T00:00:00,A,0,2023,WESR / Global Material Flows Database,,323441127.6857
2014,EN_MAT_DOMCMPT,231,MF1,T,2025-05-21T00:00:00,A,0,2023,WESR / Global Material Flows Database,,338867198.3184
2015,EN_MAT_DOMCMPT,231,MF1,T,2025-05-21T00:00:00,A,0,2023,WESR / Global Material Flows Database,,348824560.1301
2016,EN_MAT_DOMCMPT,231,MF1,T,2025-05-21T00:00:00,A,0,2023,WESR / Global Material Flows Database,,359821514.191
2017,EN_MAT_DOMCMPT,231,MF1,T,2025-05-21T00:00:00,A,0,2023,WESR / Global Material Flows Database,,371487849.3734
2018,EN_MAT_DOMCMPT,231,MF1,T,2025-05-21T00:00:00,A,0,2023,WESR / Global Material Flows Database,,377854070.2477
2019,EN_MAT_DOMCMPT,231,MF1,T,2025-05-21T00:00:00,A,0,2023,WESR / Global Material Flows Database,,396804861.0854
2020,EN_MAT_DOMCMPT,231,MF1,T,2025-05-21T00:00:00,A,0,2023,WESR / Global Material Flows Database,,416165723.12301
2021,EN_MAT_DOMCMPT,231,MF1,T,2025-05-21T00:00:00,A,0,2023,WESR / Global Material Flows Database,,406359825.31903
2022,EN_MAT_DOMCMPT,231,MF1,T,2025-05-21T00:00:00,A,0,2023,WESR / Global Material Flows Database,,408499761.20685
2023,EN_MAT_DOMCMPT,231,MF1,T,2025-05-21T00:00:00,A,0,2023,WESR / Global Material Flows Database,,418780744.96163
2000,EN_MAT_DOMCMPT,231,MF11,T,2025-05-21T00:00:00,A,0,2023,WESR / Global Material Flows Database,,16004975.78
2001,EN_MAT_DOMCMPT,231,MF11,T,2025-05-21T00:00:00,A,0,2023,WESR / Global Material Flows Database,,17756080.32
2002,EN_MAT_DOMCMPT,231,MF11,T,2025-05-21T00:00:00,A,0,2023,WESR / Global Material Flows Database,,16428744.93
2003,EN_MAT_DOMCMPT,231,MF11,T,2025-05-21T00:00:00,A,0,2023,WESR / Global Material Flows Database,,18683351.83
2004,EN_MAT_DOMCMPT,231,MF11,T,2025-05-21T00:00:00,A,0,2023,WESR / Global Material Flows Database,,18497334.88
2005,EN_MAT_DOMCMPT,231,MF11,T,2025-05-21T00:00:00,A,0,2023,WESR / Global Material Flows Database,,22031929.95
2006,EN_MAT_DOMCMPT,231,MF11,T,2025-05-21T00:00:00,A,0,2023,WESR / Global Material Flows Database,,21948370.19
2007,EN_MAT_DOMCMPT,231,MF11,T,2025-05-21T00:00:00,A,0,2023,WESR / Global Material Flows Database,,22399773.34
2008,EN_MAT_DOMCMPT,231,MF11,T,2025-05-21T00:00:00,A,0,2023,WESR / Global Material Flows Database,,22428738.92
2009,EN_MAT_DOMCMPT,231,MF11,T,2025-05-21T00:00:00,A,0,2023,WESR / Global Material Flows Database,,26420928.73
2010,EN_MAT_DOMCMPT,231,MF11,T,2025-05-21T00:00:00,A,0,2023,WESR / Global Material Flows Database,,29279497.53
2011,EN_MAT_DOMCMPT,231,MF11,T,2025-05-21T00:00:00,A,0,2023,WESR / Global Material Flows Database,,30514491.3
2012,EN_MAT_DOMCMPT,231,MF11,T,2025-05-21T00:00:00,A,0,2023,WESR / Global Material Flows Database,,32633323.74
2013,EN_MAT_DOMCMPT,231,MF11,T,2025-05-21T00:00:00,A,0,2023,WESR / Global Material Flows Database,,36497559.81
2014,EN_MAT_DOMCMPT,231,MF11,T,2025-05-21T00:00:00,A,0,2023,WESR / Global Material Flows Database,,39076800.9
2015,EN_MAT_DOMCMPT,231,MF11,T,2025-05-21T00:00:00,A,0,2023,WESR / Global Material Flows Database,,40908073.49
2016,EN_MAT_DOMCMPT,231,MF11,T,2025-05-21T00:00:00,A,0,2023,WESR / Global Material Flows Database,,43439507.06
2017,EN_MAT_DOMCMPT,231,MF11,T,2025-05-21T00:00:00,A,0,2023,WESR / Global Material Flows Database,,43975138.54
2018,EN_MAT_DOMCMPT,231,MF11,T,2025-05-21T00:00:00,A,0,2023,WESR / Global Material Flows Database,,44379493.85
2019,EN_MAT_DOMCMPT,231,MF11,T,2025-05-21T00:00:00,A,0,2023,WESR / Global Material Flows Database,,45131152.09
2020,EN_MAT_DOMCMPT,231,MF11,T,2025-05-21T00:00:00,A,0,2023,WESR / Global Material Flows Database,,49197763.78
2021,EN_MAT_DOMCMPT,231,MF11,T,2025-05-21T00:00:00,A,0,2023,WESR / Global Material Flows Database,,50078500.82
2022,EN_MAT_DOMCMPT,231,MF11,T,2025-05-21T00:00:00,A,0,2023,WESR / Global Material Flows Database,,50662464.71754
2023,EN_MAT_DOMCMPT,231,MF11,T,2025-05-21T00:00:00,A,0,2023,WESR / Global Material Flows Database,,52266095.1805
2000,EN_MAT_DOMCMPT,231,MF121,T,2025-05-21T00:00:00,A,0,2023,WESR / Global Material Flows Database,,24547017.231
2001,EN_MAT_DOMCMPT,231,MF121,T,2025-05-21T00:00:00,A,0,2023,WESR / Global Material Flows Database,,29057656.4794
2002,EN_MAT_DOMCMPT,231,MF121,T,2025-05-21T00:00:00,A,0,2023,WESR / Global Material Flows Database,,27236792.8163
2003,EN_MAT_DOMCMPT,231,MF121,T,2025-05-21T00:00:00,A,0,2023,WESR / Global Material Flows Database,,28886538.0212
2004,EN_MAT_DOMCMPT,231,MF121,T,2025-05-21T00:00:00,A,0,2023,WESR / Global Material Flows Database,,30427425.969
2005,EN_MAT_DOMCMPT,231,MF121,T,2025-05-21T00:00:00,A,0,2023,WESR / Global Material Flows Database,,37456753.4806
2006,EN_MAT_DOMCMPT,231,MF121,T,2025-05-21T00:00:00,A,0,2023,WESR / Global Material Flows Database,,38116305.8666
2007,EN_MAT_DOMCMPT,231,MF121,T,2025-05-21T00:00:00,A,0,2023,WESR / Global Material Flows Database,,39298941.9792
2008,EN_MAT_DOMCMPT,231,MF121,T,2025-05-21T00:00:00,A,0,2023,WESR / Global Material Flows Database,,40615441.1205
2009,EN_MAT_DOMCMPT,231,MF121,T,2025-05-21T00:00:00,A,0,2023,WESR / Global Material Flows Database,,46844251.3402
2010,EN_MAT_DOMCMPT,231,MF121,T,2025-05-21T00:00:00,A,0,2023,WESR / Global Material Flows Database,,53160402.6974
2011,EN_MAT_DOMCMPT,231,MF121,T,2025-05-21T00:00:00,A,0,2023,WESR / Global Material Flows Database,,56207472.7593
2012,EN_MAT_DOMCMPT,231,MF121,T,2025-05-21T00:00:00,A,0,2023,WESR / Global Material Flows Database,,59245228.6584
2013,EN_MAT_DOMCMPT,231,MF121,T,2025-05-21T00:00:00,A,0,2023,WESR / Global Material Flows Database,,65262740.9857
2014,EN_MAT_DOMCMPT,231,MF121,T,2025-05-21T00:00:00,A,0,2023,WESR / Global Material Flows Database,,71559303.2384
2015,EN_MAT_DOMCMPT,231,MF121,T,2025-05-21T00:00:00,A,0,2023,WESR / Global Material Flows Database,,75309363.2001
2016,EN_MAT_DOMCMPT,231,MF121,T,2025-05-21T00:00:00,A,0,2023,WESR / Global Material Flows Database,,77768556.171
2017,EN_MAT_DOMCMPT,231,MF121,T,2025-05-21T00:00:00,A,0,2023,WESR / Global Material Flows Database,,84342025.8634
2018,EN_MAT_DOMCMPT,231,MF121,T,2025-05-21T00:00:00,A,0,2023,WESR / Global Material Flows Database,,82758963.9977
2019,EN_MAT_DOMCMPT,231,MF121,T,2025-05-21T00:00:00,A,0,2023,WESR / Global Material Flows Database,,85631634.7263
2020,EN_MAT_DOMCMPT,231,MF121,T,2025-05-21T00:00:00,A,0,2023,WESR / Global Material Flows Database,,87685860.4341
2021,EN_MAT_DOMCMPT,231,MF121,T,2025-05-21T00:00:00,A,0,2023,WESR / Global Material Flows Database,,86892019.6703
2022,EN_MAT_DOMCMPT,231,MF121,T,2025-05-21T00:00:00,A,0,2023,WESR / Global Material Flows Database,,87879216.95834
2023,EN_MAT_DOMCMPT,231,MF121,T,2025-05-21T00:00:00,A,0,2023,WESR / Global Material Flows Database,,90287181.66185
2000,EN_MAT_DOMCMPT,231,MF122,T,2025-05-21T00:00:00,A,0,2023,WESR / Global Material Flows Database,,82553343.0
2001,EN_MAT_DOMCMPT,231,MF122,T,2025-05-21T00:00:00,A,0,2023,WESR / Global Material Flows Database,,88683083.0
2002,EN_MAT_DOMCMPT,231,MF122,T,2025-05-21T00:00:00,A,0,2023,WESR / Global Material Flows Database,,102235426.0
2003,EN_MAT_DOMCMPT,231,MF122,T,2025-05-21T00:00:00,A,0,2023,WESR / Global Material Flows Database,,99494983.0
2004,EN_MAT_DOMCMPT,231,MF122,T,2025-05-21T00:00:00,A,0,2023,WESR / Global Material Flows Database,,100814022.8
2005,EN_MAT_DOMCMPT,231,MF122,T,2025-05-21T00:00:00,A,0,2023,WESR / Global Material Flows Database,,106210708.2
2006,EN_MAT_DOMCMPT,231,MF122,T,2025-05-21T00:00:00,A,0,2023,WESR / Global Material Flows Database,,113866329.0
2007,EN_MAT_DOMCMPT,231,MF122,T,2025-05-21T00:00:00,A,0,2023,WESR / Global Material Flows Database,,126184958.0
2008,EN_MAT_DOMCMPT,231,MF122,T,2025-05-21T00:00:00,A,0,2023,WESR / Global Material Flows Database,,131191257.8
2009,EN_MAT_DOMCMPT,231,MF122,T,2025-05-21T00:00:00,A,0,2023,WESR / Global Material Flows Database,,135503991.2
2010,EN_MAT_DOMCMPT,231,MF122,T,2025-05-21T00:00:00,A,0,2023,WESR / Global Material Flows Database,,142515295.2
2011,EN_MAT_DOMCMPT,231,MF122,T,2025-05-21T00:00:00,A,0,2023,WESR / Global Material Flows Database,,139385168.2
2012,EN_MAT_DOMCMPT,231,MF122,T,2025-05-21T00:00:00,A,0,2023,WESR / Global Material Flows Database,,144089903.2
2013,EN_MAT_DOMCMPT,231,MF122,T,2025-05-21T00:00:00,A,0,2023,WESR / Global Material Flows Database,,149048003.1
2014,EN_MAT_DOMCMPT,231,MF122,T,2025-05-21T00:00:00,A,0,2023,WESR / Global Material Flows Database,,154629092.3
2015,EN_MAT_DOMCMPT,231,MF122,T,2025-05-21T00:00:00,A,0,2023,WESR / Global Material Flows Database,,158086928.6
2016,EN_MAT_DOMCMPT,231,MF122,T,2025-05-21T00:00:00,A,0,2023,WESR / Global Material Flows Database,,163273650.0
2017,EN_MAT_DOMCMPT,231,MF122,T,2025-05-21T00:00:00,A,0,2023,WESR / Global Material Flows Database,,167027865.8
2018,EN_MAT_DOMCMPT,231,MF122,T,2025-05-21T00:00:00,A,0,2023,WESR / Global Material Flows Database,,173737619.7
2019,EN_MAT_DOMCMPT,231,MF122,T,2025-05-21T00:00:00,A,0,2023,WESR / Global Material Flows Database,,188201993.8
2020,EN_MAT_DOMCMPT,231,MF122,T,2025-05-21T00:00:00,A,0,2023,WESR / Global Material Flows Database,,200598060.0
2021,EN_MAT_DOMCMPT,231,MF122,T,2025-05-21T00:00:00,A,0,2023,WESR / Global Material Flows Database,,189878686.69544
2022,EN_MAT_DOMCMPT,231,MF122,T,2025-05-21T00:00:00,A,0,2023,WESR / Global Material Flows Database,,193372490.7224
2023,EN_MAT_DOMCMPT,231,MF122,T,2025-05-21T00:00:00,A,0,2023,WESR / Global Material Flows Database,,201364091.68724
2000,EN_MAT_DOMCMPT,231,MF13,T,2025-05-21T00:00:00,A,0,2023,WESR / Global Material Flows Database,,60225549.88
2001,EN_MAT_DOMCMPT,231,MF13,T,2025-05-21T00:00:00,A,0,2023,WESR / Global Material Flows Database,,61128368.68
2002,EN_MAT_DOMCMPT,231,MF13,T,2025-05-21T00:00:00,A,0,2023,WESR / Global Material Flows Database,,62033398.52
2003,EN_MAT_DOMCMPT,231,MF13,T,2025-05-21T00:00:00,A,0,2023,WESR / Global Material Flows Database,,63303579.76
2004,EN_MAT_DOMCMPT,231,MF13,T,2025-05-21T00:00:00,A,0,2023,WESR / Global Material Flows Database,,64276015.6
2005,EN_MAT_DOMCMPT,231,MF13,T,2025-05-21T00:00:00,A,0,2023,WESR / Global Material Flows Database,,65253698.76
2006,EN_MAT_DOMCMPT,231,MF13,T,2025-05-21T00:00:00,A,0,2023,WESR / Global Material Flows Database,,66090286.0
2007,EN_MAT_DOMCMPT,231,MF13,T,2025-05-21T00:00:00,A,0,2023,WESR / Global Material Flows Database,,67033466.92
2008,EN_MAT_DOMCMPT,231,MF13,T,2025-05-21T00:00:00,A,0,2023,WESR / Global Material Flows Database,,67961464.44
2009,EN_MAT_DOMCMPT,231,MF13,T,2025-05-21T00:00:00,A,0,2023,WESR / Global Material Flows Database,,68868074.88
2010,EN_MAT_DOMCMPT,231,MF13,T,2025-05-21T00:00:00,A,0,2023,WESR / Global Material Flows Database,,69832103.92
2011,EN_MAT_DOMCMPT,231,MF13,T,2025-05-21T00:00:00,A,0,2023,WESR / Global Material Flows Database,,70713121.6
2012,EN_MAT_DOMCMPT,231,MF13,T,2025-05-21T00:00:00,A,0,2023,WESR / Global Material Flows Database,,71609366.16
2013,EN_MAT_DOMCMPT,231,MF13,T,2025-05-21T00:00:00,A,0,2023,WESR / Global Material Flows Database,,72594824.79
2014,EN_MAT_DOMCMPT,231,MF13,T,2025-05-21T00:00:00,A,0,2023,WESR / Global Material Flows Database,,73552465.88
2015,EN_MAT_DOMCMPT,231,MF13,T,2025-05-21T00:00:00,A,0,2023,WESR / Global Material Flows Database,,74475395.84
2016,EN_MAT_DOMCMPT,231,MF13,T,2025-05-21T00:00:00,A,0,2023,WESR / Global Material Flows Database,,75290101.96
2017,EN_MAT_DOMCMPT,231,MF13,T,2025-05-21T00:00:00,A,0,2023,WESR / Global Material Flows Database,,76087082.17
2018,EN_MAT_DOMCMPT,231,MF13,T,2025-05-21T00:00:00,A,0,2023,WESR / Global Material Flows Database,,76921030.7
2019,EN_MAT_DOMCMPT,231,MF13,T,2025-05-21T00:00:00,A,0,2023,WESR / Global Material Flows Database,,77781133.15
2020,EN_MAT_DOMCMPT,231,MF13,T,2025-05-21T00:00:00,A,0,2023,WESR / Global Material Flows Database,,78624521.62281
2021,EN_MAT_DOMCMPT,231,MF13,T,2025-05-21T00:00:00,A,0,2023,WESR / Global Material Flows Database,,79451101.64897
2022,EN_MAT_DOMCMPT,231,MF13,T,2025-05-21T00:00:00,A,0,2023,WESR / Global Material Flows Database,,76526072.99678
2023,EN_MAT_DOMCMPT,231,MF13,T,2025-05-21T00:00:00,A,0,2023,WESR / Global Material Flows Database,,74803861.11059
2000,EN_MAT_DOMCMPT,231,MF14,T,2025-05-21T00:00:00,A,0,2023,WESR / Global Material Flows Database,,15736.0
2001,EN_MAT_DOMCMPT,231,MF14,T,2025-05-21T00:00:00,A,0,2023,WESR / Global Material Flows Database,,15428.0
2002,EN_MAT_DOMCMPT,231,MF14,T,2025-05-21T00:00:00,A,0,2023,WESR / Global Material Flows Database,,12525.0
2003,EN_MAT_DOMCMPT,231,MF14,T,2025-05-21T00:00:00,A,0,2023,WESR / Global Material Flows Database,,10117.0
2004,EN_MAT_DOMCMPT,231,MF14,T,2025-05-21T00:00:00,A,0,2023,WESR / Global Material Flows Database,,10491.0
2005,EN_MAT_DOMCMPT,231,MF14,T,2025-05-21T00:00:00,A,0,2023,WESR / Global Material Flows Database,,9826.0
2006,EN_MAT_DOMCMPT,231,MF14,T,2025-05-21T00:00:00,A,0,2023,WESR / Global Material Flows Database,,10511.0
2007,EN_MAT_DOMCMPT,231,MF14,T,2025-05-21T00:00:00,A,0,2023,WESR / Global Material Flows Database,,13250.0
2008,EN_MAT_DOMCMPT,231,MF14,T,2025-05-21T00:00:00,A,0,2023,WESR / Global Material Flows Database,,16991.0
2009,EN_MAT_DOMCMPT,231,MF14,T,2025-05-21T00:00:00,A,0,2023,WESR / Global Material Flows Database,,16603.0
2010,EN_MAT_DOMCMPT,231,MF14,T,2025-05-21T00:00:00,A,0,2023,WESR / Global Material Flows Database,,17261.0
2011,EN_MAT_DOMCMPT,231,MF14,T,2025-05-21T00:00:00,A,0,2023,WESR / Global Material Flows Database,,23368.0
2012,EN_MAT_DOMCMPT,231,MF14,T,2025-05-21T00:00:00,A,0,2023,WESR / Global Material Flows Database,,28499.0
2013,EN_MAT_DOMCMPT,231,MF14,T,2025-05-21T00:00:00,A,0,2023,WESR / Global Material Flows Database,,37999.0
2014,EN_MAT_DOMCMPT,231,MF14,T,2025-05-21T00:00:00,A,0,2023,WESR / Global Material Flows Database,,49536.0
2015,EN_MAT_DOMCMPT,231,MF14,T,2025-05-21T00:00:00,A,0,2023,WESR / Global Material Flows Database,,44799.0
2016,EN_MAT_DOMCMPT,231,MF14,T,2025-05-21T00:00:00,A,0,2023,WESR / Global Material Flows Database,,49699.0
2017,EN_MAT_DOMCMPT,231,MF14,T,2025-05-21T00:00:00,A,0,2023,WESR / Global Material Flows Database,,55737.0
2018,EN_MAT_DOMCMPT,231,MF14,T,2025-05-21T00:00:00,A,0,2023,WESR / Global Material Flows Database,,56962.0
2019,EN_MAT_DOMCMPT,231,MF14,T,2025-05-21T00:00:00,A,0,2023,WESR / Global Material Flows Database,,58947.3191
2020,EN_MAT_DOMCMPT,231,MF14,T,2025-05-21T00:00:00,A,0,2023,WESR / Global Material Flows Database,,59517.2861
2021,EN_MAT_DOMCMPT,231,MF14,T,2025-05-21T00:00:00,A,0,2023,WESR / Global Material Flows Database,,59516.48433
2022,EN_MAT_DOMCMPT,231,MF14,T,2025-05-21T00:00:00,A,0,2023,WESR / Global Material Flows Database,,59515.81179
2023,EN_MAT_DOMCMPT,231,MF14,T,2025-05-21T00:00:00,A,0,2023,WESR / Global Material Flows Database,,59515.32145
2000,EN_MAT_DOMCMPT,231,MF2,T,2025-05-21T00:00:00,A,0,2023,WESR / Global Material Flows Database,,891865.91382
2001,EN_MAT_DOMCMPT,231,MF2,T,2025-05-21T00:00:00,A,0,2023,WESR / Global Material Flows Database,,1199691.0715
2002,EN_MAT_DOMCMPT,231,MF2,T,2025-05-21T00:00:00,A,0,2023,WESR / Global Material Flows Database,,1531023.0238
2003,EN_MAT_DOMCMPT,231,MF2,T,2025-05-21T00:00:00,A,0,2023,WESR / Global Material Flows Database,,1350055.00132
2004,EN_MAT_DOMCMPT,231,MF2,T,2025-05-21T00:00:00,A,0,2023,WESR / Global Material Flows Database,,1156227.54457
2005,EN_MAT_DOMCMPT,231,MF2,T,2025-05-21T00:00:00,A,0,2023,WESR / Global Material Flows Database,,2002742.76406
2006,EN_MAT_DOMCMPT,231,MF2,T,2025-05-21T00:00:00,A,0,2023,WESR / Global Material Flows Database,,1465530.05634
2007,EN_MAT_DOMCMPT,231,MF2,T,2025-05-21T00:00:00,A,0,2023,WESR / Global Material Flows Database,,1631604.1823
2008,EN_MAT_DOMCMPT,231,MF2,T,2025-05-21T00:00:00,A,0,2023,WESR / Global Material Flows Database,,1667942.43572
2009,EN_MAT_DOMCMPT,231,MF2,T,2025-05-21T00:00:00,A,0,2023,WESR / Global Material Flows Database,,1908958.24254
2010,EN_MAT_DOMCMPT,231,MF2,T,2025-05-21T00:00:00,A,0,2023,WESR / Global Material Flows Database,,2351258.10448
2011,EN_MAT_DOMCMPT,231,MF2,T,2025-05-21T00:00:00,A,0,2023,WESR / Global Material Flows Database,,3662684.86153
2012,EN_MAT_DOMCMPT,231,MF2,T,2025-05-21T00:00:00,A,0,2023,WESR / Global Material Flows Database,,4034219.14129
2013,EN_MAT_DOMCMPT,231,MF2,T,2025-05-21T00:00:00,A,0,2023,WESR / Global Material Flows Database,,3737531.0632
2014,EN_MAT_DOMCMPT,231,MF2,T,2025-05-21T00:00:00,A,0,2023,WESR / Global Material Flows Database,,3860125.39469
2015,EN_MAT_DOMCMPT,231,MF2,T,2025-05-21T00:00:00,A,0,2023,WESR / Global Material Flows Database,,4038138.32408
2016,EN_MAT_DOMCMPT,231,MF2,T,2025-05-21T00:00:00,A,0,2023,WESR / Global Material Flows Database,,4326771.77767
2017,EN_MAT_DOMCMPT,231,MF2,T,2025-05-21T00:00:00,A,0,2023,WESR / Global Material Flows Database,,3125121.69641
2018,EN_MAT_DOMCMPT,231,MF2,T,2025-05-21T00:00:00,A,0,2023,WESR / Global Material Flows Database,,2646618.32266
2019,EN_MAT_DOMCMPT,231,MF2,T,2025-05-21T00:00:00,A,0,2023,WESR / Global Material Flows Database,,2278777.05973
2020,EN_MAT_DOMCMPT,231,MF2,T,2025-05-21T00:00:00,A,0,2023,WESR / Global Material Flows Database,,3145974.70369
2021,EN_MAT_DOMCMPT,231,MF2,T,2025-05-21T00:00:00,A,0,2023,WESR / Global Material Flows Database,,3347311.65943
2022,EN_MAT_DOMCMPT,231,MF2,T,2025-05-21T00:00:00,A,0,2023,WESR / Global Material Flows Database,,3495409.68975
2023,EN_MAT_DOMCMPT,231,MF2,T,2025-05-21T00:00:00,A,0,2023,WESR / Global Material Flows Database,,3646757.22867
2000,EN_MAT_DOMCMPT,231,MF21,T,2025-05-21T00:00:00,A,0,2023,WESR / Global Material Flows Database,,163448.11
2001,EN_MAT_DOMCMPT,231,MF21,T,2025-05-21T00:00:00,A,0,2023,WESR / Global Material Flows Database,,255834.527
2002,EN_MAT_DOMCMPT,231,MF21,T,2025-05-21T00:00:00,A,0,2023,WESR / Global Material Flows Database,,273748.33
2003,EN_MAT_DOMCMPT,231,MF21,T,2025-05-21T00:00:00,A,0,2023,WESR / Global Material Flows Database,,399958.348
2004,EN_MAT_DOMCMPT,231,MF21,T,2025-05-21T00:00:00,A,0,2023,WESR / Global Material Flows Database,,321598.804
2005,EN_MAT_DOMCMPT,231,MF21,T,2025-05-21T00:00:00,A,0,2023,WESR / Global Material Flows Database,,1007474.609
2006,EN_MAT_DOMCMPT,231,MF21,T,2025-05-21T00:00:00,A,0,2023,WESR / Global Material Flows Database,,491267.384
2007,EN_MAT_DOMCMPT,231,MF21,T,2025-05-21T00:00:00,A,0,2023,WESR / Global Material Flows Database,,641870.17
2008,EN_MAT_DOMCMPT,231,MF21,T,2025-05-21T00:00:00,A,0,2023,WESR / Global Material Flows Database,,609316.372
2009,EN_MAT_DOMCMPT,231,MF21,T,2025-05-21T00:00:00,A,0,2023,WESR / Global Material Flows Database,,786519.307
2010,EN_MAT_DOMCMPT,231,MF21,T,2025-05-21T00:00:00,A,0,2023,WESR / Global Material Flows Database,,602733.961
2011,EN_MAT_DOMCMPT,231,MF21,T,2025-05-21T00:00:00,A,0,2023,WESR / Global Material Flows Database,,825934.302
2012,EN_MAT_DOMCMPT,231,MF21,T,2025-05-21T00:00:00,A,0,2023,WESR / Global Material Flows Database,,1039473.642
2013,EN_MAT_DOMCMPT,231,MF21,T,2025-05-21T00:00:00,A,0,2023,WESR / Global Material Flows Database,,1051477.661
2014,EN_MAT_DOMCMPT,231,MF21,T,2025-05-21T00:00:00,A,0,2023,WESR / Global Material Flows Database,,1323172.708
2015,EN_MAT_DOMCMPT,231,MF21,T,2025-05-21T00:00:00,A,0,2023,WESR / Global Material Flows Database,,1747228.723
2016,EN_MAT_DOMCMPT,231,MF21,T,2025-05-21T00:00:00,A,0,2023,WESR / Global Material Flows Database,,2039139.486
2017,EN_MAT_DOMCMPT,231,MF21,T,2025-05-21T00:00:00,A,0,2023,WESR / Global Material Flows Database,,1520975.985
2018,EN_MAT_DOMCMPT,231,MF21,T,2025-05-21T00:00:00,A,0,2023,WESR / Global Material Flows Database,,1323833.94485
2019,EN_MAT_DOMCMPT,231,MF21,T,2025-05-21T00:00:00,A,0,2023,WESR / Global Material Flows Database,,1393904.88244
2020,EN_MAT_DOMCMPT,231,MF21,T,2025-05-21T00:00:00,A,0,2023,WESR / Global Material Flows Database,,1386314.29327
2021,EN_MAT_DOMCMPT,231,MF21,T,2025-05-21T00:00:00,A,0,2023,WESR / Global Material Flows Database,,1382053.01519
2022,EN_MAT_DOMCMPT,231,MF21,T,2025-05-21T00:00:00,A,0,2023,WESR / Global Material Flows Database,,1378856.88214
2023,EN_MAT_DOMCMPT,231,MF21,T,2025-05-21T00:00:00,A,0,2023,WESR / Global Material Flows Database,,1374062.89195
2000,EN_MAT_DOMCMPT,231,MF22,T,2025-05-21T00:00:00,A,0,2023,WESR / Global Material Flows Database,,728417.80382
2001,EN_MAT_DOMCMPT,231,MF22,T,2025-05-21T00:00:00,A,0,2023,WESR / Global Material Flows Database,,943856.5445
2002,EN_MAT_DOMCMPT,231,MF22,T,2025-05-21T00:00:00,A,0,2023,WESR / Global Material Flows Database,,1257274.6938
2003,EN_MAT_DOMCMPT,231,MF22,T,2025-05-21T00:00:00,A,0,2023,WESR / Global Material Flows Database,,950096.65332
2004,EN_MAT_DOMCMPT,231,MF22,T,2025-05-21T00:00:00,A,0,2023,WESR / Global Material Flows Database,,834628.74057
2005,EN_MAT_DOMCMPT,231,MF22,T,2025-05-21T00:00:00,A,0,2023,WESR / Global Material Flows Database,,995268.15506
2006,EN_MAT_DOMCMPT,231,MF22,T,2025-05-21T00:00:00,A,0,2023,WESR / Global Material Flows Database,,974262.67234
2007,EN_MAT_DOMCMPT,231,MF22,T,2025-05-21T00:00:00,A,0,2023,WESR / Global Material Flows Database,,989734.0123
2008,EN_MAT_DOMCMPT,231,MF22,T,2025-05-21T00:00:00,A,0,2023,WESR / Global Material Flows Database,,1058626.06372
2009,EN_MAT_DOMCMPT,231,MF22,T,2025-05-21T00:00:00,A,0,2023,WESR / Global Material Flows Database,,1122438.93554
2010,EN_MAT_DOMCMPT,231,MF22,T,2025-05-21T00:00:00,A,0,2023,WESR / Global Material Flows Database,,1748524.14348
2011,EN_MAT_DOMCMPT,231,MF22,T,2025-05-21T00:00:00,A,0,2023,WESR / Global Material Flows Database,,2836750.55953
2012,EN_MAT_DOMCMPT,231,MF22,T,2025-05-21T00:00:00,A,0,2023,WESR / Global Material Flows Database,,2994745.49929
2013,EN_MAT_DOMCMPT,231,MF22,T,2025-05-21T00:00:00,A,0,2023,WESR / Global Material Flows Database,,2686053.4022
2014,EN_MAT_DOMCMPT,231,MF22,T,2025-05-21T00:00:00,A,0,2023,WESR / Global Material Flows Database,,2536952.68669
2015,EN_MAT_DOMCMPT,231,MF22,T,2025-05-21T00:00:00,A,0,2023,WESR / Global Material Flows Database,,2290909.60108
2016,EN_MAT_DOMCMPT,231,MF22,T,2025-05-21T00:00:00,A,0,2023,WESR / Global Material Flows Database,,2287632.29167
2017,EN_MAT_DOMCMPT,231,MF22,T,2025-05-21T00:00:00,A,0,2023,WESR / Global Material Flows Database,,1604145.71141
2018,EN_MAT_DOMCMPT,231,MF22,T,2025-05-21T00:00:00,A,0,2023,WESR / Global Material Flows Database,,1322784.37782
2019,EN_MAT_DOMCMPT,231,MF22,T,2025-05-21T00:00:00,A,0,2023,WESR / Global Material Flows Database,,884872.17729
2020,EN_MAT_DOMCMPT,231,MF22,T,2025-05-21T00:00:00,A,0,2023,WESR / Global Material Flows Database,,1759660.41042
2021,EN_MAT_DOMCMPT,231,MF22,T,2025-05-21T00:00:00,A,0,2023,WESR / Global Material Flows Database,,1965258.64423
2022,EN_MAT_DOMCMPT,231,MF22,T,2025-05-21T00:00:00,A,0,2023,WESR / Global Material Flows Database,,2116552.80762
2023,EN_MAT_DOMCMPT,231,MF22,T,2025-05-21T00:00:00,A,0,2023,WESR / Global Material Flows Database,,2272694.33673
2000,EN_MAT_DOMCMPT,231,MF3,T,2025-05-21T00:00:00,A,0,2023,WESR / Global Material Flows Database,,7760192.904
2001,EN_MAT_DOMCMPT,231,MF3,T,2025-05-21T00:00:00,A,0,2023,WESR / Global Material Flows Database,,8485903.805
2002,EN_MAT_DOMCMPT,231,MF3,T,2025-05-21T00:00:00,A,0,2023,WESR / Global Material Flows Database,,7987026.05905
2003,EN_MAT_DOMCMPT,231,MF3,T,2025-05-21T00:00:00,A,0,2023,WESR / Global Material Flows Database,,11561911.67985
2004,EN_MAT_DOMCMPT,231,MF3,T,2025-05-21T00:00:00,A,0,2023,WESR / Global Material Flows Database,,12975114.85655
2005,EN_MAT_DOMCMPT,231,MF3,T,2025-05-21T00:00:00,A,0,2023,WESR / Global Material Flows Database,,14355791.54385
2006,EN_MAT_DOMCMPT,231,MF3,T,2025-05-21T00:00:00,A,0,2023,WESR / Global Material Flows Database,,15952882.40225
2007,EN_MAT_DOMCMPT,231,MF3,T,2025-05-21T00:00:00,A,0,2023,WESR / Global Material Flows Database,,21704829.2579
2008,EN_MAT_DOMCMPT,231,MF3,T,2025-05-21T00:00:00,A,0,2023,WESR / Global Material Flows Database,,23091856.0627
2009,EN_MAT_DOMCMPT,231,MF3,T,2025-05-21T00:00:00,A,0,2023,WESR / Global Material Flows Database,,29092375.17
2010,EN_MAT_DOMCMPT,231,MF3,T,2025-05-21T00:00:00,A,0,2023,WESR / Global Material Flows Database,,23614989.2457
2011,EN_MAT_DOMCMPT,231,MF3,T,2025-05-21T00:00:00,A,0,2023,WESR / Global Material Flows Database,,28202144.4238
2012,EN_MAT_DOMCMPT,231,MF3,T,2025-05-21T00:00:00,A,0,2023,WESR / Global Material Flows Database,,36487875.57846
2013,EN_MAT_DOMCMPT,231,MF3,T,2025-05-21T00:00:00,A,0,2023,WESR / Global Material Flows Database,,30199868.74242
2014,EN_MAT_DOMCMPT,231,MF3,T,2025-05-21T00:00:00,A,0,2023,WESR / Global Material Flows Database,,17815762.78469
2015,EN_MAT_DOMCMPT,231,MF3,T,2025-05-21T00:00:00,A,0,2023,WESR / Global Material Flows Database,,43505324.88607
2016,EN_MAT_DOMCMPT,231,MF3,T,2025-05-21T00:00:00,A,0,2023,WESR / Global Material Flows Database,,57906403.77267
2017,EN_MAT_DOMCMPT,231,MF3,T,2025-05-21T00:00:00,A,0,2023,WESR / Global Material Flows Database,,63485274.47071
2018,EN_MAT_DOMCMPT,231,MF3,T,2025-05-21T00:00:00,A,0,2023,WESR / Global Material Flows Database,,66027786.11344
2019,EN_MAT_DOMCMPT,231,MF3,T,2025-05-21T00:00:00,A,0,2023,WESR / Global Material Flows Database,,66749476.88141
2020,EN_MAT_DOMCMPT,231,MF3,T,2025-05-21T00:00:00,A,0,2023,WESR / Global Material Flows Database,,67456276.02321
2021,EN_MAT_DOMCMPT,231,MF3,T,2025-05-21T00:00:00,A,0,2023,WESR / Global Material Flows Database,,70279644.26354
2022,EN_MAT_DOMCMPT,231,MF3,T,2025-05-21T00:00:00,A,0,2023,WESR / Global Material Flows Database,,72107824.09182
2023,EN_MAT_DOMCMPT,231,MF3,T,2025-05-21T00:00:00,A,0,2023,WESR / Global Material Flows Database,,75673366.84067
2000,EN_MAT_DOMCMPT,231,MF4,T,2025-05-21T00:00:00,A,0,2023,WESR / Global Material Flows Database,,0.0
2001,EN_MAT_DOMCMPT,231,MF4,T,2025-05-21T00:00:00,A,0,2023,WESR / Global Material Flows Database,,0.0
2002,EN_MAT_DOMCMPT,231,MF4,T,2025-05-21T00:00:00,A,0,2023,WESR / Global Material Flows Database,,0.0
2003,EN_MAT_DOMCMPT,231,MF4,T,2025-05-21T00:00:00,A,0,2023,WESR / Global Material Flows Database,,0.0
2004,EN_MAT_DOMCMPT,231,MF4,T,2025-05-21T00:00:00,A,0,2023,WESR / Global Material Flows Database,,0.0
2005,EN_MAT_DOMCMPT,231,MF4,T,2025-05-21T00:00:00,A,0,2023,WESR / Global Material Flows Database,,0.0
2006,EN_MAT_DOMCMPT,231,MF4,T,2025-05-21T00:00:00,A,0,2023,WESR / Global Material Flows Database,,0.0
2007,EN_MAT_DOMCMPT,231,MF4,T,2025-05-21T00:00:00,A,0,2023,WESR / Global Material Flows Database,,0.0
2008,EN_MAT_DOMCMPT,231,MF4,T,2025-05-21T00:00:00,A,0,2023,WESR / Global Material Flows Database,,15000.0
2009,EN_MAT_DOMCMPT,231,MF4,T,2025-05-21T00:00:00,A,0,2023,WESR / Global Material Flows Database,,43000.0
2010,EN_MAT_DOMCMPT,231,MF4,T,2025-05-21T00:00:00,A,0,2023,WESR / Global Material Flows Database,,61000.0
2011,EN_MAT_DOMCMPT,231,MF4,T,2025-05-21T00:00:00,A,0,2023,WESR / Global Material Flows Database,,162000.0
2012,EN_MAT_DOMCMPT,231,MF4,T,2025-05-21T00:00:00,A,0,2023,WESR / Global Material Flows Database,,224000.0
2013,EN_MAT_DOMCMPT,231,MF4,T,2025-05-21T00:00:00,A,0,2023,WESR / Global Material Flows Database,,291000.0
2014,EN_MAT_DOMCMPT,231,MF4,T,2025-05-21T00:00:00,A,0,2023,WESR / Global Material Flows Database,,405000.0
2015,EN_MAT_DOMCMPT,231,MF4,T,2025-05-21T00:00:00,A,0,2023,WESR / Global Material Flows Database,,411000.0
2016,EN_MAT_DOMCMPT,231,MF4,T,2025-05-21T00:00:00,A,0,2023,WESR / Global Material Flows Database,,528000.0
2017,EN_MAT_DOMCMPT,231,MF4,T,2025-05-21T00:00:00,A,0,2023,WESR / Global Material Flows Database,,582000.0
2018,EN_MAT_DOMCMPT,231,MF4,T,2025-05-21T00:00:00,A,0,2023,WESR / Global Material Flows Database,,420000.0
2019,EN_MAT_DOMCMPT,231,MF4,T,2025-05-21T00:00:00,A,0,2023,WESR / Global Material Flows Database,,454785.0
2020,EN_MAT_DOMCMPT,231,MF4,T,2025-05-21T00:00:00,A,0,2023,WESR / Global Material Flows Database,,772729.0
2021,EN_MAT_DOMCMPT,231,MF4,T,2025-05-21T00:00:00,A,0,2023,WESR / Global Material Flows Database,,791406.42951
2022,EN_MAT_DOMCMPT,231,MF4,T,2025-05-21T00:00:00,A,0,2023,WESR / Global Material Flows Database,,799492.48013
2023,EN_MAT_DOMCMPT,231,MF4,T,2025-05-21T00:00:00,A,0,2023,WESR / Global Material Flows Database,,820580.47371
2000,EN_MAT_DOMCMPT,231,MF41,T,2025-05-21T00:00:00,A,0,2023,WESR / Global Material Flows Database,,0.0
2001,EN_MAT_DOMCMPT,231,MF41,T,2025-05-21T00:00:00,A,0,2023,WESR / Global Material Flows Database,,0.0
2002,EN_MAT_DOMCMPT,231,MF41,T,2025-05-21T00:00:00,A,0,2023,WESR / Global Material Flows Database,,0.0
2003,EN_MAT_DOMCMPT,231,MF41,T,2025-05-21T00:00:00,A,0,2023,WESR / Global Material Flows Database,,0.0
2004,EN_MAT_DOMCMPT,231,MF41,T,2025-05-21T00:00:00,A,0,2023,WESR / Global Material Flows Database,,0.0
2005,EN_MAT_DOMCMPT,231,MF41,T,2025-05-21T00:00:00,A,0,2023,WESR / Global Material Flows Database,,0.0
2006,EN_MAT_DOMCMPT,231,MF41,T,2025-05-21T00:00:00,A,0,2023,WESR / Global Material Flows Database,,0.0
2007,EN_MAT_DOMCMPT,231,MF41,T,2025-05-21T00:00:00,A,0,2023,WESR / Global Material Flows Database,,0.0
2008,EN_MAT_DOMCMPT,231,MF41,T,2025-05-21T00:00:00,A,0,2023,WESR / Global Material Flows Database,,15000.0
2009,EN_MAT_DOMCMPT,231,MF41,T,2025-05-21T00:00:00,A,0,2023,WESR / Global Material Flows Database,,43000.0
2010,EN_MAT_DOMCMPT,231,MF41,T,2025-05-21T00:00:00,A,0,2023,WESR / Global Material Flows Database,,61000.0
2011,EN_MAT_DOMCMPT,231,MF41,T,2025-05-21T00:00:00,A,0,2023,WESR / Global Material Flows Database,,162000.0
2012,EN_MAT_DOMCMPT,231,MF41,T,2025-05-21T00:00:00,A,0,2023,WESR / Global Material Flows Database,,224000.0
2013,EN_MAT_DOMCMPT,231,MF41,T,2025-05-21T00:00:00,A,0,2023,WESR / Global Material Flows Database,,291000.0
2014,EN_MAT_DOMCMPT,231,MF41,T,2025-05-21T00:00:00,A,0,2023,WESR / Global Material Flows Database,,405000.0
2015,EN_MAT_DOMCMPT,231,MF41,T,2025-05-21T00:00:00,A,0,2023,WESR / Global Material Flows Database,,411000.0
2016,EN_MAT_DOMCMPT,231,MF41,T,2025-05-21T00:00:00,A,0,2023,WESR / Global Material Flows Database,,528000.0
2017,EN_MAT_DOMCMPT,231,MF41,T,2025-05-21T00:00:00,A,0,2023,WESR / Global Material Flows Database,,582000.0
2018,EN_MAT_DOMCMPT,231,MF41,T,2025-05-21T00:00:00,A,0,2023,WESR / Global Material Flows Database,,420000.0
2019,EN_MAT_DOMCMPT,231,MF41,T,2025-05-21T00:00:00,A,0,2023,WESR / Global Material Flows Database,,454785.0
2020,EN_MAT_DOMCMPT,231,MF41,T,2025-05-21T00:00:00,A,0,2023,WESR / Global Material Flows Database,,772729.0
2021,EN_MAT_DOMCMPT,231,MF41,T,2025-05-21T00:00:00,A,0,2023,WESR / Global Material Flows Database,,791406.42951
2022,EN_MAT_DOMCMPT,231,MF41,T,2025-05-21T00:00:00,A,0,2023,WESR / Global Material Flows Database,,799492.48013
2023,EN_MAT_DOMCMPT,231,MF41,T,2025-05-21T00:00:00,A,0,2023,WESR / Global Material Flows Database,,820580.47371
